,rowIndex,movingAverage,oneStandardDev,upperBand,lowerBand,upperStd,lowerStd
10,1.7,0.0,1.7,1.7,1.7,1.7
11,1.7,0.0,1.7,1.7,1.7,1.7
12,1.6991666666666667,0.0027638539919628354,1.7046943746505925,1.693638958682741,1.7019305206586295,1.696402812674704
14,1.6978571428571432,0.004103259033241453,1.7060636609236262,1.6896506247906602,1.7019604018903847,1.6937538838239017
15,1.6973333333333336,0.004422166387140537,1.7061776661076147,1.6884890005590525,1.701755499720474,1.6929111669461931
16,1.696875,0.0046351240544347935,1.7061452481088695,1.6876047518911304,1.7015101240544348,1.692239875945565
17,1.6964705882352942,0.0047788461203740985,1.7060282804760423,1.686912895994546,1.7012494343556683,1.69169174211492
18,1.6961111111111111,0.00487498021521785,1.7058610715415468,1.6863611506806755,1.700986091326329,1.6912361308958932
19,1.6957894736842105,0.004937279747182562,1.7056640331785757,1.6859149141898453,1.700726753431393,1.690852193937028
20,1.6954999999999998,0.004974937185533104,1.705449874371066,1.6855501256289336,1.700474937185533,1.6905250628144666
21,1.695238095238095,0.004994327848429297,1.7052267509349537,1.6852494395412363,1.7002324230865242,1.6902437673896658
22,1.6949999999999996,0.0050000000000000044,1.7049999999999996,1.6849999999999996,1.6999999999999997,1.6899999999999995
23,1.6947826086956517,0.004995271866554812,1.7047731524287613,1.684792064962542,1.6997778805622066,1.6897873368290968
24,1.6945833333333333,0.004982608642958921,1.7045485506192513,1.6846181160474154,1.6995659419762923,1.6896007246903744
25,1.6948,0.004995998398718723,1.7047919967974374,1.6848080032025627,1.6997959983987188,1.6898040016012814
26,1.6950000000000003,0.0050000000000000044,1.7050000000000003,1.6850000000000003,1.7000000000000002,1.6900000000000004
27,1.6951851851851856,0.004996569467863724,1.705178324120913,1.685192046249458,1.7001817546530493,1.6901886157173218
28,1.6953571428571432,0.00498722858706034,1.705331600031264,1.6853826856830225,1.7003443714442035,1.690369914270083
29,1.695517241379311,0.004973174173053783,1.7054635897254184,1.6855708930332034,1.7004904155523648,1.690544067206257
30,1.6960000000000006,0.005537749241945389,1.7070754984838914,1.6849245015161098,1.701537749241946,1.6904622507580553
31,1.6967741935483875,0.006903527277107328,1.7105812481026021,1.682967138994173,1.703677720825495,1.6898706662712801
32,1.6971875,0.007173900177030629,1.7115353003540614,1.6828396996459387,1.7043614001770306,1.6900135998229695
33,1.6975757575757577,0.007397912494384069,1.7123715825645258,1.6827799325869897,1.704973670070142,1.6901778450813736
34,1.6979411764705883,0.007584586446016258,1.7131103493626207,1.6827720035785558,1.7055257629166045,1.690356590024572
35,1.6982857142857144,0.007740695533796616,1.7137671053533077,1.6828043232181211,1.706026409819511,1.6905450187519178
36,1.6986111111111113,0.007871459619613759,1.7143540303503388,1.6828681918718837,1.706482570730725,1.6907396514914976
37,1.6991891891891893,0.008503855525703938,1.7161969002405972,1.6821814781377813,1.7076930447148932,1.6906853336634853
38,1.6994736842105262,0.008567800313736695,1.7166092848379997,1.6823380835830528,1.7080414845242629,1.6909058838967896
39,1.6997435897435895,0.008619351955882884,1.7169822936553554,1.6825048858318237,1.7083629416994723,1.6911242377877067
40,1.7,0.008660254037844393,1.7173205080756888,1.682679491924311,1.7086602540378444,1.6913397459621555
42,1.7004761904761903,0.008715716770344354,1.717907624016879,1.6830447569355016,1.7091919072465347,1.6917604737058458
43,1.7006976744186042,0.00873255039791563,1.7181627752144355,1.683232573622773,1.7094302248165198,1.6919651240206885
44,1.7009090909090903,0.0087433563916688,1.7183958036924278,1.6834223781257527,1.709652447300759,1.6921657345174215
45,1.7011111111111104,0.008748897637790909,1.718608906386692,1.6836133158355286,1.7098600087489013,1.6923622134733194
46,1.701304347826086,0.008749831216303534,1.7188040102586932,1.683804685393479,1.7100541790423895,1.6925545166097826
47,1.7017021276595736,0.009066925852196822,1.7198359793639673,1.68356827595518,1.7107690535117706,1.6926352018073767
48,1.7020833333333334,0.009344858955002425,1.7207730512433383,1.6833936154233284,1.7114281922883359,1.692738474378331
49,1.7022448979591835,0.009316499763684358,1.7208778974865522,1.683611898431815,1.7115613977228679,1.6929283981954992
50,1.7024,0.009286549412995128,1.7209730988259901,1.6838269011740097,1.7116865494129951,1.6931134505870047
51,1.7027450980392154,0.009513340761339776,1.721771779561895,1.6837184165165358,1.712258438800555,1.6932317572778757
52,1.702884615384615,0.009473959951348932,1.721832535287313,1.6839366954819173,1.712358575335964,1.6934106554332662
53,1.703018867924528,0.009433962264150953,1.7218867924528298,1.684150943396226,1.712452830188679,1.693584905660377
54,1.7031481481481476,0.009393471742942527,1.7219350916340326,1.6843612046622627,1.71254161989109,1.6937546764052052
55,1.7032727272727266,0.009352597199717597,1.7219779216721618,1.6845675328732914,1.7126253244724443,1.693920130073009
56,1.7032142857142858,0.009278843611976137,1.7217719729382381,1.6846565984903334,1.712493129326262,1.6939354421023096
57,1.702982456140351,0.009359283276034493,1.72170102269242,1.684263889588282,1.7123417394163856,1.6936231728643165
58,1.7027586206896552,0.009430892642191279,1.7216204059740379,1.6838968354052726,1.7121895133318465,1.693327728047464
59,1.702542372881356,0.009494551575702325,1.7215314760327607,1.6835532697299513,1.7120369244570584,1.6930478213056537
60,1.7021666666666668,0.009847447497814975,1.7218615616622968,1.682471771671037,1.7120141141644818,1.6923192191688519
61,1.7018032786885249,0.010163934426229518,1.722131147540984,1.6814754098360658,1.7119672131147543,1.6916393442622955
62,1.7014516129032262,0.010449073765642278,1.7223497604345108,1.6805534653719416,1.7119006866688684,1.691002539137584
63,1.7011111111111117,0.010706934573993694,1.7225249802590992,1.6796972419631242,1.7118180456851053,1.690404176537118
64,1.7007812500000001,0.010940847701960767,1.7226629454039217,1.6788995545960785,1.711722097701961,1.6898404022980393
65,1.7004615384615387,0.011153580898702692,1.722768700258944,1.6781543766641334,1.7116151193602414,1.689307957562836
66,1.7001515151515154,0.011347463238395635,1.7228464416283067,1.6774565886747241,1.711498978389911,1.6888040519131198
67,1.6998507462686572,0.011524475876117001,1.7228996980208913,1.676801794516423,1.7113752221447742,1.6883262703925401
68,1.6995588235294123,0.011686319745931673,1.7229314630212758,1.676186184037549,1.711245143275344,1.6878725037834807
69,1.6992753623188412,0.011834467050778912,1.7229442964203991,1.6756064282172833,1.71110982936962,1.6874408952680624
71,1.698732394366198,0.012094647572410433,1.7229216895110189,1.6745430992213772,1.7108270419386085,1.6866377467937876
72,1.6984722222222224,0.01220879944755493,1.7228898211173322,1.6740546233271125,1.7106810216697772,1.6862634227746676
73,1.698219178082192,0.012313537016024249,1.7228462521142405,1.6735921040501436,1.7105327150982164,1.6859056410661677
74,1.6979729729729733,0.0124096442148762,1.7227922614027258,1.6731536845432209,1.7103826171878496,1.6855633287580971
75,1.6977333333333338,0.012497822032480534,1.7227289773982948,1.6727376892683727,1.7102311553658143,1.6852355113008533
76,1.6975000000000002,0.012578699623193431,1.7226573992463872,1.6723426007536133,1.7100786996231936,1.6849213003768069
77,1.6972727272727277,0.012652843593577776,1.7225784144598832,1.6719670400855722,1.7099255708663055,1.68461988367915
78,1.6970512820512824,0.01272076581703041,1.7224928136853432,1.6716097504172216,1.709772047868313,1.684330516234252
79,1.6968354430379753,0.012782930053516087,1.7224013031450074,1.6712695829309432,1.7096183730914913,1.6840525129844592
80,1.6966250000000003,0.012839757591169714,1.7223045151823397,1.6709454848176608,1.70946475759117,1.6837852424088307
81,1.69641975308642,0.012891632081191725,1.7222030172488034,1.6706364889240366,1.7093113851676118,1.6835281210052282
82,1.6962195121951222,0.012938903702800304,1.7220973196007228,1.6703417047895217,1.7091584158979225,1.683280608492322
83,1.6960240963855426,0.012981892768241918,1.7219878819220265,1.6700603108490588,1.7090059891537845,1.6830422036173007
84,1.695833333333334,0.013020892857006815,1.7218751190473476,1.6697915476193204,1.7088542261903408,1.6828124404763272
85,1.69564705882353,0.013056173552004795,1.7217594059275396,1.6695347117195203,1.7087032323755347,1.6825908852715252
86,1.6954651162790704,0.013087982837470463,1.7216410819540113,1.6692891506041294,1.7085530991165407,1.6823771334416
87,1.695172413793104,0.013292645011997516,1.721757703817099,1.6685871237691088,1.7084650588051014,1.6818797687811065
88,1.6948863636363638,0.013483518405632918,1.7218534004476296,1.667919326825098,1.7083698820419968,1.6814028452307308
89,1.6946067415730337,0.013661738565007351,1.7219302187030483,1.667283264443019,1.708268480138041,1.6809450030080264
90,1.694333333333333,0.013828312341794371,1.7219899580169218,1.6666767086497443,1.7081616456751274,1.6805050209915386
91,1.6940659340659336,0.013984137165352368,1.7220342083966385,1.6660976597352288,1.708050071231286,1.6800817969005812
92,1.6938043478260865,0.014130016716223534,1.7220643812585334,1.6655443143936395,1.70793436454231,1.679674331109863
93,1.6935483870967736,0.014266673798384519,1.7220817346935426,1.6650150395000045,1.707815060895158,1.679281713298389
94,1.6932978723404248,0.014394761005631015,1.7220873943516868,1.664508350329163,1.7076926333460558,1.6789031113347939
95,1.6930526315789465,0.014514869632318907,1.7220823708435844,1.6640228923143086,1.7075675012112654,1.6785377619466275
96,1.6928124999999998,0.014627537173085577,1.722067574346171,1.6635574256538286,1.7074400371730853,1.6781849628269143
97,1.6925773195876286,0.014733253678309166,1.7220438269442468,1.6631108122310103,1.7073105732659377,1.6778440659093194
98,1.69234693877551,0.0148324671739276,1.7220118731233651,1.6626820044276547,1.7071794059494374,1.6775144716015824
100,1.6920999999999997,0.014784789481084958,1.7216695789621697,1.6625304210378298,1.7068847894810846,1.6773152105189149
101,1.692178217821782,0.014732194179370998,1.721642606180524,1.66271382946304,1.706910412001153,1.677446023642411
102,1.692254901960784,0.014680042658022802,1.7216149872768296,1.6628948166447384,1.7069349446188067,1.6775748593027613
103,1.692330097087378,0.01462833289515744,1.7215867628776929,1.6630734312970632,1.7069584299825356,1.6777017641922205
104,1.692403846153846,0.014577062613498996,1.721557971380844,1.663249720926848,1.7069809087673449,1.677826783540347
105,1.6924761904761902,0.014526229306619152,1.7215286490894286,1.663423731862952,1.7070024197828093,1.6779499611695712
106,1.6925471698113204,0.014475830262936671,1.7214988303371936,1.663595509285447,1.707023000074257,1.6780713395483837
107,1.692616822429906,0.014425862587671345,1.7214685476052487,1.6637650972545635,1.7070426850175775,1.6781909598422347
108,1.6926851851851847,0.014376323222929819,1.7214378316310444,1.6639325387393251,1.7070615084081147,1.6783088619622548
109,1.692752293577981,0.014327208966084392,1.72140671151015,1.6640978756458122,1.7070795025440655,1.6784250846118967
110,1.6928181818181811,0.014278516486591022,1.7213752147913632,1.664261148844999,1.7070966983047722,1.67853966533159
111,1.6928828828828821,0.014230242341379573,1.7213433675656413,1.664422398200123,1.7071131252242617,1.6786526405415025
112,1.6929464285714286,0.014182382988937307,1.7213111945493031,1.6645816625935541,1.707128811560366,1.6787640455824913
113,1.6930088495575222,0.0141349348021957,1.7212787191619137,1.6647389799531307,1.707143784359718,1.6788739147553264
114,1.6930701754385964,0.014087894080321033,1.7212459635992385,1.6648943872779542,1.7071580695189175,1.6789822813582753
115,1.6931304347826086,0.014041257059500207,1.721212948901609,1.6650479206636082,1.7071716918421087,1.6790891777231085
116,1.6931034482758618,0.013983598342063195,1.7210706449599882,1.6651362515917354,1.7070870466179249,1.6791198499337987
117,1.693076923076923,0.013926641655384906,1.7209302063876928,1.665223639766153,1.7070035647323079,1.679150281421538
118,1.693050847457627,0.013870372923772733,1.7207915933051723,1.6653101016100815,1.7069212203813997,1.679180474533854
119,1.6930252100840333,0.013814778461758326,1.72065476700755,1.6653956531605165,1.7068399885457917,1.679210431622275
120,1.6930000000000003,0.013759844960366873,1.720519689920734,1.6654803100792666,1.7067598449603671,1.6792401550396334
121,1.6929752066115704,0.013705559473969023,1.7203863255595084,1.6655640876636324,1.7066807660855394,1.6792696471376014
122,1.693032786885246,0.013663961469974333,1.7203607098251945,1.6657048639452974,1.7066967483552202,1.6793688254152717
123,1.693089430894309,0.013622678443272527,1.720334787780854,1.665844074007764,1.7067121093375814,1.6794667524510365
124,1.693225806451613,0.013651679980321836,1.7205291664122566,1.6659224464909694,1.706877486431935,1.6795741264712911
125,1.6933600000000002,0.013678830359354575,1.7207176607187094,1.666002339281291,1.7070388303593547,1.6796811696406457
126,1.6934920634920636,0.013704214408983742,1.720900492310031,1.6660836346740961,1.7071962779010474,1.6797878490830798
127,1.6936220472440948,0.013727912328943326,1.7210778719019815,1.6661662225862082,1.7073499595730381,1.6798941349151515
129,1.693875968992248,0.013770549268704918,1.7214170675296578,1.6663348704548382,1.707646518260953,1.680105419723543
130,1.6939999999999997,0.01378962820941328,1.7215792564188264,1.666420743581173,1.707789628209413,1.6802103717905865
131,1.69412213740458,0.013807301365727522,1.721736740136035,1.666507534673125,1.7079294387703077,1.6803148360388525
132,1.694242424242424,0.013823629973281277,1.7218896841889866,1.6665951642958616,1.7080660542157053,1.6804187942691429
133,1.6943609022556387,0.01383867216557412,1.722038246586787,1.6666835579244905,1.7081995744212128,1.6805222300900646
134,1.694477611940298,0.013852483164384618,1.7221825782690672,1.6667726456115288,1.7083300951046827,1.6806251287759133
135,1.6945925925925922,0.013865115456129362,1.7223228235048509,1.6668623616803335,1.7084577080487215,1.6807274771364629
136,1.6947058823529413,0.013876618955394658,1.7224591202637305,1.666952644442152,1.708582501308336,1.6808292633975466
137,1.694817518248175,0.01388704115674334,1.7225916005616617,1.6670434359346884,1.7087045594049184,1.6809304770914317
138,1.6949275362318839,0.013896427275789137,1.722720390783462,1.6671346816803057,1.708823963507673,1.6810311089560948
139,1.6950359712230214,0.01390482038043361,1.7228456119838886,1.6672263304621542,1.708940791603455,1.681131150842588
140,1.695142857142857,0.013912261513074129,1.7229673801690053,1.6673183341167088,1.7090551186559313,1.6812305956297828
141,1.6952482269503544,0.013918789804514354,1.723085806559383,1.6674106473413257,1.7091670167548687,1.68132943714584
142,1.6953521126760565,0.013924442580240082,1.7232009978365366,1.6675032275155763,1.7092765552562965,1.6814276700958164
143,1.6954545454545453,0.013929255459661926,1.7233130563738692,1.6675960345352214,1.7093838009142073,1.6815252899948834
144,1.6955555555555557,0.013933262448871626,1.723422080453299,1.6676890306578125,1.7094888180044274,1.681622293106684
145,1.6956551724137932,0.013936496027409399,1.723528164468612,1.6677821803589743,1.7095916684412025,1.6817186763863838
146,1.6958219178082192,0.014033074889081149,1.7238880675863815,1.667755768030057,1.7098549926973003,1.681788842919138
147,1.695986394557823,0.014125764753029478,1.724237924063882,1.667734865051764,1.7101121593108526,1.6818606298047936
148,1.6961486486486488,0.014214745325201445,1.7245781392990516,1.667719157998246,1.7103633939738503,1.6819339033234473
149,1.6962416107382552,0.014212033376949831,1.724665677492155,1.6678175439843554,1.710453644115205,1.6820295773613054
150,1.6963333333333337,0.014208760990631425,1.7247508553145965,1.667915811352071,1.710542094323965,1.6821245723427023
151,1.6963758389261745,0.014293884039703782,1.724963607005582,1.667788070846767,1.7106697229658783,1.6820819548864707
152,1.696418918918919,0.014379515043467846,1.7251779490058545,1.6676598888319834,1.7107984339623867,1.6820394038754511
153,1.6963265306122448,0.0144317126544364,1.7251899559211177,1.667463105303372,1.7107582432666812,1.6818948179578084
154,1.6962328767123287,0.014483831843652822,1.7252005403996344,1.667265213025023,1.7107167085559816,1.6817490448686758
155,1.6961379310344828,0.014535863230551982,1.7252096574955869,1.6670662045733788,1.7106737942650347,1.681602067803931
156,1.696111111111111,0.014582671942674109,1.7252764549964592,1.6669457672257626,1.710693783053785,1.6815284391684369
157,1.696083916083916,0.014677653679366468,1.725439223442649,1.6667286087251831,1.7107615697632825,1.6814062624045496
159,1.6960283687943265,0.014869619302128495,1.7257676073985835,1.6662891301900695,1.710897988096455,1.681158749492198
160,1.6960000000000002,0.014966629547095777,1.7259332590941918,1.6660667409058085,1.710966629547096,1.6810333704529044
161,1.6959712230215829,0.015064342789649826,1.7260999086008826,1.6658425374422832,1.7110355658112326,1.6809068802319331
162,1.6959420289855074,0.015162772927131104,1.7262675748397696,1.6656164831312452,1.7111048019126385,1.6807792560583763
163,1.6957664233576641,0.015269961339977857,1.7263063460376198,1.6652265006777085,1.711036384697642,1.6804964620176863
164,1.6955882352941176,0.01537591249718558,1.7263400602884889,1.6648364102997464,1.7109641477913031,1.6802123227969321
165,1.6953333333333336,0.015434449203720313,1.7262022317407741,1.664464434925893,1.710767782537054,1.6798988841296132
166,1.6949253731343286,0.015344125652019093,1.7256136244383669,1.6642371218302903,1.7102694987863476,1.6795812474823095
167,1.6945864661654138,0.01534129412915111,1.725269054423716,1.6639038779071116,1.7099277602945648,1.6792451720362627
168,1.694242424242424,0.015330757958352696,1.7249039401591295,1.6635809083257187,1.7095731822007767,1.6789116662840715
169,1.69381679389313,0.015206367452318285,1.7242295287977665,1.6634040589884933,1.709023161345448,1.6786104264408117
170,1.6934615384615386,0.015176476659191444,1.7238144917799214,1.6631085851431557,1.70863801512073,1.678285061802347
171,1.6931007751937983,0.015137532266522348,1.723375839726843,1.6628257106607536,1.7082383074603207,1.677963242927276
172,1.6926562500000002,0.015180393141730567,1.7230170362834614,1.662295463716539,1.7078366431417307,1.6774758568582697
173,1.692204724409449,0.015210511586377554,1.722625747582204,1.6617837012366938,1.7074152359958266,1.6769942128230713
174,1.6915873015873015,0.014982142725761132,1.7215515870388238,1.6616230161357792,1.7065694443130626,1.6766051588615405
175,1.6911199999999995,0.014978170782842623,1.7210763415656847,1.6611636584343143,1.7060981707828422,1.6761418292171568
176,1.6907258064516124,0.014710835763673158,1.7201474779789587,1.661304134924266,1.7054366422152856,1.6760149706879393
177,1.6902439024390241,0.01467609164838456,1.7195960857357933,1.660891719142255,1.7049199940874087,1.6755678107906395
178,1.6899180327868852,0.0146262677264394,1.719170568239764,1.6606654973340065,1.7045443005133247,1.6752917650604457
179,1.6898347107438019,0.014713993512354846,1.7192626977685115,1.6604067237190923,1.7045487042561567,1.675120717231447
180,1.6898333333333333,0.014775166853729805,1.719383667040793,1.6602829996258737,1.704608500187063,1.6750581664796036
181,1.6899159663865546,0.014809479040271762,1.719534924467098,1.6602970083060111,1.7047254454268264,1.6751064873462829
182,1.6900000000000002,0.014843819692075485,1.7196876393841511,1.6603123606158492,1.7048438196920757,1.6751561803079247
183,1.6900854700854704,0.014878179197469409,1.7198418284804091,1.6603291116905317,1.7049636492829399,1.675207290888001
184,1.6901724137931038,0.014912547287012919,1.7199975083671297,1.6603473192190779,1.7050849610801166,1.675259866506091
185,1.6903478260869567,0.014916022012098493,1.7201798701111537,1.6605157820627596,1.7052638480990552,1.6754318040748581
186,1.6905263157894737,0.014917439768057074,1.7203611953255877,1.6606914362533596,1.7054437555575308,1.6756088760214165
188,1.6908928571428572,0.014913654543294713,1.7207201662294467,1.6610655480562677,1.7058065116861518,1.6759792025995626
189,1.6910810810810812,0.01490820871599108,1.7208974985130634,1.661264663649099,1.7059892897970723,1.6761728723650902
190,1.6912727272727273,0.014900219089853013,1.7210731654524334,1.6614722890930211,1.7061729463625803,1.6763725081828742
191,1.691467889908257,0.014889543654068527,1.7212469772163939,1.66168880260012,1.7063574335623255,1.6765783462541883
192,1.6916666666666667,0.01487603093221766,1.721418728531102,1.6619146048022313,1.7065426975988842,1.676790635734449
193,1.6918691588785049,0.014859519188300419,1.7215881972551057,1.662150120501904,1.7067286780668054,1.6770096396902043
194,1.6922641509433962,0.014619902360611723,1.7215039556646197,1.6630243462221728,1.706884053304008,1.6776442485827845
195,1.6926666666666668,0.01436043948569202,1.7213875456380507,1.6639457876952828,1.7070271061523588,1.6783062271809748
196,1.6930769230769231,0.014079234782863955,1.7212353926426511,1.6649184535111952,1.7071561578597871,1.6789976882940592
197,1.693495145631068,0.013774095418227737,1.7210433364675235,1.6659469547946126,1.7072692410492958,1.6797210502128403
198,1.693921568627451,0.013442460000786373,1.7208064886290237,1.667036648625878,1.7073640286282372,1.6804791086266646
199,1.6944554455445544,0.01308579817628261,1.7206270418971197,1.6682838491919891,1.707541243720837,1.6813696473682718
200,1.6947999999999999,0.01299846144741755,1.720796922894835,1.6688030771051647,1.7077984614474173,1.6818015385525824
201,1.6947474747474744,0.013053381801333433,1.7208542383501413,1.6686407111448076,1.7078008565488079,1.681694092946141
202,1.6946938775510205,0.013108968859389173,1.7209118152697989,1.6684759398322422,1.7078028464104098,1.6815849086916312
203,1.694639175257732,0.013165235043583162,1.7209696453448982,1.6683087051705656,1.707804410301315,1.6814739402141488
204,1.6944791666666668,0.013218499636452287,1.7209161659395713,1.6680421673937622,1.7076976663031191,1.6812606670302144
205,1.6942105263157887,0.013343947760249036,1.7208984218362868,1.6675226307952906,1.7075544740760378,1.6808665785555397
206,1.6939361702127658,0.013465328614424241,1.7208668274416143,1.6670055129839172,1.70740149882719,1.6804708415983416
207,1.6936559139784946,0.01358247972011883,1.7208208734187322,1.666490954538257,1.7072383936986133,1.6800734342583759
208,1.6934782608695655,0.013707724148203876,1.7208937091659733,1.6660628125731578,1.7071859850177695,1.6797705367213616
209,1.6934065934065936,0.013845281674955483,1.7210971567565045,1.6657160300566827,1.707251875081549,1.6795613117316381
210,1.693111111111111,0.014348398628762615,1.7218079083686362,1.6644143138535858,1.7074595097398737,1.6787627124823483
211,1.6926966292134829,0.014822094420823972,1.7223408180551307,1.663052440371835,1.7075187236343068,1.677874534792659
212,1.6920454545454542,0.015162685276473586,1.7223708250984013,1.661720083992507,1.7072081398219279,1.6768827692689805
213,1.691264367816092,0.015373106664184373,1.7220105811444606,1.6605181544877232,1.7066374744802764,1.6758912611519075
214,1.6904651162790694,0.015544906946110156,1.7215549301712896,1.6593753023868492,1.7060100232251796,1.6749202093329592
215,1.689647058823529,0.015676663722461112,1.7210003862684513,1.6582937313786068,1.70532372254599,1.673970395101068
217,1.6879518072289157,0.015812076835202825,1.7195759608993213,1.65632765355851,1.7037638840641185,1.6721397303937129
218,1.687073170731707,0.015810447678674993,1.718694066089057,1.655452275374357,1.702883618410382,1.6712627230530321
219,1.6861728395061726,0.015758039393193944,1.7176889182925605,1.6546567607197846,1.7019308788993666,1.6704148001129786
220,1.6853749999999998,0.015487394067434341,1.7163497881348686,1.654400211865131,1.7008623940674341,1.6698876059325656
221,1.684683544303797,0.015080832250309052,1.7148452088044153,1.6545218798031789,1.6997643765541062,1.669602712053488
222,1.683974358974359,0.014618195860984767,1.7132107506963286,1.6547379672523894,1.6985925548353438,1.6693561631133742
223,1.683116883116883,0.013794384351455824,1.7107056518197947,1.6555281144139713,1.6969112674683389,1.6693224987654272
224,1.6819736842105264,0.012567683792182123,1.7071090517948906,1.6568383166261622,1.6945413680027086,1.6694060004183442
225,1.6812,0.01177115117564974,1.7047423023512995,1.6576576976487005,1.6929711511756498,1.6694288488243503
226,1.6805405405405403,0.010891590097086434,1.702323720734713,1.6587573603463674,1.6914321306376268,1.6696489504434537
227,1.6805479452054795,0.01108996967014198,1.7027278845457634,1.6583680058651955,1.6916379148756215,1.6694579755353374
228,1.6805555555555554,0.011290223018278662,1.7031360015921126,1.657975109518998,1.6918457785738341,1.6692653325372766
229,1.6808450704225353,0.01159728949309235,1.70403964940872,1.6576504914363506,1.6924423599156275,1.669247780929443
230,1.6811428571428573,0.011897521607804018,1.7049379003584653,1.6573478139272493,1.6930403787506614,1.6692453355350532
231,1.6814492753623187,0.012191154112935134,1.705831583588189,1.6570669671364484,1.6936404294752538,1.6692581212493836
232,1.6817647058823528,0.012478354962115554,1.706721415806584,1.6568079959581217,1.6942430608444683,1.6692863509202374
233,1.682238805970149,0.013023617527387165,1.7082860410249232,1.6561915709153747,1.6952624234975362,1.6692151884427617
234,1.6827272727272724,0.013545149477955775,1.709817571683184,1.6556369737713608,1.6962724222052281,1.6691821232493167
235,1.6832307692307689,0.014044729896648877,1.7113202290240666,1.6551413094374712,1.6972754991274177,1.66918603933412
236,1.68390625,0.014428399458619809,1.7127630489172396,1.6550494510827602,1.6983346494586198,1.66947785054138
237,1.6847619047619042,0.014677176197545197,1.7141162571569946,1.655407552366814,1.6994390809594495,1.670084728564359
238,1.6853225806451606,0.01499653098977786,1.7153156426247163,1.655329518665605,1.7003191116349385,1.6703260496553827
239,1.6860655737704913,0.015287269805737413,1.716640113381966,1.6554910341590166,1.7013528435762286,1.670778303964754
240,1.686666666666666,0.015670212364724222,1.7180070913961145,1.6553262419372177,1.7023368790313904,1.6709964543019418
241,1.6872881355932199,0.01603285910560743,1.7193538538044348,1.655222417382005,1.7033209946988273,1.6712552764876125
242,1.6879310344827583,0.016374772511150038,1.7206805795050584,1.6551814894604582,1.7043058069939083,1.6715562619716082
243,1.6882456140350874,0.01676701095013386,1.7217796359353552,1.6547115921348197,1.7050126249852213,1.6714786030849536
244,1.6885714285714286,0.017157731642091893,1.7228868918556124,1.6542559652872448,1.7057291602135205,1.6714136969293367
246,1.6892592592592588,0.017935259278227058,1.7251297778157129,1.6533887407028047,1.707194518537486,1.6713239999810316
247,1.6894339622641505,0.018162276303560588,1.7257585148712717,1.6531094096570293,1.707596238567711,1.67127168596059
248,1.6896153846153843,0.018393303386489777,1.726401991388364,1.6528287778424047,1.708008688001874,1.6712220812288945
249,1.69,0.0187867287325545,1.727573457465109,1.652426542534891,1.7087867287325544,1.6712132712674455
250,1.6899999999999997,0.019078784028338926,1.7281575680566776,1.6518424319433218,1.7090787840283386,1.6709212159716609
251,1.6899999999999997,0.01937808566607221,1.7287561713321442,1.6512438286678552,1.7093780856660719,1.6706219143339276
252,1.6902083333333333,0.01973676595989212,1.7296818652531176,1.650734801413549,1.7099450992932255,1.6704715673734412
253,1.6910638297872336,0.020024882665280776,1.7311135951177952,1.651014064456672,1.7110887124525143,1.6710389471219529
254,1.6917391304347817,0.02014127795113127,1.7320216863370443,1.6514565745325192,1.711880408385913,1.6715978524836506
255,1.6928888888888887,0.01973403402159409,1.732356956932077,1.6534208208457004,1.7126229229104828,1.6731548548672945
256,1.6945454545454546,0.018641906049463544,1.7318292666443817,1.6572616424465274,1.7131873605949182,1.675903548495991
257,1.6962790697674421,0.01725637810147829,1.7307918259703987,1.6617663135644856,1.7135354478689204,1.6790226916659639
258,1.6980952380952379,0.01546703025610641,1.7290292986074507,1.667161177583025,1.7135622683513443,1.6826282078391315
259,1.7000000000000002,0.013066434376564767,1.7261328687531297,1.6738671312468707,1.713066434376565,1.6869335656234354
260,1.702,0.010535653752852748,1.7230713075057054,1.6809286924942946,1.7125356537528527,1.6914643462471473
261,1.7033333333333336,0.009428090415820642,1.7221895141649748,1.6844771525016924,1.7127614237491542,1.693905242917513
262,1.705263157894737,0.007158668688808133,1.7195804952723532,1.6909458205171208,1.7124218265835451,1.698104489205929
263,1.706756756756757,0.005720543375274796,1.7181978435073066,1.6953156700062073,1.7124773001320317,1.7010362133814823
264,1.7075,0.0059511903571190464,1.719402380714238,1.695597619285762,1.713451190357119,1.701548809642881
265,1.7082857142857142,0.0060877930721892955,1.7204613004300928,1.6961101281413355,1.7143735073579034,1.702197921213525
266,1.7091176470588234,0.006120191778436716,1.7213580306156968,1.69687726350195,1.7152378388372602,1.7029974552803866
267,1.709090909090909,0.006210273191490671,1.7215114554738904,1.6966703627079276,1.7153011822823996,1.7028806358994184
268,1.709375,0.006584783595532968,1.722544567191066,1.6962054328089342,1.7159597835955331,1.702790216404467
269,1.7093548387096773,0.006689174630105722,1.7227331879698888,1.6959764894494658,1.716044013339783,1.7026656640795717
270,1.7093333333333334,0.006798692684790386,1.7229307187029141,1.6957359479637526,1.7161320260181236,1.702534640648543
271,1.7093103448275861,0.0069137716054356695,1.7231378880384576,1.6954828016167147,1.7162241164330219,1.7023965732221504
272,1.7092857142857143,0.007034898429854368,1.723355511145423,1.6952159174260055,1.7163206127155686,1.70225081585586
274,1.71,0.006793662204867581,1.723587324409735,1.6964126755902649,1.7167936622048676,1.7032063377951323
275,1.71,0.006928203230275516,1.723856406460551,1.6961435935394489,1.7169282032302755,1.7030717967697244
276,1.71,0.007071067811865482,1.724142135623731,1.695857864376269,1.7170710678118655,1.7029289321881345
277,1.7108695652173913,0.0071706184793350666,1.7252108021760615,1.6965283282587211,1.7180401836967263,1.7036989467380563
278,1.7122727272727274,0.00669587266484375,1.7256644726024148,1.69888098194304,1.7189685999375712,1.7055768546078836
279,1.7138095238095237,0.005753831415997421,1.7253171866415185,1.702301860977529,1.7195633552255212,1.7080556923935262
280,1.7149999999999999,0.0050000000000000044,1.7249999999999999,1.7049999999999998,1.7199999999999998,1.71
281,1.7152631578947366,0.004993069989739551,1.7252492978742158,1.7052770179152574,1.7202562278844762,1.710270087904997
282,1.7149999999999999,0.0050000000000000044,1.7249999999999999,1.7049999999999998,1.7199999999999998,1.71
283,1.7141176470588235,0.004921529567847507,1.7239607061945186,1.7042745879231285,1.719039176626671,1.709196117490976
284,1.7125,0.0075000000000000075,1.7275,1.6974999999999998,1.72,1.7049999999999998
285,1.7113333333333334,0.009568466729604892,1.7304702667925431,1.6921963998741236,1.7209018000629384,1.7017648666037284
286,1.7100000000000004,0.011338934190276826,1.7326778683805542,1.6873221316194467,1.7213389341902772,1.6986610658097236
287,1.7076923076923078,0.014225570776082268,1.7361434492444723,1.6792411661401434,1.7219178784683902,1.6934667369162255
288,1.7066666666666663,0.014907119849998611,1.7364809063666635,1.6768524269666691,1.721573786516665,1.6917595468166677
289,1.7036363636363634,0.01431637795274876,1.732269119541861,1.6750036077308659,1.7179527415891123,1.6893199856836145
290,1.7,0.012649110640673528,1.725298221281347,1.674701778718653,1.7126491106406734,1.6873508893593265
291,1.6955555555555553,0.008314794192830988,1.7121851439412172,1.6789259671698933,1.7038703497483862,1.6872407613627243
292,1.6949999999999998,0.007071067811865481,1.7091421356237309,1.6808578643762688,1.7020710678118653,1.6879289321881343
293,1.697142857142857,0.006998542122237658,1.7111399413873323,1.6831457728983819,1.7041413992650947,1.6901443150206195
294,1.7,0.0,1.7,1.7,1.7,1.7
295,1.7,0.0,1.7,1.7,1.7,1.7
296,1.7,0.0,1.7,1.7,1.7,1.7
297,1.6866666666666665,0.018856180831641284,1.7243790283299492,1.648954305003384,1.7055228474983077,1.6678104858350253
298,1.66,0.0,1.66,1.66,1.66,1.66
299,1.66,0.0,1.66,1.66,1.66,1.66
300,1.6945666666666668,0.015858085915043132,1.726282838496753,1.6628504948365805,1.71042475258171,1.6787085807516235
302,1.6945302013422818,0.01590494290100703,1.726340087144296,1.6627203155402677,1.7104351442432888,1.6786252584412749
303,1.6945117845117843,0.01592852393014795,1.7263688323720803,1.6626547366514883,1.7104403084419322,1.6785832605816364
304,1.6944932432432431,0.01595220760017909,1.7263976584436014,1.6625888280428849,1.7104454508434221,1.6785410356430641
305,1.6944745762711864,0.01597599463199307,1.7264265655351725,1.6625225870072002,1.7104505709031794,1.6784985816391933
306,1.694455782312925,0.015999885753213306,1.7264555538193516,1.6624560108064983,1.7104556680661382,1.6784558965597116
307,1.6944368600682593,0.01602388169826769,1.7264846234647948,1.6623890966717239,1.710460741766527,1.6784129783699917
308,1.694417808219178,0.016047983208463016,1.7265137746361041,1.662321841802252,1.710465791427641,1.678369825010715
309,1.694398625429553,0.016072191032060243,1.7265430074936736,1.6622542433654326,1.7104708164616134,1.6783264343974929
310,1.6943793103448277,0.01609650592435054,1.7265723221935287,1.6621862984961266,1.7104758162691782,1.6782828044204772
311,1.6943598615916953,0.016120928647732197,1.7266017188871596,1.662118004296231,1.7104807902394275,1.678238932943963
312,1.694375,0.016146841366382204,1.7266686827327644,1.6620813172672355,1.710521841366382,1.6782281586336179
313,1.694390243902439,0.01617287838978873,1.7267360006820165,1.6620444871228615,1.7105631222922277,1.6782173655126502
314,1.6944055944055942,0.016199040704670677,1.7268036758149357,1.6620075129962528,1.7106046351102648,1.6782065537009236
315,1.6944210526315788,0.01622532930860477,1.7268717112487884,1.6619703940143693,1.7106463819401836,1.678195723322974
316,1.6944366197183098,0.01625174521017706,1.7269401101386639,1.6619331292979558,1.710688364928487,1.6781848745081327
317,1.694452296819788,0.016278289429137005,1.727008875678062,1.661895717961514,1.7107305862489248,1.678174007390651
318,1.6944680851063831,0.016304962996554102,1.7270780110994914,1.6618581591132748,1.7107730481029373,1.678163122109829
319,1.6944839857651244,0.01633176695497716,1.7271475196750787,1.66182045185517,1.7108157527201016,1.6781522188101472
320,1.6945000000000001,0.016358702358596273,1.7272174047171927,1.6617825952828076,1.7108587023585964,1.6781412976414039
321,1.694516129032258,0.01638577027340751,1.7272876695790729,1.661744588485443,1.7109018993056655,1.6781303587588503
322,1.6945323741007192,0.016412971777380388,1.72735831765548,1.6617064305459583,1.7109453458780997,1.6781194023233388
323,1.694548736462094,0.016440307960628217,1.7274293523833504,1.6616681205408375,1.710989044422722,1.6781084285014658
324,1.6945652173913044,0.016467779925581322,1.727500777242467,1.6616296575401417,1.7110329973168856,1.6780974374657232
325,1.6945454545454546,0.016494426807333436,1.7275343081601215,1.6615566009307876,1.711039881352788,1.678051027738121
326,1.6945255474452554,0.01652120084179866,1.7275679491288527,1.6614831457616581,1.7110467482870542,1.6780043466034567
327,1.6945054945054945,0.016548103015154136,1.7276017005358026,1.6614092884751863,1.7110535975206487,1.6779573914903403
329,1.6944649446494466,0.016602295774890193,1.727669536199227,1.6612603530996664,1.7110672404243368,1.6778626488745565
330,1.6944074074074074,0.016606021351615683,1.7276194501106388,1.661195364704176,1.711013428759023,1.6778013860557917
331,1.6943122676579925,0.016563246982998516,1.7274387616239895,1.6611857736919955,1.710875514640991,1.6777490206749939
332,1.6942537313432835,0.016566323765156925,1.7273863788735973,1.6611210838129697,1.7108200551084405,1.6776874075781265
333,1.6941947565543072,0.016569213889342252,1.7273331843329918,1.6610563287756226,1.7107639704436495,1.6776255426649649
334,1.6941353383458646,0.01657191298774805,1.7272791643213607,1.6609915123703685,1.7107072513336126,1.6775634253581166
335,1.6940754716981132,0.016574416585655734,1.7272243048694247,1.6609266385268018,1.710649888283769,1.6775010551124574
336,1.6940151515151516,0.01657672009836288,1.7271685917118773,1.6608617113184259,1.7105918716135144,1.6774384314167887
337,1.693916349809886,0.016530437382602528,1.726977224575091,1.660855475044681,1.7104467871924884,1.6773859124272834
338,1.693854961832061,0.016532005571153505,1.7269189729743681,1.660790950689754,1.7103869674032146,1.6773229562609075
339,1.6937931034482758,0.016533355068836176,1.726859813585948,1.6607263933106036,1.710326458517112,1.6772597483794396
340,1.6937307692307693,0.016534480737369357,1.726799730705508,1.6606618077560305,1.7102652499681386,1.6771962884934
341,1.6936679536679535,0.016535377309342916,1.7267387082866394,1.6605971990492676,1.7102033309772964,1.6771325763586107
342,1.6936046511627907,0.016536039384378715,1.7266767299315482,1.6605325723940332,1.7101406905471694,1.677068611778412
343,1.6935408560311285,0.016536461425155465,1.7266137788814393,1.6604679331808176,1.710077317456284,1.677004394605973
344,1.6934765625000001,0.01653663775329176,1.7265498380065836,1.6604032869934167,1.710013200253292,1.6769399247467083
345,1.6934117647058824,0.016536562545081197,1.7264848897960448,1.66033863961572,1.7099483272509637,1.676875202160801
346,1.6933464566929135,0.016536229827073468,1.7264189163470605,1.6602739970387665,1.709882686519987,1.67681022686584
347,1.6932411067193676,0.01648358777599248,1.7262082822713525,1.6602739311673826,1.7097246944953601,1.676757518943375
348,1.6931349206349204,0.016429673684363117,1.7259942680036466,1.6602755732661942,1.7095645943192836,1.6767052469505572
349,1.6930677290836653,0.016427778510654772,1.725923286104975,1.6602121720623557,1.7094955075943201,1.6766399505730105
350,1.6929999999999998,0.01642558979154175,1.7258511795830833,1.6601488204169164,1.7094255897915416,1.676574410208458
351,1.69289156626506,0.01636899708040478,1.7256295604258696,1.6601535721042506,1.709260563345465,1.6765225691846553
352,1.6928225806451613,0.016365802458616702,1.7255541855623948,1.6600909757279279,1.709188383103778,1.6764567781865447
353,1.6927530364372465,0.016362286945897492,1.7254776103290415,1.6600284625454516,1.709115323383144,1.676390749491349
354,1.6926829268292682,0.016358442823089014,1.7253998124754464,1.65996604118309,1.7090413696523572,1.6763244840061793
355,1.692612244897959,0.01635426216247009,1.7253207692228991,1.659903720573019,1.7089665070604292,1.6762579827354889
357,1.6925925925925924,0.0164137183749336,1.7254200293424595,1.6597651558427253,1.709006310967526,1.6761788742176589
358,1.692603305785124,0.016446748197192898,1.7254968021795098,1.659709809390738,1.7090500539823168,1.6761565575879311
359,1.6926141078838173,0.016479978048719816,1.725574063981257,1.6596541517863777,1.7090940859325372,1.6761341298350974
360,1.6926666666666668,0.01649410669165069,1.725654880049968,1.6596784532833655,1.7091607733583174,1.6761725599750161
361,1.6927196652719663,0.016508171879408434,1.7257360090307832,1.6597033215131494,1.7092278371513747,1.6762114933925578
362,1.6927731092436973,0.016522170984168003,1.7258174512120332,1.6597287672753613,1.7092952802278654,1.6762509382595292
363,1.692827004219409,0.016536101302893638,1.7258992068251962,1.6597548016136217,1.7093631055223026,1.6762909029165152
364,1.6928813559322033,0.016549960055011168,1.7259812760422257,1.659781435822181,1.7094313159872145,1.6763313958771922
365,1.6929361702127659,0.01656374437999819,1.7260636589727623,1.6598086814527695,1.709499914592764,1.6763724258327677
366,1.692991452991453,0.016577451334888943,1.7261463556612309,1.659836550321675,1.7095689043263418,1.676414001656564
367,1.693047210300429,0.016591077891690304,1.7262293660838097,1.6598650545170484,1.7096382881921193,1.6764561324087388
368,1.6931034482758618,0.016604620934705383,1.7263126901452726,1.659894206406451,1.709708069210567,1.6764988273411565
369,1.693160173160173,0.016618077257760832,1.7263963276756948,1.6599240186446513,1.709778250417934,1.6765420959024122
370,1.6932173913043476,0.01663144356133399,1.7264802784270155,1.6599545041816797,1.7098488348656815,1.6765859477430136
371,1.6932751091703055,0.016644716449575592,1.7265645420694566,1.6599856762711545,1.709919825619881,1.67663039272073
372,1.693333333333333,0.016657892427223785,1.7266491181877806,1.6600175484788853,1.7099912257605567,1.676675440906109
373,1.6933920704845813,0.016670967896404872,1.726734006277391,1.6600501346917715,1.710063038380986,1.6767211025881765
374,1.6934513274336283,0.016683939153315945,1.72681920574026,1.6600834491269965,1.7101352665869443,1.6767673882803122
375,1.6935111111111112,0.016696802384784448,1.72690471588068,1.6601175063415423,1.7102079134958956,1.6768143087263268
376,1.6935714285714287,0.016709553664699422,1.7269905359008275,1.66015232124203,1.7102809822361282,1.6768618749067292
377,1.6936322869955154,0.016722188950308848,1.727076664896133,1.6601879090948977,1.7103544759458242,1.6769100980452065
378,1.6936936936936935,0.016734704078377412,1.7271631018504483,1.6602242855369387,1.710428397772071,1.676958989615316
379,1.6937556561085974,0.016747094761198518,1.7272498456309944,1.6602614665862003,1.7105027508697959,1.6770085613473988
380,1.6938181818181817,0.016759356582454227,1.72733689498309,1.6602994686532733,1.7105775384006359,1.6770588252357275
381,1.6938812785388129,0.016771484992916464,1.7274242485246458,1.66033830855298,1.7106527635317292,1.6771097935458965
382,1.6939449541284402,0.016783475305982374,1.7275119047404048,1.6603780035164755,1.7107284294344225,1.6771614788224578
383,1.694009216589862,0.016795322693036522,1.727599861975935,1.6604185712037889,1.7108045392828986,1.6772138938968253
384,1.6940740740740738,0.01680702217863212,1.7276881184313382,1.6604600297168095,1.710881096252706,1.6772670518954418
386,1.6942056074766356,0.016829956779258828,1.7278655210351532,1.660545693918118,1.7110355642558945,1.6773756506973767
387,1.694319248826291,0.01678730392721412,1.7278938566807194,1.6607446409718627,1.7111065527535052,1.6775319448990769
388,1.6944339622641509,0.01674335625375289,1.7279206747716567,1.660947249756645,1.7111773185179038,1.677690606010398
389,1.6945497630331756,0.016698075418821845,1.7279459138708193,1.661153612195532,1.7112478384519973,1.6778516876143539
390,1.6946666666666665,0.016651421599066,1.7279695098647985,1.6613638234685346,1.7113180882657326,1.6780152450676005
391,1.6947846889952154,0.016603353411901507,1.7279913958190185,1.6615779821714123,1.7113880424071168,1.678181335583314
392,1.694903846153846,0.016553827834562367,1.7280115018229707,1.6617961904847212,1.7114576739884082,1.6783500183192837
393,1.695024154589372,0.016502800117704115,1.7280297548247803,1.6620185543539638,1.7115269547070762,1.678521354471668
394,1.6951456310679611,0.016450223693105514,1.7280460784541722,1.66224518368175,1.7115958547610666,1.6786954073748557
395,1.6952682926829268,0.016396050074962525,1.7280603928328517,1.6624761925330018,1.7116643427578893,1.6788722426079643
396,1.6953921568627452,0.01634022875421579,1.7280726143711769,1.6627116993543136,1.711732385616961,1.6790519281085294
397,1.6955172413793107,0.016282707085293904,1.7280826555498985,1.662951827208723,1.7117999484646047,1.6792345342940167
398,1.6956435643564356,0.016223430164588028,1.7280904246856117,1.6631967040272595,1.7118669945210236,1.6794201341918475
399,1.695721393034826,0.01622607661261831,1.7281735462600627,1.6632692398095894,1.7119474696474444,1.6794953164222077
400,1.6957999999999998,0.01622837022008065,1.728256740440161,1.6633432595598385,1.7120283702200805,1.679571629779919
401,1.6957788944723617,0.01626635572050637,1.7283116059133745,1.663246183031349,1.712045250192868,1.6795125387518555
402,1.6957575757575758,0.01630460733613893,1.7283667904298536,1.663148361085298,1.7120621830937148,1.6794529684214368
403,1.6957360406091369,0.016343128162329607,1.7284222969337961,1.6630497842844776,1.7120791687714665,1.6793929124468072
404,1.6957142857142857,0.016381921344542465,1.7284781284033706,1.662950443025201,1.7120962070588281,1.6793323643697433
405,1.6956923076923076,0.01642099007938855,1.7285342878510848,1.6628503275335305,1.7121132977716962,1.679271317612919
406,1.6956701030927834,0.016460337615685838,1.7285907783241552,1.6627494278614117,1.7121304407084692,1.6792097654770977
407,1.6956476683937822,0.01649996725554567,1.7286476029048736,1.6626477338826908,1.712147635649328,1.6791477011382365
408,1.695625,0.016539882355486504,1.728704764710973,1.6625452352890269,1.7121648823554865,1.6790851176445134
409,1.6956020942408374,0.016580086327575697,1.7287622668959888,1.662441921585686,1.7121821805684132,1.6790220079132616
410,1.6955789473684209,0.016620582640600172,1.7288201126496212,1.6623377820872205,1.712199530009021,1.6789583647278208
411,1.695555555555555,0.016661374821266846,1.7288783051980887,1.6622328059130214,1.712216930376822,1.678894180734288
412,1.695531914893617,0.016702466455433614,1.7289368478044842,1.6621269819827498,1.7122343813490506,1.6788294484381834
413,1.695508021390374,0.016743861189371902,1.7289957437691177,1.6620202990116302,1.712251882579746,1.678764160201002
415,1.6954594594594592,0.01682757485151952,1.7291146091624983,1.6618043097564201,1.7122870343109786,1.6786318846079398
416,1.6954891304347828,0.016868413088178213,1.7292259566111392,1.6617523042584263,1.712357543522961,1.6786207173466046
417,1.6955191256830597,0.016909544473980888,1.7293382146310214,1.661700036735098,1.7124286701570406,1.6786095812090789
418,1.6955494505494504,0.016950972442048032,1.7294513954335464,1.6616475056653544,1.7125004229914984,1.6785984781074024
419,1.6955801104972374,0.016992700479942866,1.7295655114571231,1.6615947095373518,1.7125728109771803,1.6785874100172946
420,1.695611111111111,0.017034732130721413,1.7296805753725537,1.6615416468496682,1.7126458432418323,1.6785763789803896
421,1.6956424581005585,0.017077070994004753,1.729796600088568,1.6614883161125489,1.7127195290945632,1.6785653871065538
422,1.69561797752809,0.01712184071931149,1.7298616589667128,1.661374296089467,1.7127398182474014,1.6784961368087785
423,1.6955932203389832,0.01716696207267199,1.7299271444843272,1.6612592961936392,1.7127601824116552,1.6784262582663112
424,1.6955113636363635,0.01718118309913351,1.7298737298346305,1.6611489974380964,1.712692546735497,1.67833018053723
425,1.695428571428571,0.017195158312378393,1.7298188880533278,1.6610382548038143,1.7126237297409495,1.6782334131161927
426,1.6953448275862066,0.017208877411146933,1.7297625824085006,1.6609270727639127,1.7125537049973536,1.6781359501750597
427,1.6952601156069362,0.0172223297044582,1.7297047750158527,1.6608154561980197,1.7124824453113945,1.678037785902478
428,1.695174418604651,0.017235504094924695,1.7296454267945003,1.6607034104148015,1.7124099226995757,1.677938914509726
429,1.6950877192982456,0.01724838906123574,1.729584497420717,1.6605909411757742,1.7123361083594815,1.6778393302370098
430,1.6949999999999998,0.01726097263976132,1.7295219452795225,1.6604780547204772,1.712260972639761,1.6777390273602386
431,1.69491124260355,0.01727324240522505,1.7294577274140002,1.6603647577930998,1.712184485008775,1.6776380001983249
432,1.6948214285714287,0.017285185450391392,1.7293917994722114,1.660251057670646,1.7121066140218202,1.6775362431210372
433,1.6947305389221552,0.017296788364708507,1.7293241156515722,1.6601369621927382,1.7120273272868638,1.6774337505574466
434,1.6946385542168672,0.017308037211844072,1.7292546286405552,1.660022479793179,1.7119465914287113,1.677330517005023
435,1.6945454545454544,0.017318917506047186,1.7291832895575487,1.65990761953336,1.7118643720515014,1.6772265370394073
436,1.694451219512195,0.01732941418726456,1.729110047886724,1.659792391137666,1.7117806336994597,1.6771218053249304
437,1.6943558282208586,0.017339511594934288,1.7290348514107272,1.65967680503099,1.7116953398157928,1.6770163166259244
438,1.6942592592592591,0.017349193440374992,1.7289576461400091,1.6595608723785091,1.711608452699634,1.6769100658188842
439,1.6941614906832294,0.017358442777682066,1.7288783762385935,1.6594446051278653,1.7115199334609115,1.6768030479055474
440,1.6940624999999998,0.017367241973036494,1.7287969839460728,1.6593280160539268,1.7114297419730362,1.6766952580269634
441,1.6939622641509429,0.01737557267232453,1.7287134094955918,1.659211118806294,1.7113378368232675,1.6765866914786183
443,1.6937579617834393,0.017390751357786383,1.728539464499012,1.6589764590678666,1.7111487131412257,1.6763672104256528
444,1.693653846153846,0.01739755871694834,1.7284489635877427,1.6588587287199492,1.7110514048707943,1.6762562874368976
445,1.6935483870967742,0.017403816247570213,1.7283560195919148,1.6587407546016337,1.7109522033443445,1.676144570849204
446,1.6933766233766232,0.017328783173112667,1.7280341897228486,1.6587190570303978,1.7107054065497358,1.6760478402035106
447,1.6932026143790846,0.017250692693158168,1.727703999765401,1.6587012289927683,1.7104533070722427,1.6759519216859264
448,1.6930263157894736,0.017169414118234652,1.727365144025943,1.6586874875530042,1.7101957299077082,1.675856901671239
449,1.692913907284768,0.0171703349592814,1.727254577203331,1.6585732373662052,1.7100842422440494,1.6757435723254868
450,1.6927999999999996,0.017170517367472278,1.7271410347349443,1.658458965265055,1.709970517367472,1.6756294826325273
451,1.6926845637583892,0.017169931282504755,1.7270244263233987,1.6583447011933796,1.7098544950408938,1.6755146324758845
452,1.6925675675675673,0.017168545312207642,1.7269046581919827,1.658230476943152,1.709736112879775,1.6753990222553596
453,1.6925850340136053,0.017225532203468234,1.7270360984205417,1.6581339696066688,1.7098105662170735,1.675359501810137
454,1.6926027397260275,0.01728308994287057,1.7271689196117685,1.6580365598402864,1.7098858296688981,1.6753196497831568
455,1.6926206896551723,0.01734122811763413,1.7273031458904406,1.657938233419904,1.7099619177728065,1.6752794615375382
456,1.692638888888889,0.017399956541736577,1.727438801972362,1.657838975805416,1.7100388454306257,1.6752389323471524
457,1.6927272727272726,0.017428447855729612,1.7275841684387319,1.6578703770158134,1.7101557205830022,1.675298824871543
458,1.6928169014084504,0.01745683599032474,1.7277305733891,1.6579032294278009,1.710273737398775,1.6753600654181258
459,1.6929078014184396,0.017485110467882127,1.7278780223542038,1.6579375804826753,1.7103929118863217,1.6754226909505574
460,1.6929999999999998,0.017513260282262876,1.7280265205645255,1.6579734794354741,1.7105132602822628,1.6754867397177369
461,1.693093525179856,0.017541273870844056,1.728176072921544,1.658010977438168,1.7106347990507,1.675552251309012
462,1.6931884057971012,0.017569139084860002,1.7283266839668212,1.6580501276273811,1.7107575448819612,1.6756192667122412
463,1.6932846715328467,0.017596843157955535,1.7284783578487577,1.6580909852169357,1.7108815146908023,1.675687828374891
464,1.6933823529411764,0.01762437267282802,1.7286310982868325,1.6581336075955204,1.7110067256140045,1.6757579802683484
465,1.6934814814814816,0.017651713525825355,1.7287849085331324,1.6581780544298308,1.711133195007307,1.6758297679556562
466,1.6935820895522389,0.017678850889356477,1.7289397913309519,1.6582243877735259,1.7112609404415953,1.6759032386628825
467,1.6936842105263157,0.017705769171959655,1.729095748870235,1.6582726721823964,1.7113899796982754,1.675978441354356
468,1.6937878787878786,0.017732451975861017,1.7292527827396007,1.6583229748361565,1.7115203307637397,1.6760554268120176
469,1.6938931297709923,0.017758882051842444,1.729410893874677,1.6583753656673075,1.7116520118228347,1.6761342477191499
471,1.6941085271317828,0.01781091047473955,1.729730348081262,1.6584867061823036,1.7119194376065223,1.6762976166570434
472,1.694296875,0.017751918635301806,1.7298007122706036,1.6587930377293965,1.712048793635302,1.6765449563646981
473,1.6944881889763774,0.017689743521432193,1.7298676760192417,1.6591087019335131,1.7121779324978097,1.6767984454549452
474,1.6946825396825393,0.01762423061189124,1.7299310009063218,1.659434078458757,1.7123067702944306,1.6770583090706481
475,1.6948799999999997,0.017555215749172685,1.7299904314983452,1.6597695685016542,1.7124352157491725,1.677324784250827
476,1.6949193548387094,0.017620367967942748,1.7301600907745949,1.6596786189028239,1.7125397228066521,1.6772989868707666
477,1.695121951219512,0.01754742024254143,1.7302167917045947,1.660027110734429,1.7126693714620533,1.6775745309769705
478,1.695245901639344,0.017565480060642166,1.7303768617606283,1.6601149415180596,1.7128113816999861,1.6776804215787018
479,1.695371900826446,0.01758292383070706,1.7305377484878601,1.660206053165032,1.712954824657153,1.677788976995739
480,1.6954999999999998,0.017599715906798055,1.730699431813596,1.6603005681864036,1.7130997159067978,1.6779002840932018
481,1.6956302521008402,0.017615818686727923,1.730861889474296,1.6603986147273844,1.713246070787568,1.6780144334141123
482,1.6957627118644063,0.017631192488824894,1.7310250968420562,1.6605003268867564,1.7133939043532311,1.6781315193755815
483,1.6958974358974355,0.01764579541957463,1.7311890267365848,1.6606058450582861,1.71354323131701,1.678251640477861
484,1.6960344827586202,0.017659583231347097,1.7313536492213144,1.660715316295926,1.7136940659899673,1.6783748995272731
485,1.696086956521739,0.0177271912081002,1.7315413389379393,1.6606325741055386,1.7138141477298392,1.6783597653136386
486,1.6961403508771926,0.01779556281822063,1.7317314765136338,1.6605492252407514,1.7139359136954133,1.678344788058972
487,1.6961946902654865,0.017864712043816712,1.7319241143531199,1.6604652661778532,1.7140594023093032,1.6783299782216698
488,1.6962499999999998,0.017934653208642935,1.7321193064172857,1.660380693582714,1.7141846532086427,1.678315346791357
489,1.696306306306306,0.01800540098789821,1.7323171082821023,1.6602955043305097,1.7143117072942042,1.6783009053184077
490,1.696363636363636,0.018076970418301093,1.7325175772002384,1.6602096955270338,1.714440606781937,1.678286665945335
491,1.6964220183486236,0.018149376908445133,1.7327207721655138,1.6601232645317334,1.7145713952570687,1.6782726414401785
492,1.6964814814814813,0.018222636249436777,1.7329267539803548,1.6600362089826077,1.7147041177309181,1.6782588452320444
493,1.6965420560747664,0.018296764625817245,1.7331355853264008,1.659948526823132,1.7148388207005836,1.6782452914489492
494,1.6966037735849053,0.018371778626768857,1.733347330838443,1.6598602163313676,1.714975552211674,1.6782319949581366
495,1.6966666666666668,0.018447695257604972,1.7335620571818766,1.659771276151457,1.7151143619242717,1.6782189714090618
496,1.696730769230769,0.018524531951541155,1.7337798331338512,1.6596817053276867,1.7152553011823102,1.6782062372792277
498,1.6968627450980387,0.01868103747364927,1.7342248200453372,1.6595006701507402,1.715543782571688,1.6781817076243895
499,1.6968316831683166,0.018770668770127404,1.7343730207085715,1.6592903456280617,1.715602351938444,1.678061014398189
500,1.6967999999999999,0.018861601204563747,1.7345232024091273,1.6590767975908725,1.7156616012045636,1.6779383987954362
501,1.6967676767676767,0.018953866524241268,1.7346754098161592,1.6588599437191942,1.715721543291918,1.6778138102434355
502,1.6967346938775507,0.019047497570069405,1.7348296890176895,1.658639698737412,1.7157821914476201,1.6776871963074813
503,1.696701030927835,0.019142528325426757,1.7349860875786884,1.6584159742769815,1.7158435592532617,1.6775585026024082
504,1.6967708333333331,0.01922968580014304,1.7352302049336192,1.658311461733047,1.7160005191334762,1.67754114753319
505,1.6969473684210519,0.019253089114300955,1.7354535466496537,1.65844119019245,1.7162004575353529,1.6776942793067509
506,1.6971276595744678,0.019275292332994822,1.7356782442404575,1.658577074908478,1.7164029519074626,1.677852367241473
507,1.697311827956989,0.019296207491118413,1.7359042429392257,1.6587194129747522,1.7166080354481075,1.6780156204658705
508,1.6974999999999998,0.01931574037118322,1.7361314807423662,1.6588685192576333,1.716815740371183,1.6781842596288166
509,1.6976923076923074,0.019333789988874337,1.7363598876700561,1.6590247277145587,1.7170260976811818,1.678358517703433
510,1.6981111111111113,0.01902597315043276,1.7361630574119769,1.6600591648102458,1.717137084261544,1.6790851379606786
511,1.6985393258426964,0.018696305096585625,1.7359319360358676,1.6611467156495252,1.717235630939282,1.6798430207461108
512,1.698977272727273,0.018342683253156297,1.7356626392335854,1.6622919062209605,1.7173199559804293,1.6806345894741166
513,1.6994252873563214,0.017962689417910765,1.735350666192143,1.6634999085204998,1.7173879767742322,1.6814625979384106
514,1.6998837209302318,0.01755351856642011,1.734990758063072,1.6647766837973916,1.717437239496652,1.6823302023638116
515,1.7003529411764702,0.01711188502171927,1.7345767112199086,1.6661291711330317,1.7174648261981895,1.6832410561547508
516,1.700833333333333,0.01663389635462805,1.7341011260425891,1.6675655406240768,1.717467229687961,1.684199436978705
517,1.7013253012048193,0.01611488007553997,1.7335550613558992,1.6690955410537394,1.7174401812803592,1.6852104211292793
518,1.7018292682926828,0.015549139163725351,1.7329275466201335,1.670730989965232,1.717378407456408,1.6862801291289575
519,1.7023456790123455,0.01492959650156147,1.7322048720154684,1.6724864860092226,1.717275275513907,1.687416082510784
520,1.7027499999999995,0.014575235847148421,1.7319004716942963,1.6735995283057028,1.717325235847148,1.688174764152851
521,1.7030379746835445,0.01443925998136629,1.731916494646277,1.6741594547208118,1.7174772346649108,1.6885987147021781
522,1.7033333333333331,0.014292428214740301,1.7319181897628138,1.6747484769038525,1.7176257615480734,1.6890409051185928
523,1.7036363636363636,0.014133784790039277,1.731903933216442,1.6753687940562851,1.717770148426403,1.6895025788463243
525,1.7043999999999997,0.013489749194604533,1.7313794983892088,1.6774205016107906,1.7178897491946041,1.6909102508053953
526,1.7045945945945946,0.013475622553857211,1.7315458397023091,1.67764334948688,1.7180702171484519,1.6911189720407374
527,1.7046575342465753,0.013556800020534814,1.731771134287645,1.6775439342055056,1.7182143342671101,1.6911007342260405
528,1.7047222222222222,0.013639426330212144,1.7320010748826464,1.677443369561798,1.7183616485524345,1.69108279589201
529,1.7047887323943662,0.013723543554379495,1.7322358195031253,1.6773416452856071,1.7185122759487457,1.6910651888399868
530,1.7048571428571428,0.013809195398393807,1.7324755336539304,1.6772387520603553,1.7186663382555367,1.691047947458749
531,1.704927536231884,0.013896427275789137,1.7327203907834623,1.6771346816803059,1.7188239635076732,1.691031108956095
532,1.705,0.01398528638584559,1.7329705727716913,1.6770294272283088,1.7189852863858457,1.6910147136141545
533,1.7049253731343281,0.014075821794450558,1.7330770167232292,1.676773729545427,1.7190011949287787,1.6908495513398776
534,1.7048484848484848,0.01416808451825572,1.7331846538849962,1.6765123158119735,1.7190165693667405,1.6906804003302291
535,1.7047692307692308,0.014262127612094522,1.73329348599342,1.6762449755450417,1.7190313583813253,1.6905071031571364
536,1.7046875,0.01435800625957519,1.7334035125191503,1.6759714874808496,1.719045506259575,1.6903294937404247
537,1.7046031746031747,0.014455777866701566,1.7335147303365779,1.6756916188697715,1.7190589524698763,1.690147396736473
538,1.704516129032258,0.014555502158294821,1.7336271333488475,1.6754051247156683,1.7190716311905527,1.689960626873963
539,1.7044262295081964,0.014657241276889922,1.7337407120619763,1.6751117469544166,1.7190834707850864,1.6897689882313065
540,1.7043333333333333,0.014761059883656367,1.733855453100646,1.6748112135660205,1.7190943932169895,1.689572273449677
541,1.704237288135593,0.014867025260737902,1.7339713386570688,1.6745032376141171,1.7191043133963309,1.689370262874855
542,1.7041379310344826,0.014975207414212746,1.7340883458629082,1.674187516206057,1.7191131384486953,1.68916272362027
543,1.7040350877192982,0.015085679176635567,1.7342064460725695,1.673863729366027,1.7191207668959338,1.6889494085426626
544,1.7039285714285715,0.015198516307823737,1.734325604044219,1.673531538812924,1.719127087736395,1.6887300551207478
545,1.7038181818181817,0.015313797592178605,1.734445777002539,1.6731905866338244,1.7191319794103603,1.688504384226003
546,1.7037037037037035,0.015431604930370131,1.7345669135644437,1.6728404938429633,1.7191353086340737,1.6882720987733333
547,1.70377358490566,0.015568038750744367,1.734909662407149,1.6726375074041713,1.7193416236564045,1.6882055461549157
548,1.7038461538461536,0.015708136812817044,1.7352624274717876,1.6724298802205195,1.7195542906589707,1.6881380170333364
549,1.703725490196078,0.0158375062794578,1.7354005027549937,1.6720504776371625,1.719562996475536,1.6878879839166203
550,1.7035999999999996,0.01596997182214172,1.735539943644283,1.671660056355716,1.7195699718221413,1.6876300281778578
552,1.7033333333333331,0.016244657241348288,1.7358226478160297,1.6708440188506366,1.7195779905746815,1.6870886760919848
553,1.7031914893617022,0.01638712299061253,1.7359657353429272,1.6704172433804771,1.7195786123523147,1.6868043663710897
554,1.703260869565217,0.016557455673330116,1.7363757809118772,1.6701459582185567,1.719818325238547,1.6867034138918868
555,1.703333333333333,0.016733200530681527,1.736799734394696,1.66986693227197,1.7200665338640144,1.6866001328026514
556,1.7034090909090907,0.016914649623945125,1.737238390156981,1.6695797916612003,1.7203237405330358,1.6864944412851455
557,1.703488372093023,0.017102117498465352,1.7376926070899537,1.6692841370960922,1.7205904895914883,1.6863862545945576
558,1.703571428571428,0.01729594345110859,1.7381633154736453,1.6689795416692108,1.7208673720225367,1.6862754851203194
559,1.7036585365853658,0.017496494082400945,1.7386515247501677,1.668665548420564,1.7211550306677668,1.6861620425029649
560,1.7034999999999996,0.01768473918382741,1.7388694783676544,1.6681305216323448,1.721184739183827,1.685815260816172
561,1.7033333333333331,0.01787898542026701,1.7390913041738671,1.6675753624927991,1.7212123187536001,1.6854543479130661
562,1.702894736842105,0.01790440915070954,1.7387035551435241,1.6670859185406859,1.7207991459928145,1.6849903276913956
563,1.7024324324324318,0.017919550761352206,1.7382715339551362,1.6665933309097274,1.720351983193784,1.6845128816710797
564,1.701944444444444,0.0179225873077095,1.737789619059863,1.6660992698290251,1.7198670317521536,1.6840218571367345
565,1.701428571428571,0.017911346307037137,1.7372512640426454,1.6656058788144967,1.7193399177356081,1.683517225121534
566,1.7008823529411763,0.01788322366301209,1.7366488002672005,1.665115905615152,1.7187655766041883,1.6829991292781643
567,1.7006060606060602,0.01808052592748644,1.736767112461033,1.6644450087510874,1.7186865865335468,1.6825255346785737
568,1.7,0.018027756377319962,1.73605551275464,1.66394448724536,1.7180277563773199,1.68197224362268
569,1.6996774193548387,0.018225092763645867,1.7361276048821304,1.6632272338275471,1.7179025121184845,1.681452326591193
570,1.699333333333333,0.01842703328144702,1.736187399896227,1.662479266770439,1.71776036661478,1.6809063000518858
571,1.698965517241379,0.01863345667049146,1.7362324305823618,1.661698603900396,1.7175989739118704,1.6803320605708874
572,1.698571428571428,0.018844151368961334,1.7362597313093506,1.6608831258335053,1.7174155799403892,1.6797272772024667
573,1.698148148148148,0.01905878567447203,1.736265719497092,1.6600305767992038,1.71720693382262,1.679089362473676
574,1.6976923076923072,0.01927686782483335,1.736246043341974,1.6591385720426404,1.7169691755171406,1.6784154398674738
576,1.6966666666666665,0.019720265943665403,1.7361071985539973,1.6572261347793358,1.716386932610332,1.676946400723001
577,1.6956521739130428,0.019521690713603188,1.7346955553402492,1.6566087924858364,1.715173864626646,1.6761304831994397
578,1.694545454545454,0.0192418277168334,1.7330291099791206,1.6560617991117872,1.7137872822622873,1.6753036268286206
579,1.6933333333333327,0.018856180831641284,1.7310456949966153,1.65562097167005,1.712189514164974,1.6744771525016915
580,1.6919999999999997,0.018330302779823376,1.7286606055596465,1.655339394440353,1.7103303027798231,1.6736696972201763
581,1.6905263157894737,0.01761389529545424,1.725754106380382,1.6552985251985652,1.708140211084928,1.6729124204940193
582,1.6888888888888889,0.01662958838566198,1.7221480656602128,1.655629712117565,1.7055184772745509,1.672259300503227
583,1.6876470588235295,0.016280414709527128,1.7202078882425837,1.6550862294044753,1.7039274735330567,1.6713666441140023
584,1.6875,0.016770509831248438,1.7210410196624968,1.6539589803375032,1.7042705098312485,1.6707294901687515
585,1.6873333333333334,0.017307673314329575,1.7219486799619925,1.6527179867046742,1.704641006647663,1.6700256600190038
586,1.687142857142857,0.01789994869448811,1.7229427545318332,1.651342959753881,1.7050428058373452,1.6692429084483689
587,1.6876923076923076,0.018461538461538477,1.7246153846153847,1.6507692307692305,1.7061538461538461,1.669230769230769
588,1.6866666666666665,0.018856180831641284,1.7243790283299492,1.648954305003384,1.7055228474983077,1.6678104858350253
589,1.6854545454545453,0.019241827716833405,1.723938200888212,1.6469708900208786,1.7046963731713787,1.666212717737712
590,1.684,0.01959591794226544,1.7231918358845308,1.644808164115469,1.7035959179422653,1.6644040820577346
591,1.6822222222222223,0.01987615979999815,1.7219745418222185,1.642469902622226,1.7020983820222204,1.6623460624222242
592,1.68,0.020000000000000018,1.72,1.64,1.7,1.66
593,1.6771428571428573,0.019794866372215756,1.7167325898872887,1.6375531243984258,1.696937723515073,1.6573479907706414
594,1.6733333333333331,0.018856180831641284,1.7110456949966157,1.6356209716700505,1.6921895141649743,1.654477152501692
595,1.668,0.016000000000000014,1.7,1.636,1.684,1.652
596,1.66,0.0,1.66,1.66,1.66,1.66
597,1.66,0.0,1.66,1.66,1.66,1.66
598,1.66,0.0,1.66,1.66,1.66,1.66
600,,,,,,
601,,,,,,
602,,,,,,
603,,,,,,
604,,,,,,
605,,,,,,
606,,,,,,
607,,,,,,
608,,,,,,
609,,,,,,
610,,,,,,
611,,,,,,
612,,,,,,
613,,,,,,
614,,,,,,
615,,,,,,
616,,,,,,
617,,,,,,
618,,,,,,
619,,,,,,
621,,,,,,
622,,,,,,
623,,,,,,
624,,,,,,
625,,,,,,
626,,,,,,
627,,,,,,
628,,,,,,
629,,,,,,
630,,,,,,
631,,,,,,
632,,,,,,
633,,,,,,
634,,,,,,
635,,,,,,
636,,,,,,
637,,,,,,
638,,,,,,
639,,,,,,
640,,,,,,
641,,,,,,
643,,,,,,
644,,,,,,
645,,,,,,
646,,,,,,
647,,,,,,
648,,,,,,
649,,,,,,
650,,,,,,
651,,,,,,
652,,,,,,
653,,,,,,
654,,,,,,
655,,,,,,
656,,,,,,
657,,,,,,
658,,,,,,
659,,,,,,
660,,,,,,
661,,,,,,
662,,,,,,
663,,,,,,
665,,,,,,
666,,,,,,
667,,,,,,
668,,,,,,
669,,,,,,
670,,,,,,
671,,,,,,
672,,,,,,
673,,,,,,
674,,,,,,
675,,,,,,
676,,,,,,
677,,,,,,
678,,,,,,
679,,,,,,
680,,,,,,
681,,,,,,
682,,,,,,
683,,,,,,
685,,,,,,
686,,,,,,
687,,,,,,
688,,,,,,
689,,,,,,
690,,,,,,
691,,,,,,
692,,,,,,
693,,,,,,
694,,,,,,
695,,,,,,
696,,,,,,
697,,,,,,
698,,,,,,
699,,,,,,
700,,,,,,
701,,,,,,
702,,,,,,
703,,,,,,
704,,,,,,
706,,,,,,
707,,,,,,
708,,,,,,
709,,,,,,
710,,,,,,
711,,,,,,
712,,,,,,
713,,,,,,
714,,,,,,
715,,,,,,
716,,,,,,
717,,,,,,
718,,,,,,
719,,,,,,
720,,,,,,
721,,,,,,
722,,,,,,
723,,,,,,
724,,,,,,
726,,,,,,
727,,,,,,
728,,,,,,
729,,,,,,
730,,,,,,
731,,,,,,
732,,,,,,
733,,,,,,
734,,,,,,
735,,,,,,
736,,,,,,
737,,,,,,
738,,,,,,
739,,,,,,
740,,,,,,
741,,,,,,
742,,,,,,
743,,,,,,
744,,,,,,
745,,,,,,
747,,,,,,
748,,,,,,
749,,,,,,
750,,,,,,
751,,,,,,
752,,,,,,
753,,,,,,
754,,,,,,
755,,,,,,
756,,,,,,
757,,,,,,
758,,,,,,
759,,,,,,
760,,,,,,
761,,,,,,
762,,,,,,
763,,,,,,
764,,,,,,
765,,,,,,
767,,,,,,
768,,,,,,
769,,,,,,
770,,,,,,
771,,,,,,
772,,,,,,
773,,,,,,
774,,,,,,
775,,,,,,
776,,,,,,
777,,,,,,
778,,,,,,
779,,,,,,
780,,,,,,
781,,,,,,
782,,,,,,
783,,,,,,
784,,,,,,
785,,,,,,
786,,,,,,
788,,,,,,
789,,,,,,
790,,,,,,
791,,,,,,
792,,,,,,
793,,,,,,
794,,,,,,
795,,,,,,
796,,,,,,
797,,,,,,
798,,,,,,
799,,,,,,
800,,,,,,
801,,,,,,
802,,,,,,
803,,,,,,
804,,,,,,
805,,,,,,
806,,,,,,
808,,,,,,
809,,,,,,
810,,,,,,
811,,,,,,
812,,,,,,
813,,,,,,
814,,,,,,
815,,,,,,
816,,,,,,
817,,,,,,
818,,,,,,
819,,,,,,
820,,,,,,
821,,,,,,
822,,,,,,
823,,,,,,
824,,,,,,
825,,,,,,
826,,,,,,
827,,,,,,
829,,,,,,
830,,,,,,
831,,,,,,
832,,,,,,
833,,,,,,
834,,,,,,
835,,,,,,
836,,,,,,
837,,,,,,
838,,,,,,
839,,,,,,
840,,,,,,
841,,,,,,
842,,,,,,
843,,,,,,
844,,,,,,
845,,,,,,
846,,,,,,
847,,,,,,
849,,,,,,
850,,,,,,
851,,,,,,
852,,,,,,
853,,,,,,
854,,,,,,
855,,,,,,
856,,,,,,
857,,,,,,
858,,,,,,
859,,,,,,
860,,,,,,
861,,,,,,
862,,,,,,
863,,,,,,
864,,,,,,
865,,,,,,
866,,,,,,
867,,,,,,
869,,,,,,
870,,,,,,
871,,,,,,
872,,,,,,
873,,,,,,
874,,,,,,
875,,,,,,
876,,,,,,
877,,,,,,
878,,,,,,
879,,,,,,
880,,,,,,
881,,,,,,
882,,,,,,
883,,,,,,
884,,,,,,
885,,,,,,
886,,,,,,
887,,,,,,
888,,,,,,
890,,,,,,
891,,,,,,
892,,,,,,
893,,,,,,
894,,,,,,
895,,,,,,
896,,,,,,
897,,,,,,
898,,,,,,
899,,,,,,
900,,,,,,
901,,,,,,
902,,,,,,
903,,,,,,
904,,,,,,
905,,,,,,
906,,,,,,
907,,,,,,
908,,,,,,
910,,,,,,
911,,,,,,
912,,,,,,
913,,,,,,
914,,,,,,
915,,,,,,
916,,,,,,
917,,,,,,
918,,,,,,
919,,,,,,
920,,,,,,
921,,,,,,
922,,,,,,
923,,,,,,
924,,,,,,
925,,,,,,
926,,,,,,
927,,,,,,
928,,,,,,
930,,,,,,
931,,,,,,
932,,,,,,
933,,,,,,
934,,,,,,
935,,,,,,
936,,,,,,
937,,,,,,
938,,,,,,
939,,,,,,
940,,,,,,
941,,,,,,
942,,,,,,
943,,,,,,
944,,,,,,
945,,,,,,
946,,,,,,
947,,,,,,
948,,,,,,
950,,,,,,
951,,,,,,
952,,,,,,
953,,,,,,
954,,,,,,
955,,,,,,
956,,,,,,
957,,,,,,
958,,,,,,
959,,,,,,
960,,,,,,
961,,,,,,
962,,,,,,
963,,,,,,
964,,,,,,
965,,,,,,
966,,,,,,
967,,,,,,
969,,,,,,
970,,,,,,
971,,,,,,
972,,,,,,
973,,,,,,
974,,,,,,
975,,,,,,
976,,,,,,
977,,,,,,
978,,,,,,
979,,,,,,
980,,,,,,
981,,,,,,
982,,,,,,
983,,,,,,
984,,,,,,
985,,,,,,
986,,,,,,
987,,,,,,
988,,,,,,
990,,,,,,
991,,,,,,
992,,,,,,
993,,,,,,
994,,,,,,
995,,,,,,
996,,,,,,
997,,,,,,
998,,,,,,
999,,,,,,
1000,,,,,,
1001,,,,,,
1002,,,,,,
1003,,,,,,
1004,,,,,,
1005,,,,,,
1006,,,,,,
1007,,,,,,
1009,,,,,,
1010,,,,,,
1011,,,,,,
1012,,,,,,
1013,,,,,,
1014,,,,,,
1015,,,,,,
1016,,,,,,
1017,,,,,,
1018,,,,,,
1019,,,,,,
1020,,,,,,
1021,,,,,,
1022,,,,,,
1023,,,,,,
1024,,,,,,
1025,,,,,,
1026,,,,,,
1028,,,,,,
1029,,,,,,
1030,,,,,,
1031,,,,,,
1032,,,,,,
1033,,,,,,
1034,,,,,,
1035,,,,,,
1036,,,,,,
1037,,,,,,
1038,,,,,,
1039,,,,,,
1040,,,,,,
1041,,,,,,
1042,,,,,,
1043,,,,,,
1044,,,,,,
1046,,,,,,
1047,,,,,,
1048,,,,,,
1049,,,,,,
1050,,,,,,
1051,,,,,,
1052,,,,,,
1053,,,,,,
1054,,,,,,
1055,,,,,,
1056,,,,,,
1057,,,,,,
1058,,,,,,
1059,,,,,,
1060,,,,,,
1061,,,,,,
1062,,,,,,
1063,,,,,,
1065,,,,,,
1066,,,,,,
1067,,,,,,
1068,,,,,,
1069,,,,,,
1070,,,,,,
1071,,,,,,
1072,,,,,,
1073,,,,,,
1074,,,,,,
1075,,,,,,
