600,3.1,0.0,3.1,3.1,3.1,3.1
601,3.1,0.0,3.1,3.1,3.1,3.1
602,3.1,0.0,3.1,3.1,3.1,3.1
603,3.1,0.0,3.1,3.1,3.1,3.1
604,3.1000000000000005,4.440892098500626e-16,3.1000000000000014,3.0999999999999996,3.100000000000001,3.1
605,3.0999999999999996,4.440892098500626e-16,3.1000000000000005,3.0999999999999988,3.1,3.099999999999999
606,3.0999999999999996,4.440892098500626e-16,3.1000000000000005,3.0999999999999988,3.1,3.099999999999999
607,3.0999999999999996,4.440892098500626e-16,3.1000000000000005,3.0999999999999988,3.1,3.099999999999999
608,3.0999999999999996,4.440892098500626e-16,3.1000000000000005,3.0999999999999988,3.1,3.099999999999999
610,3.1,0.0,3.1,3.1,3.1,3.1
611,3.1,0.0,3.1,3.1,3.1,3.1
612,3.1,0.0,3.1,3.1,3.1,3.1
613,3.099999999999999,8.881784197001252e-16,3.100000000000001,3.0999999999999974,3.1,3.0999999999999983
614,3.099999999999999,8.881784197001252e-16,3.100000000000001,3.0999999999999974,3.1,3.0999999999999983
615,3.099999999999999,8.881784197001252e-16,3.100000000000001,3.0999999999999974,3.1,3.0999999999999983
616,3.0999999999999996,4.440892098500626e-16,3.1000000000000005,3.0999999999999988,3.1,3.099999999999999
617,3.0999999999999996,4.440892098500626e-16,3.1000000000000005,3.0999999999999988,3.1,3.099999999999999
618,3.0999999999999996,4.440892098500626e-16,3.1000000000000005,3.0999999999999988,3.1,3.099999999999999
619,3.0999999999999996,4.440892098500626e-16,3.1000000000000005,3.0999999999999988,3.1,3.099999999999999
620,3.1,0.0,3.1,3.1,3.1,3.1
621,3.099999999999999,8.881784197001252e-16,3.100000000000001,3.0999999999999974,3.1,3.0999999999999983
622,3.099999999999999,8.881784197001252e-16,3.100000000000001,3.0999999999999974,3.1,3.0999999999999983
623,3.099999999999999,8.881784197001252e-16,3.100000000000001,3.0999999999999974,3.1,3.0999999999999983
624,3.0999999999999996,4.440892098500626e-16,3.1000000000000005,3.0999999999999988,3.1,3.099999999999999
625,3.0999999999999996,4.440892098500626e-16,3.1000000000000005,3.0999999999999988,3.1,3.099999999999999
626,3.0999999999999996,4.440892098500626e-16,3.1000000000000005,3.0999999999999988,3.1,3.099999999999999
627,3.1,0.0,3.1,3.1,3.1,3.1
628,3.1,0.0,3.1,3.1,3.1,3.1
630,3.099999999999999,8.881784197001252e-16,3.100000000000001,3.0999999999999974,3.1,3.0999999999999983
631,3.099999999999999,8.881784197001252e-16,3.100000000000001,3.0999999999999974,3.1,3.0999999999999983
632,3.099999999999999,8.881784197001252e-16,3.100000000000001,3.0999999999999974,3.1,3.0999999999999983
633,3.0999999999999996,4.440892098500626e-16,3.1000000000000005,3.0999999999999988,3.1,3.099999999999999
634,3.0999999999999996,4.440892098500626e-16,3.1000000000000005,3.0999999999999988,3.1,3.099999999999999
635,3.1,0.0,3.1,3.1,3.1,3.1
636,3.1,0.0,3.1,3.1,3.1,3.1
637,3.1,0.0,3.1,3.1,3.1,3.1
638,3.1,0.0,3.1,3.1,3.1,3.1
639,3.1000000000000005,4.440892098500626e-16,3.1000000000000014,3.0999999999999996,3.100000000000001,3.1
640,3.1000000000000005,4.440892098500626e-16,3.1000000000000014,3.0999999999999996,3.100000000000001,3.1
641,3.1,0.0,3.1,3.1,3.1,3.1
642,3.1,0.0,3.1,3.1,3.1,3.1
643,3.1,0.0,3.1,3.1,3.1,3.1
644,3.1,0.0,3.1,3.1,3.1,3.1
645,3.1000000000000005,4.440892098500626e-16,3.1000000000000014,3.0999999999999996,3.100000000000001,3.1
646,3.1000000000000005,4.440892098500626e-16,3.1000000000000014,3.0999999999999996,3.100000000000001,3.1
647,3.1000000000000005,4.440892098500626e-16,3.1000000000000014,3.0999999999999996,3.100000000000001,3.1
649,3.1,0.0,3.1,3.1,3.1,3.1
650,3.1000000000000005,4.440892098500626e-16,3.1000000000000014,3.0999999999999996,3.100000000000001,3.1
651,3.1,0.0,3.1,3.1,3.1,3.1
652,3.1,0.0,3.1,3.1,3.1,3.1
653,3.1000000000000005,4.440892098500626e-16,3.1000000000000014,3.0999999999999996,3.100000000000001,3.1
654,3.1,0.0,3.1,3.1,3.1,3.1
655,3.1,0.0,3.1,3.1,3.1,3.1
656,3.1,0.0,3.1,3.1,3.1,3.1
657,3.1,0.0,3.1,3.1,3.1,3.1
658,3.1,0.0,3.1,3.1,3.1,3.1
659,3.1,0.0,3.1,3.1,3.1,3.1
660,3.1000000000000005,4.440892098500626e-16,3.1000000000000014,3.0999999999999996,3.100000000000001,3.1
661,3.100000000000001,8.881784197001252e-16,3.1000000000000028,3.099999999999999,3.100000000000002,3.1
662,3.100000000000001,8.881784197001252e-16,3.1000000000000028,3.099999999999999,3.100000000000002,3.1
663,3.100000000000001,8.881784197001252e-16,3.1000000000000028,3.099999999999999,3.100000000000002,3.1
664,3.100000000000001,8.881784197001252e-16,3.1000000000000028,3.099999999999999,3.100000000000002,3.1
665,3.100000000000001,8.881784197001252e-16,3.1000000000000028,3.099999999999999,3.100000000000002,3.1
666,3.100000000000001,8.881784197001252e-16,3.1000000000000028,3.099999999999999,3.100000000000002,3.1
667,3.1000000000000005,4.440892098500626e-16,3.1000000000000014,3.0999999999999996,3.100000000000001,3.1
669,3.100000000000001,8.881784197001252e-16,3.1000000000000028,3.099999999999999,3.100000000000002,3.1
670,3.1000000000000005,4.440892098500626e-16,3.1000000000000014,3.0999999999999996,3.100000000000001,3.1
671,3.100000000000001,8.881784197001252e-16,3.1000000000000028,3.099999999999999,3.100000000000002,3.1
672,3.100000000000001,8.881784197001252e-16,3.1000000000000028,3.099999999999999,3.100000000000002,3.1
673,3.100000000000001,8.881784197001252e-16,3.1000000000000028,3.099999999999999,3.100000000000002,3.1
674,3.1000000000000005,4.440892098500626e-16,3.1000000000000014,3.0999999999999996,3.100000000000001,3.1
675,3.1000000000000005,4.440892098500626e-16,3.1000000000000014,3.0999999999999996,3.100000000000001,3.1
676,3.100000000000001,8.881784197001252e-16,3.1000000000000028,3.099999999999999,3.100000000000002,3.1
677,3.1000000000000005,4.440892098500626e-16,3.1000000000000014,3.0999999999999996,3.100000000000001,3.1
678,3.100000000000001,8.881784197001252e-16,3.1000000000000028,3.099999999999999,3.100000000000002,3.1
679,3.1000000000000005,4.440892098500626e-16,3.1000000000000014,3.0999999999999996,3.100000000000001,3.1
680,3.1000000000000005,4.440892098500626e-16,3.1000000000000014,3.0999999999999996,3.100000000000001,3.1
681,3.100000000000001,8.881784197001252e-16,3.1000000000000028,3.099999999999999,3.100000000000002,3.1
682,3.100000000000001,8.881784197001252e-16,3.1000000000000028,3.099999999999999,3.100000000000002,3.1
683,3.100000000000001,8.881784197001252e-16,3.1000000000000028,3.099999999999999,3.100000000000002,3.1
684,3.100000000000001,8.881784197001252e-16,3.1000000000000028,3.099999999999999,3.100000000000002,3.1
685,3.1000000000000005,4.440892098500626e-16,3.1000000000000014,3.0999999999999996,3.100000000000001,3.1
686,3.100000000000001,8.881784197001252e-16,3.1000000000000028,3.099999999999999,3.100000000000002,3.1
688,3.100000000000001,8.881784197001252e-16,3.1000000000000028,3.099999999999999,3.100000000000002,3.1
689,3.100000000000001,8.881784197001252e-16,3.1000000000000028,3.099999999999999,3.100000000000002,3.1
690,3.1000000000000005,4.440892098500626e-16,3.1000000000000014,3.0999999999999996,3.100000000000001,3.1
691,3.100000000000001,8.881784197001252e-16,3.1000000000000028,3.099999999999999,3.100000000000002,3.1
692,3.100000000000001,8.881784197001252e-16,3.1000000000000028,3.099999999999999,3.100000000000002,3.1
693,3.100000000000001,8.881784197001252e-16,3.1000000000000028,3.099999999999999,3.100000000000002,3.1
694,3.1000000000000005,4.440892098500626e-16,3.1000000000000014,3.0999999999999996,3.100000000000001,3.1
695,3.1000000000000005,4.440892098500626e-16,3.1000000000000014,3.0999999999999996,3.100000000000001,3.1
696,3.100000000000001,8.881784197001252e-16,3.1000000000000028,3.099999999999999,3.100000000000002,3.1
697,3.100000000000001,8.881784197001252e-16,3.1000000000000028,3.099999999999999,3.100000000000002,3.1
698,3.1000000000000005,4.440892098500626e-16,3.1000000000000014,3.0999999999999996,3.100000000000001,3.1
699,3.1000000000000005,4.440892098500626e-16,3.1000000000000014,3.0999999999999996,3.100000000000001,3.1
700,3.1000000000000005,4.440892098500626e-16,3.1000000000000014,3.0999999999999996,3.100000000000001,3.1
701,3.100000000000001,8.881784197001252e-16,3.1000000000000028,3.099999999999999,3.100000000000002,3.1
702,3.1000000000000005,4.440892098500626e-16,3.1000000000000014,3.0999999999999996,3.100000000000001,3.1
703,3.1000000000000005,4.440892098500626e-16,3.1000000000000014,3.0999999999999996,3.100000000000001,3.1
704,3.1000000000000005,4.440892098500626e-16,3.1000000000000014,3.0999999999999996,3.100000000000001,3.1
705,3.1000000000000005,4.440892098500626e-16,3.1000000000000014,3.0999999999999996,3.100000000000001,3.1
706,3.100000000000001,8.881784197001252e-16,3.1000000000000028,3.099999999999999,3.100000000000002,3.1
708,3.1000000000000005,4.440892098500626e-16,3.1000000000000014,3.0999999999999996,3.100000000000001,3.1
709,3.1000000000000005,4.440892098500626e-16,3.1000000000000014,3.0999999999999996,3.100000000000001,3.1
710,3.1000000000000005,4.440892098500626e-16,3.1000000000000014,3.0999999999999996,3.100000000000001,3.1
711,3.100000000000001,8.881784197001252e-16,3.1000000000000028,3.099999999999999,3.100000000000002,3.1
712,3.1000000000000005,4.440892098500626e-16,3.1000000000000014,3.0999999999999996,3.100000000000001,3.1
713,3.100000000000001,8.881784197001252e-16,3.1000000000000028,3.099999999999999,3.100000000000002,3.1
714,3.1000000000000005,4.440892098500626e-16,3.1000000000000014,3.0999999999999996,3.100000000000001,3.1
715,3.1000000000000005,4.440892098500626e-16,3.1000000000000014,3.0999999999999996,3.100000000000001,3.1
716,3.1000000000000005,4.440892098500626e-16,3.1000000000000014,3.0999999999999996,3.100000000000001,3.1
717,3.1000000000000005,4.440892098500626e-16,3.1000000000000014,3.0999999999999996,3.100000000000001,3.1
718,3.1000000000000005,4.440892098500626e-16,3.1000000000000014,3.0999999999999996,3.100000000000001,3.1
719,3.1000000000000005,4.440892098500626e-16,3.1000000000000014,3.0999999999999996,3.100000000000001,3.1
720,3.100000000000001,8.881784197001252e-16,3.1000000000000028,3.099999999999999,3.100000000000002,3.1
721,3.100000000000001,8.881784197001252e-16,3.1000000000000028,3.099999999999999,3.100000000000002,3.1
722,3.1000000000000005,4.440892098500626e-16,3.1000000000000014,3.0999999999999996,3.100000000000001,3.1
723,3.1000000000000005,4.440892098500626e-16,3.1000000000000014,3.0999999999999996,3.100000000000001,3.1
724,3.1000000000000005,4.440892098500626e-16,3.1000000000000014,3.0999999999999996,3.100000000000001,3.1
725,3.100000000000001,8.881784197001252e-16,3.1000000000000028,3.099999999999999,3.100000000000002,3.1
727,3.1,0.0,3.1,3.1,3.1,3.1
728,3.1000000000000005,4.440892098500626e-16,3.1000000000000014,3.0999999999999996,3.100000000000001,3.1
729,3.1000000000000005,4.440892098500626e-16,3.1000000000000014,3.0999999999999996,3.100000000000001,3.1
730,3.100000000000001,8.881784197001252e-16,3.1000000000000028,3.099999999999999,3.100000000000002,3.1
731,3.100000000000001,8.881784197001252e-16,3.1000000000000028,3.099999999999999,3.100000000000002,3.1
732,3.1000000000000005,4.440892098500626e-16,3.1000000000000014,3.0999999999999996,3.100000000000001,3.1
733,3.1000000000000005,4.440892098500626e-16,3.1000000000000014,3.0999999999999996,3.100000000000001,3.1
734,3.1000000000000005,4.440892098500626e-16,3.1000000000000014,3.0999999999999996,3.100000000000001,3.1
735,3.100000000000001,8.881784197001252e-16,3.1000000000000028,3.099999999999999,3.100000000000002,3.1
736,3.1000000000000005,4.440892098500626e-16,3.1000000000000014,3.0999999999999996,3.100000000000001,3.1
737,3.1000000000000005,4.440892098500626e-16,3.1000000000000014,3.0999999999999996,3.100000000000001,3.1
738,3.1000000000000005,4.440892098500626e-16,3.1000000000000014,3.0999999999999996,3.100000000000001,3.1
739,3.1000000000000005,4.440892098500626e-16,3.1000000000000014,3.0999999999999996,3.100000000000001,3.1
740,3.100000000000001,8.881784197001252e-16,3.1000000000000028,3.099999999999999,3.100000000000002,3.1
741,3.1000000000000005,4.440892098500626e-16,3.1000000000000014,3.0999999999999996,3.100000000000001,3.1
742,3.1000000000000005,4.440892098500626e-16,3.1000000000000014,3.0999999999999996,3.100000000000001,3.1
743,3.1000000000000005,4.440892098500626e-16,3.1000000000000014,3.0999999999999996,3.100000000000001,3.1
745,3.100000000000001,8.881784197001252e-16,3.1000000000000028,3.099999999999999,3.100000000000002,3.1
746,3.1000000000000005,4.440892098500626e-16,3.1000000000000014,3.0999999999999996,3.100000000000001,3.1
747,3.1000000000000005,4.440892098500626e-16,3.1000000000000014,3.0999999999999996,3.100000000000001,3.1
748,3.1000000000000005,4.440892098500626e-16,3.1000000000000014,3.0999999999999996,3.100000000000001,3.1
749,3.1000000000000005,4.440892098500626e-16,3.1000000000000014,3.0999999999999996,3.100000000000001,3.1
750,3.100000000000001,8.881784197001252e-16,3.1000000000000028,3.099999999999999,3.100000000000002,3.1
751,3.100000000000001,8.881784197001252e-16,3.1000000000000028,3.099999999999999,3.100000000000002,3.1
752,3.1000000000000005,4.440892098500626e-16,3.1000000000000014,3.0999999999999996,3.100000000000001,3.1
753,3.1000000000000005,4.440892098500626e-16,3.1000000000000014,3.0999999999999996,3.100000000000001,3.1
754,3.1000000000000005,4.440892098500626e-16,3.1000000000000014,3.0999999999999996,3.100000000000001,3.1
755,3.100000000000001,8.881784197001252e-16,3.1000000000000028,3.099999999999999,3.100000000000002,3.1
756,3.1000000000000005,4.440892098500626e-16,3.1000000000000014,3.0999999999999996,3.100000000000001,3.1
757,3.1000000000000005,4.440892098500626e-16,3.1000000000000014,3.0999999999999996,3.100000000000001,3.1
758,3.1000000000000005,4.440892098500626e-16,3.1000000000000014,3.0999999999999996,3.100000000000001,3.1
759,3.1000000000000005,4.440892098500626e-16,3.1000000000000014,3.0999999999999996,3.100000000000001,3.1
760,3.100000000000001,8.881784197001252e-16,3.1000000000000028,3.099999999999999,3.100000000000002,3.1
761,3.1,0.0,3.1,3.1,3.1,3.1
762,3.1000000000000005,4.440892098500626e-16,3.1000000000000014,3.0999999999999996,3.100000000000001,3.1
763,3.1000000000000005,4.440892098500626e-16,3.1000000000000014,3.0999999999999996,3.100000000000001,3.1
765,3.100000000000001,8.881784197001252e-16,3.1000000000000028,3.099999999999999,3.100000000000002,3.1
766,3.1000000000000005,4.440892098500626e-16,3.1000000000000014,3.0999999999999996,3.100000000000001,3.1
767,3.1000000000000005,4.440892098500626e-16,3.1000000000000014,3.0999999999999996,3.100000000000001,3.1
768,3.1000000000000005,4.440892098500626e-16,3.1000000000000014,3.0999999999999996,3.100000000000001,3.1
769,3.1000000000000005,4.440892098500626e-16,3.1000000000000014,3.0999999999999996,3.100000000000001,3.1
770,3.100000000000001,8.881784197001252e-16,3.1000000000000028,3.099999999999999,3.100000000000002,3.1
771,3.1,0.0,3.1,3.1,3.1,3.1
772,3.1000000000000005,4.440892098500626e-16,3.1000000000000014,3.0999999999999996,3.100000000000001,3.1
773,3.1000000000000005,4.440892098500626e-16,3.1000000000000014,3.0999999999999996,3.100000000000001,3.1
774,3.1000000000000005,4.440892098500626e-16,3.1000000000000014,3.0999999999999996,3.100000000000001,3.1
775,3.100000000000001,8.881784197001252e-16,3.1000000000000028,3.099999999999999,3.100000000000002,3.1
776,3.1000000000000005,4.440892098500626e-16,3.1000000000000014,3.0999999999999996,3.100000000000001,3.1
777,3.1000000000000005,4.440892098500626e-16,3.1000000000000014,3.0999999999999996,3.100000000000001,3.1
778,3.1000000000000005,4.440892098500626e-16,3.1000000000000014,3.0999999999999996,3.100000000000001,3.1
779,3.1000000000000005,4.440892098500626e-16,3.1000000000000014,3.0999999999999996,3.100000000000001,3.1
780,3.100000000000001,8.881784197001252e-16,3.1000000000000028,3.099999999999999,3.100000000000002,3.1
781,3.100000000000001,8.881784197001252e-16,3.1000000000000028,3.099999999999999,3.100000000000002,3.1
782,3.1000000000000005,4.440892098500626e-16,3.1000000000000014,3.0999999999999996,3.100000000000001,3.1
784,3.1000000000000005,4.440892098500626e-16,3.1000000000000014,3.0999999999999996,3.100000000000001,3.1
785,3.100000000000001,8.881784197001252e-16,3.1000000000000028,3.099999999999999,3.100000000000002,3.1
786,3.100000000000001,8.881784197001252e-16,3.1000000000000028,3.099999999999999,3.100000000000002,3.1
787,3.1000000000000005,4.440892098500626e-16,3.1000000000000014,3.0999999999999996,3.100000000000001,3.1
788,3.1000000000000005,4.440892098500626e-16,3.1000000000000014,3.0999999999999996,3.100000000000001,3.1
789,3.1000000000000005,4.440892098500626e-16,3.1000000000000014,3.0999999999999996,3.100000000000001,3.1
790,3.100000000000001,8.881784197001252e-16,3.1000000000000028,3.099999999999999,3.100000000000002,3.1
791,3.100000000000001,8.881784197001252e-16,3.1000000000000028,3.099999999999999,3.100000000000002,3.1
792,3.100000000000001,8.881784197001252e-16,3.1000000000000028,3.099999999999999,3.100000000000002,3.1
793,3.1000000000000005,4.440892098500626e-16,3.1000000000000014,3.0999999999999996,3.100000000000001,3.1
794,3.1000000000000005,4.440892098500626e-16,3.1000000000000014,3.0999999999999996,3.100000000000001,3.1
795,3.100000000000001,8.881784197001252e-16,3.1000000000000028,3.099999999999999,3.100000000000002,3.1
796,3.100000000000001,8.881784197001252e-16,3.1000000000000028,3.099999999999999,3.100000000000002,3.1
797,3.1000000000000014,1.3322676295501878e-15,3.100000000000004,3.0999999999999988,3.1000000000000028,3.1
798,3.1000000000000005,4.440892098500626e-16,3.1000000000000014,3.0999999999999996,3.100000000000001,3.1
799,3.1000000000000005,4.440892098500626e-16,3.1000000000000014,3.0999999999999996,3.100000000000001,3.1
800,3.100000000000001,8.881784197001252e-16,3.1000000000000028,3.099999999999999,3.100000000000002,3.1
802,3.100000000000001,8.881784197001252e-16,3.1000000000000028,3.099999999999999,3.100000000000002,3.1
803,3.1000000000000005,4.440892098500626e-16,3.1000000000000014,3.0999999999999996,3.100000000000001,3.1
804,3.1000000000000005,4.440892098500626e-16,3.1000000000000014,3.0999999999999996,3.100000000000001,3.1
805,3.100000000000001,8.881784197001252e-16,3.1000000000000028,3.099999999999999,3.100000000000002,3.1
806,3.100000000000001,8.881784197001252e-16,3.1000000000000028,3.099999999999999,3.100000000000002,3.1
807,3.1000000000000014,1.3322676295501878e-15,3.100000000000004,3.0999999999999988,3.1000000000000028,3.1
808,3.100000000000001,8.881784197001252e-16,3.1000000000000028,3.099999999999999,3.100000000000002,3.1
809,3.1000000000000005,4.440892098500626e-16,3.1000000000000014,3.0999999999999996,3.100000000000001,3.1
810,3.100000000000001,8.881784197001252e-16,3.1000000000000028,3.099999999999999,3.100000000000002,3.1
811,3.1000000000000005,4.440892098500626e-16,3.1000000000000014,3.0999999999999996,3.100000000000001,3.1
812,3.100000000000001,8.881784197001252e-16,3.1000000000000028,3.099999999999999,3.100000000000002,3.1
813,3.1000000000000005,4.440892098500626e-16,3.1000000000000014,3.0999999999999996,3.100000000000001,3.1
814,3.1000000000000005,4.440892098500626e-16,3.1000000000000014,3.0999999999999996,3.100000000000001,3.1
815,3.100000000000001,8.881784197001252e-16,3.1000000000000028,3.099999999999999,3.100000000000002,3.1
816,3.100000000000001,8.881784197001252e-16,3.1000000000000028,3.099999999999999,3.100000000000002,3.1
818,3.1000000000000005,4.440892098500626e-16,3.1000000000000014,3.0999999999999996,3.100000000000001,3.1
819,3.1000000000000005,4.440892098500626e-16,3.1000000000000014,3.0999999999999996,3.100000000000001,3.1
820,3.100000000000001,8.881784197001252e-16,3.1000000000000028,3.099999999999999,3.100000000000002,3.1
821,3.1000000000000005,4.440892098500626e-16,3.1000000000000014,3.0999999999999996,3.100000000000001,3.1
822,3.100000000000001,8.881784197001252e-16,3.1000000000000028,3.099999999999999,3.100000000000002,3.1
823,3.1000000000000005,4.440892098500626e-16,3.1000000000000014,3.0999999999999996,3.100000000000001,3.1
824,3.1000000000000005,4.440892098500626e-16,3.1000000000000014,3.0999999999999996,3.100000000000001,3.1
825,3.100000000000001,8.881784197001252e-16,3.1000000000000028,3.099999999999999,3.100000000000002,3.1
826,3.1000000000000005,4.440892098500626e-16,3.1000000000000014,3.0999999999999996,3.100000000000001,3.1
827,3.100000000000001,8.881784197001252e-16,3.1000000000000028,3.099999999999999,3.100000000000002,3.1
828,3.1000000000000005,4.440892098500626e-16,3.1000000000000014,3.0999999999999996,3.100000000000001,3.1
829,3.1000000000000005,4.440892098500626e-16,3.1000000000000014,3.0999999999999996,3.100000000000001,3.1
830,3.100000000000001,8.881784197001252e-16,3.1000000000000028,3.099999999999999,3.100000000000002,3.1
831,3.100000000000001,8.881784197001252e-16,3.1000000000000028,3.099999999999999,3.100000000000002,3.1
832,3.100000000000001,8.881784197001252e-16,3.1000000000000028,3.099999999999999,3.100000000000002,3.1
833,3.1000000000000014,1.3322676295501878e-15,3.100000000000004,3.0999999999999988,3.1000000000000028,3.1
835,3.100000000000001,8.881784197001252e-16,3.1000000000000028,3.099999999999999,3.100000000000002,3.1
836,3.100000000000001,8.881784197001252e-16,3.1000000000000028,3.099999999999999,3.100000000000002,3.1
837,3.1000000000000014,1.3322676295501878e-15,3.100000000000004,3.0999999999999988,3.1000000000000028,3.1
838,3.100000000000001,8.881784197001252e-16,3.1000000000000028,3.099999999999999,3.100000000000002,3.1
839,3.100000000000001,8.881784197001252e-16,3.1000000000000028,3.099999999999999,3.100000000000002,3.1
840,3.100000000000001,8.881784197001252e-16,3.1000000000000028,3.099999999999999,3.100000000000002,3.1
841,3.100000000000001,8.881784197001252e-16,3.1000000000000028,3.099999999999999,3.100000000000002,3.1
842,3.1000000000000014,1.3322676295501878e-15,3.100000000000004,3.0999999999999988,3.1000000000000028,3.1
843,3.1000000000000014,1.3322676295501878e-15,3.100000000000004,3.0999999999999988,3.1000000000000028,3.1
844,3.1000000000000014,1.3322676295501878e-15,3.100000000000004,3.0999999999999988,3.1000000000000028,3.1
845,3.100000000000001,8.881784197001252e-16,3.1000000000000028,3.099999999999999,3.100000000000002,3.1
846,3.100000000000001,8.881784197001252e-16,3.1000000000000028,3.099999999999999,3.100000000000002,3.1
847,3.1000000000000014,1.3322676295501878e-15,3.100000000000004,3.0999999999999988,3.1000000000000028,3.1
848,3.100000000000001,8.881784197001252e-16,3.1000000000000028,3.099999999999999,3.100000000000002,3.1
849,3.1000000000000014,1.3322676295501878e-15,3.100000000000004,3.0999999999999988,3.1000000000000028,3.1
850,3.1000000000000014,1.3322676295501878e-15,3.100000000000004,3.0999999999999988,3.1000000000000028,3.1
852,3.1000000000000014,1.3322676295501878e-15,3.100000000000004,3.0999999999999988,3.1000000000000028,3.1
853,3.100000000000001,8.881784197001252e-16,3.1000000000000028,3.099999999999999,3.100000000000002,3.1
854,3.1000000000000014,1.3322676295501878e-15,3.100000000000004,3.0999999999999988,3.1000000000000028,3.1
855,3.100000000000001,8.881784197001252e-16,3.1000000000000028,3.099999999999999,3.100000000000002,3.1
856,3.100000000000001,8.881784197001252e-16,3.1000000000000028,3.099999999999999,3.100000000000002,3.1
857,3.1000000000000014,1.3322676295501878e-15,3.100000000000004,3.0999999999999988,3.1000000000000028,3.1
858,3.1000000000000014,1.3322676295501878e-15,3.100000000000004,3.0999999999999988,3.1000000000000028,3.1
859,3.100000000000001,8.881784197001252e-16,3.1000000000000028,3.099999999999999,3.100000000000002,3.1
860,3.100000000000001,8.881784197001252e-16,3.1000000000000028,3.099999999999999,3.100000000000002,3.1
861,3.100000000000001,8.881784197001252e-16,3.1000000000000028,3.099999999999999,3.100000000000002,3.1
862,3.1000000000000014,1.3322676295501878e-15,3.100000000000004,3.0999999999999988,3.1000000000000028,3.1
863,3.1000000000000005,4.440892098500626e-16,3.1000000000000014,3.0999999999999996,3.100000000000001,3.1
864,3.100000000000001,8.881784197001252e-16,3.1000000000000028,3.099999999999999,3.100000000000002,3.1
865,3.100000000000001,8.881784197001252e-16,3.1000000000000028,3.099999999999999,3.100000000000002,3.1
867,3.1000000000000014,1.3322676295501878e-15,3.100000000000004,3.0999999999999988,3.1000000000000028,3.1
868,3.100000000000001,8.881784197001252e-16,3.1000000000000028,3.099999999999999,3.100000000000002,3.1
869,3.100000000000001,8.881784197001252e-16,3.1000000000000028,3.099999999999999,3.100000000000002,3.1
870,3.100000000000001,8.881784197001252e-16,3.1000000000000028,3.099999999999999,3.100000000000002,3.1
871,3.1000000000000014,1.3322676295501878e-15,3.100000000000004,3.0999999999999988,3.1000000000000028,3.1
872,3.100000000000001,8.881784197001252e-16,3.1000000000000028,3.099999999999999,3.100000000000002,3.1
873,3.100000000000001,8.881784197001252e-16,3.1000000000000028,3.099999999999999,3.100000000000002,3.1
874,3.100000000000001,8.881784197001252e-16,3.1000000000000028,3.099999999999999,3.100000000000002,3.1
875,3.100000000000001,8.881784197001252e-16,3.1000000000000028,3.099999999999999,3.100000000000002,3.1
876,3.1000000000000014,1.3322676295501878e-15,3.100000000000004,3.0999999999999988,3.1000000000000028,3.1
877,3.100000000000001,8.881784197001252e-16,3.1000000000000028,3.099999999999999,3.100000000000002,3.1
878,3.1000000000000005,4.440892098500626e-16,3.1000000000000014,3.0999999999999996,3.100000000000001,3.1
879,3.100000000000001,8.881784197001252e-16,3.1000000000000028,3.099999999999999,3.100000000000002,3.1
880,3.100000000000001,8.881784197001252e-16,3.1000000000000028,3.099999999999999,3.100000000000002,3.1
882,3.100000000000001,8.881784197001252e-16,3.1000000000000028,3.099999999999999,3.100000000000002,3.1
883,3.100000000000001,8.881784197001252e-16,3.1000000000000028,3.099999999999999,3.100000000000002,3.1
884,3.100000000000001,8.881784197001252e-16,3.1000000000000028,3.099999999999999,3.100000000000002,3.1
885,3.100000000000001,8.881784197001252e-16,3.1000000000000028,3.099999999999999,3.100000000000002,3.1
886,3.1000000000000005,4.440892098500626e-16,3.1000000000000014,3.0999999999999996,3.100000000000001,3.1
887,3.100000000000001,8.881784197001252e-16,3.1000000000000028,3.099999999999999,3.100000000000002,3.1
888,3.1000000000000005,4.440892098500626e-16,3.1000000000000014,3.0999999999999996,3.100000000000001,3.1
889,3.1000000000000014,1.3322676295501878e-15,3.100000000000004,3.0999999999999988,3.1000000000000028,3.1
890,3.100000000000001,8.881784197001252e-16,3.1000000000000028,3.099999999999999,3.100000000000002,3.1
891,3.1000000000000014,1.3322676295501878e-15,3.100000000000004,3.0999999999999988,3.1000000000000028,3.1
892,3.100000000000001,8.881784197001252e-16,3.1000000000000028,3.099999999999999,3.100000000000002,3.1
893,3.100000000000001,8.881784197001252e-16,3.1000000000000028,3.099999999999999,3.100000000000002,3.1
894,3.100000000000001,8.881784197001252e-16,3.1000000000000028,3.099999999999999,3.100000000000002,3.1
895,3.100000000000001,8.881784197001252e-16,3.1000000000000028,3.099999999999999,3.100000000000002,3.1
896,3.1000000000000005,4.440892098500626e-16,3.1000000000000014,3.0999999999999996,3.100000000000001,3.1
898,3.100000000000001,8.881784197001252e-16,3.1000000000000028,3.099999999999999,3.100000000000002,3.1
899,3.100000000000001,8.881784197001252e-16,3.1000000000000028,3.099999999999999,3.100000000000002,3.1
900,3.100000000000001,8.881784197001252e-16,3.1000000000000028,3.099999999999999,3.100000000000002,3.1
901,3.1000000000000014,1.3322676295501878e-15,3.100000000000004,3.0999999999999988,3.1000000000000028,3.1
902,3.100000000000001,8.881784197001252e-16,3.1000000000000028,3.099999999999999,3.100000000000002,3.1
903,3.1000000000000005,4.440892098500626e-16,3.1000000000000014,3.0999999999999996,3.100000000000001,3.1
904,3.100000000000001,8.881784197001252e-16,3.1000000000000028,3.099999999999999,3.100000000000002,3.1
905,3.100000000000001,8.881784197001252e-16,3.1000000000000028,3.099999999999999,3.100000000000002,3.1
906,3.1000000000000014,1.3322676295501878e-15,3.100000000000004,3.0999999999999988,3.1000000000000028,3.1
907,3.1000000000000014,1.3322676295501878e-15,3.100000000000004,3.0999999999999988,3.1000000000000028,3.1
908,3.1000000000000014,1.3322676295501878e-15,3.100000000000004,3.0999999999999988,3.1000000000000028,3.1
909,3.100000000000001,8.881784197001252e-16,3.1000000000000028,3.099999999999999,3.100000000000002,3.1
910,3.100000000000001,8.881784197001252e-16,3.1000000000000028,3.099999999999999,3.100000000000002,3.1
911,3.1000000000000014,1.3322676295501878e-15,3.100000000000004,3.0999999999999988,3.1000000000000028,3.1
912,3.100000000000001,8.881784197001252e-16,3.1000000000000028,3.099999999999999,3.100000000000002,3.1
914,3.1000000000000014,1.3322676295501878e-15,3.100000000000004,3.0999999999999988,3.1000000000000028,3.1
915,3.100000000000001,8.881784197001252e-16,3.1000000000000028,3.099999999999999,3.100000000000002,3.1
916,3.1000000000000014,1.3322676295501878e-15,3.100000000000004,3.0999999999999988,3.1000000000000028,3.1
917,3.100000000000001,8.881784197001252e-16,3.1000000000000028,3.099999999999999,3.100000000000002,3.1
918,3.1000000000000014,1.3322676295501878e-15,3.100000000000004,3.0999999999999988,3.1000000000000028,3.1
919,3.100000000000001,8.881784197001252e-16,3.1000000000000028,3.099999999999999,3.100000000000002,3.1
920,3.100000000000001,8.881784197001252e-16,3.1000000000000028,3.099999999999999,3.100000000000002,3.1
921,3.1000000000000014,1.3322676295501878e-15,3.100000000000004,3.0999999999999988,3.1000000000000028,3.1
922,3.1000000000000014,1.3322676295501878e-15,3.100000000000004,3.0999999999999988,3.1000000000000028,3.1
923,3.1000000000000005,4.440892098500626e-16,3.1000000000000014,3.0999999999999996,3.100000000000001,3.1
924,3.100000000000001,8.881784197001252e-16,3.1000000000000028,3.099999999999999,3.100000000000002,3.1
925,3.100000000000001,8.881784197001252e-16,3.1000000000000028,3.099999999999999,3.100000000000002,3.1
926,3.1000000000000014,1.3322676295501878e-15,3.100000000000004,3.0999999999999988,3.1000000000000028,3.1
927,3.1000000000000005,4.440892098500626e-16,3.1000000000000014,3.0999999999999996,3.100000000000001,3.1
928,3.1000000000000005,4.440892098500626e-16,3.1000000000000014,3.0999999999999996,3.100000000000001,3.1
930,3.100000000000001,8.881784197001252e-16,3.1000000000000028,3.099999999999999,3.100000000000002,3.1
931,3.1000000000000014,1.3322676295501878e-15,3.100000000000004,3.0999999999999988,3.1000000000000028,3.1
932,3.100000000000001,8.881784197001252e-16,3.1000000000000028,3.099999999999999,3.100000000000002,3.1
933,3.1000000000000005,4.440892098500626e-16,3.1000000000000014,3.0999999999999996,3.100000000000001,3.1
934,3.100000000000001,8.881784197001252e-16,3.1000000000000028,3.099999999999999,3.100000000000002,3.1
935,3.100000000000001,8.881784197001252e-16,3.1000000000000028,3.099999999999999,3.100000000000002,3.1
936,3.100000000000001,8.881784197001252e-16,3.1000000000000028,3.099999999999999,3.100000000000002,3.1
937,3.100000000000001,8.881784197001252e-16,3.1000000000000028,3.099999999999999,3.100000000000002,3.1
938,3.1000000000000005,4.440892098500626e-16,3.1000000000000014,3.0999999999999996,3.100000000000001,3.1
939,3.100000000000001,8.881784197001252e-16,3.1000000000000028,3.099999999999999,3.100000000000002,3.1
940,3.100000000000001,8.881784197001252e-16,3.1000000000000028,3.099999999999999,3.100000000000002,3.1
941,3.100000000000001,8.881784197001252e-16,3.1000000000000028,3.099999999999999,3.100000000000002,3.1
942,3.1000000000000005,4.440892098500626e-16,3.1000000000000014,3.0999999999999996,3.100000000000001,3.1
943,3.1000000000000005,4.440892098500626e-16,3.1000000000000014,3.0999999999999996,3.100000000000001,3.1
944,3.100000000000001,8.881784197001252e-16,3.1000000000000028,3.099999999999999,3.100000000000002,3.1
946,3.100000000000001,8.881784197001252e-16,3.1000000000000028,3.099999999999999,3.100000000000002,3.1
947,3.100000000000001,8.881784197001252e-16,3.1000000000000028,3.099999999999999,3.100000000000002,3.1
948,3.1000000000000005,4.440892098500626e-16,3.1000000000000014,3.0999999999999996,3.100000000000001,3.1
949,3.100000000000001,8.881784197001252e-16,3.1000000000000028,3.099999999999999,3.100000000000002,3.1
950,3.1000000000000005,4.440892098500626e-16,3.1000000000000014,3.0999999999999996,3.100000000000001,3.1
951,3.100000000000001,8.881784197001252e-16,3.1000000000000028,3.099999999999999,3.100000000000002,3.1
952,3.1000000000000005,4.440892098500626e-16,3.1000000000000014,3.0999999999999996,3.100000000000001,3.1
953,3.1000000000000014,1.3322676295501878e-15,3.100000000000004,3.0999999999999988,3.1000000000000028,3.1
954,3.100000000000001,8.881784197001252e-16,3.1000000000000028,3.099999999999999,3.100000000000002,3.1
955,3.1000000000000014,1.3322676295501878e-15,3.100000000000004,3.0999999999999988,3.1000000000000028,3.1
956,3.100000000000001,8.881784197001252e-16,3.1000000000000028,3.099999999999999,3.100000000000002,3.1
957,3.100000000000001,8.881784197001252e-16,3.1000000000000028,3.099999999999999,3.100000000000002,3.1
958,3.1000000000000005,4.440892098500626e-16,3.1000000000000014,3.0999999999999996,3.100000000000001,3.1
959,3.100000000000001,8.881784197001252e-16,3.1000000000000028,3.099999999999999,3.100000000000002,3.1
961,3.1000000000000014,1.3322676295501878e-15,3.100000000000004,3.0999999999999988,3.1000000000000028,3.1
962,3.100000000000001,8.881784197001252e-16,3.1000000000000028,3.099999999999999,3.100000000000002,3.1
963,3.100000000000001,8.881784197001252e-16,3.1000000000000028,3.099999999999999,3.100000000000002,3.1
964,3.100000000000001,8.881784197001252e-16,3.1000000000000028,3.099999999999999,3.100000000000002,3.1
965,3.1000000000000014,1.3322676295501878e-15,3.100000000000004,3.0999999999999988,3.1000000000000028,3.1
966,3.100000000000001,8.881784197001252e-16,3.1000000000000028,3.099999999999999,3.100000000000002,3.1
967,3.1000000000000005,4.440892098500626e-16,3.1000000000000014,3.0999999999999996,3.100000000000001,3.1
968,3.100000000000001,8.881784197001252e-16,3.1000000000000028,3.099999999999999,3.100000000000002,3.1
969,3.100000000000001,8.881784197001252e-16,3.1000000000000028,3.099999999999999,3.100000000000002,3.1
970,3.1000000000000014,1.3322676295501878e-15,3.100000000000004,3.0999999999999988,3.1000000000000028,3.1
971,3.1000000000000014,1.3322676295501878e-15,3.100000000000004,3.0999999999999988,3.1000000000000028,3.1
972,3.100000000000001,8.881784197001252e-16,3.1000000000000028,3.099999999999999,3.100000000000002,3.1
973,3.100000000000001,8.881784197001252e-16,3.1000000000000028,3.099999999999999,3.100000000000002,3.1
974,3.100000000000001,8.881784197001252e-16,3.1000000000000028,3.099999999999999,3.100000000000002,3.1
975,3.1000000000000014,1.3322676295501878e-15,3.100000000000004,3.0999999999999988,3.1000000000000028,3.1
977,3.100000000000001,8.881784197001252e-16,3.1000000000000028,3.099999999999999,3.100000000000002,3.1
978,3.1000000000000014,1.3322676295501878e-15,3.100000000000004,3.0999999999999988,3.1000000000000028,3.1
979,3.100000000000001,8.881784197001252e-16,3.1000000000000028,3.099999999999999,3.100000000000002,3.1
980,3.1000000000000014,1.3322676295501878e-15,3.100000000000004,3.0999999999999988,3.1000000000000028,3.1
981,3.100000000000001,8.881784197001252e-16,3.1000000000000028,3.099999999999999,3.100000000000002,3.1
982,3.1000000000000014,1.3322676295501878e-15,3.100000000000004,3.0999999999999988,3.1000000000000028,3.1
983,3.100000000000001,8.881784197001252e-16,3.1000000000000028,3.099999999999999,3.100000000000002,3.1
984,3.100000000000001,8.881784197001252e-16,3.1000000000000028,3.099999999999999,3.100000000000002,3.1
985,3.1000000000000014,1.3322676295501878e-15,3.100000000000004,3.0999999999999988,3.1000000000000028,3.1
986,3.1000000000000014,1.3322676295501878e-15,3.100000000000004,3.0999999999999988,3.1000000000000028,3.1
987,3.1000000000000005,4.440892098500626e-16,3.1000000000000014,3.0999999999999996,3.100000000000001,3.1
988,3.100000000000001,8.881784197001252e-16,3.1000000000000028,3.099999999999999,3.100000000000002,3.1
989,3.100000000000001,8.881784197001252e-16,3.1000000000000028,3.099999999999999,3.100000000000002,3.1
990,3.100000000000001,8.881784197001252e-16,3.1000000000000028,3.099999999999999,3.100000000000002,3.1
992,3.100000000000001,8.881784197001252e-16,3.1000000000000028,3.099999999999999,3.100000000000002,3.1
993,3.100000000000001,8.881784197001252e-16,3.1000000000000028,3.099999999999999,3.100000000000002,3.1
994,3.100000000000001,8.881784197001252e-16,3.1000000000000028,3.099999999999999,3.100000000000002,3.1
995,3.1000000000000005,4.440892098500626e-16,3.1000000000000014,3.0999999999999996,3.100000000000001,3.1
996,3.100000000000001,8.881784197001252e-16,3.1000000000000028,3.099999999999999,3.100000000000002,3.1
997,3.1000000000000005,4.440892098500626e-16,3.1000000000000014,3.0999999999999996,3.100000000000001,3.1
998,3.100000000000001,8.881784197001252e-16,3.1000000000000028,3.099999999999999,3.100000000000002,3.1
999,3.100000000000001,8.881784197001252e-16,3.1000000000000028,3.099999999999999,3.100000000000002,3.1
1000,3.1000000000000005,4.440892098500626e-16,3.1000000000000014,3.0999999999999996,3.100000000000001,3.1
1001,3.100000000000001,8.881784197001252e-16,3.1000000000000028,3.099999999999999,3.100000000000002,3.1
1002,3.1000000000000005,4.440892098500626e-16,3.1000000000000014,3.0999999999999996,3.100000000000001,3.1
1003,3.100000000000001,8.881784197001252e-16,3.1000000000000028,3.099999999999999,3.100000000000002,3.1
1004,3.100000000000001,8.881784197001252e-16,3.1000000000000028,3.099999999999999,3.100000000000002,3.1
1005,3.1000000000000005,4.440892098500626e-16,3.1000000000000014,3.0999999999999996,3.100000000000001,3.1
1006,3.1000000000000005,4.440892098500626e-16,3.1000000000000014,3.0999999999999996,3.100000000000001,3.1
1008,3.100000000000001,8.881784197001252e-16,3.1000000000000028,3.099999999999999,3.100000000000002,3.1
1009,3.100000000000001,8.881784197001252e-16,3.1000000000000028,3.099999999999999,3.100000000000002,3.1
1010,3.1000000000000005,4.440892098500626e-16,3.1000000000000014,3.0999999999999996,3.100000000000001,3.1
1011,3.100000000000001,8.881784197001252e-16,3.1000000000000028,3.099999999999999,3.100000000000002,3.1
1012,3.1000000000000005,4.440892098500626e-16,3.1000000000000014,3.0999999999999996,3.100000000000001,3.1
1013,3.100000000000001,8.881784197001252e-16,3.1000000000000028,3.099999999999999,3.100000000000002,3.1
1014,3.1000000000000005,4.440892098500626e-16,3.1000000000000014,3.0999999999999996,3.100000000000001,3.1
1015,3.1000000000000005,4.440892098500626e-16,3.1000000000000014,3.0999999999999996,3.100000000000001,3.1
1016,3.1000000000000005,4.440892098500626e-16,3.1000000000000014,3.0999999999999996,3.100000000000001,3.1
1017,3.100000000000001,8.881784197001252e-16,3.1000000000000028,3.099999999999999,3.100000000000002,3.1
1018,3.100000000000001,8.881784197001252e-16,3.1000000000000028,3.099999999999999,3.100000000000002,3.1
1019,3.100000000000001,8.881784197001252e-16,3.1000000000000028,3.099999999999999,3.100000000000002,3.1
1020,3.100000000000001,8.881784197001252e-16,3.1000000000000028,3.099999999999999,3.100000000000002,3.1
1021,3.1000000000000005,4.440892098500626e-16,3.1000000000000014,3.0999999999999996,3.100000000000001,3.1
1023,3.1000000000000005,4.440892098500626e-16,3.1000000000000014,3.0999999999999996,3.100000000000001,3.1
1024,3.1000000000000005,4.440892098500626e-16,3.1000000000000014,3.0999999999999996,3.100000000000001,3.1
1025,3.1000000000000005,4.440892098500626e-16,3.1000000000000014,3.0999999999999996,3.100000000000001,3.1
1026,3.1,0.0,3.1,3.1,3.1,3.1
1027,3.1000000000000005,4.440892098500626e-16,3.1000000000000014,3.0999999999999996,3.100000000000001,3.1
1028,3.1000000000000005,4.440892098500626e-16,3.1000000000000014,3.0999999999999996,3.100000000000001,3.1
1029,3.1000000000000005,4.440892098500626e-16,3.1000000000000014,3.0999999999999996,3.100000000000001,3.1
1030,3.100000000000001,8.881784197001252e-16,3.1000000000000028,3.099999999999999,3.100000000000002,3.1
1031,3.1000000000000005,4.440892098500626e-16,3.1000000000000014,3.0999999999999996,3.100000000000001,3.1
1032,3.1000000000000005,4.440892098500626e-16,3.1000000000000014,3.0999999999999996,3.100000000000001,3.1
1033,3.1,0.0,3.1,3.1,3.1,3.1
1034,3.1000000000000005,4.440892098500626e-16,3.1000000000000014,3.0999999999999996,3.100000000000001,3.1
1035,3.100000000000001,8.881784197001252e-16,3.1000000000000028,3.099999999999999,3.100000000000002,3.1
1036,3.1000000000000005,4.440892098500626e-16,3.1000000000000014,3.0999999999999996,3.100000000000001,3.1
1038,3.1000000000000005,4.440892098500626e-16,3.1000000000000014,3.0999999999999996,3.100000000000001,3.1
1039,3.1000000000000005,4.440892098500626e-16,3.1000000000000014,3.0999999999999996,3.100000000000001,3.1
1040,3.100000000000001,8.881784197001252e-16,3.1000000000000028,3.099999999999999,3.100000000000002,3.1
1041,3.1000000000000005,4.440892098500626e-16,3.1000000000000014,3.0999999999999996,3.100000000000001,3.1
1042,3.1000000000000005,4.440892098500626e-16,3.1000000000000014,3.0999999999999996,3.100000000000001,3.1
1043,3.1,0.0,3.1,3.1,3.1,3.1
1044,3.1000000000000005,4.440892098500626e-16,3.1000000000000014,3.0999999999999996,3.100000000000001,3.1
1045,3.100000000000001,8.881784197001252e-16,3.1000000000000028,3.099999999999999,3.100000000000002,3.1
1046,3.1000000000000005,4.440892098500626e-16,3.1000000000000014,3.0999999999999996,3.100000000000001,3.1
1047,3.1000000000000005,4.440892098500626e-16,3.1000000000000014,3.0999999999999996,3.100000000000001,3.1
1048,3.1000000000000005,4.440892098500626e-16,3.1000000000000014,3.0999999999999996,3.100000000000001,3.1
1049,3.1000000000000005,4.440892098500626e-16,3.1000000000000014,3.0999999999999996,3.100000000000001,3.1
1050,3.100000000000001,8.881784197001252e-16,3.1000000000000028,3.099999999999999,3.100000000000002,3.1
1051,3.1000000000000005,4.440892098500626e-16,3.1000000000000014,3.0999999999999996,3.100000000000001,3.1
1052,3.1000000000000005,4.440892098500626e-16,3.1000000000000014,3.0999999999999996,3.100000000000001,3.1
1054,3.1000000000000005,4.440892098500626e-16,3.1000000000000014,3.0999999999999996,3.100000000000001,3.1
1055,3.100000000000001,8.881784197001252e-16,3.1000000000000028,3.099999999999999,3.100000000000002,3.1
1056,3.100000000000001,8.881784197001252e-16,3.1000000000000028,3.099999999999999,3.100000000000002,3.1
1057,3.1000000000000005,4.440892098500626e-16,3.1000000000000014,3.0999999999999996,3.100000000000001,3.1
1058,3.1000000000000005,4.440892098500626e-16,3.1000000000000014,3.0999999999999996,3.100000000000001,3.1
1059,3.1000000000000005,4.440892098500626e-16,3.1000000000000014,3.0999999999999996,3.100000000000001,3.1
1060,3.100000000000001,8.881784197001252e-16,3.1000000000000028,3.099999999999999,3.100000000000002,3.1
1061,3.1000000000000005,4.440892098500626e-16,3.1000000000000014,3.0999999999999996,3.100000000000001,3.1
1062,3.1000000000000005,4.440892098500626e-16,3.1000000000000014,3.0999999999999996,3.100000000000001,3.1
1063,3.100000000000001,8.881784197001252e-16,3.1000000000000028,3.099999999999999,3.100000000000002,3.1
1064,3.100000000000001,8.881784197001252e-16,3.1000000000000028,3.099999999999999,3.100000000000002,3.1
1065,3.1000000000000005,4.440892098500626e-16,3.1000000000000014,3.0999999999999996,3.100000000000001,3.1
1066,3.1000000000000005,4.440892098500626e-16,3.1000000000000014,3.0999999999999996,3.100000000000001,3.1
1067,3.1000000000000005,4.440892098500626e-16,3.1000000000000014,3.0999999999999996,3.100000000000001,3.1
1069,3.1000000000000005,4.440892098500626e-16,3.1000000000000014,3.0999999999999996,3.100000000000001,3.1
1070,3.100000000000001,8.881784197001252e-16,3.1000000000000028,3.099999999999999,3.100000000000002,3.1
1071,3.100000000000001,8.881784197001252e-16,3.1000000000000028,3.099999999999999,3.100000000000002,3.1
1072,3.1000000000000005,4.440892098500626e-16,3.1000000000000014,3.0999999999999996,3.100000000000001,3.1
1073,3.1000000000000014,1.3322676295501878e-15,3.100000000000004,3.0999999999999988,3.1000000000000028,3.1
1074,3.1000000000000014,1.3322676295501878e-15,3.100000000000004,3.0999999999999988,3.1000000000000028,3.1
1075,3.1000000000000014,1.3322676295501878e-15,3.100000000000004,3.0999999999999988,3.1000000000000028,3.1
1076,3.1000000000000014,1.3322676295501878e-15,3.100000000000004,3.0999999999999988,3.1000000000000028,3.1
1077,3.1000000000000014,1.3322676295501878e-15,3.100000000000004,3.0999999999999988,3.1000000000000028,3.1
1078,3.100000000000001,8.881784197001252e-16,3.1000000000000028,3.099999999999999,3.100000000000002,3.1
1079,3.100000000000001,8.881784197001252e-16,3.1000000000000028,3.099999999999999,3.100000000000002,3.1
1080,3.100000000000001,8.881784197001252e-16,3.1000000000000028,3.099999999999999,3.100000000000002,3.1
1081,3.1000000000000014,1.3322676295501878e-15,3.100000000000004,3.0999999999999988,3.1000000000000028,3.1
1082,3.100000000000002,1.7763568394002505e-15,3.1000000000000054,3.0999999999999983,3.1000000000000036,3.1
1084,3.1000000000000014,1.3322676295501878e-15,3.100000000000004,3.0999999999999988,3.1000000000000028,3.1
1085,3.100000000000001,8.881784197001252e-16,3.1000000000000028,3.099999999999999,3.100000000000002,3.1
1086,3.1000000000000014,1.3322676295501878e-15,3.100000000000004,3.0999999999999988,3.1000000000000028,3.1
1087,3.100000000000001,8.881784197001252e-16,3.1000000000000028,3.099999999999999,3.100000000000002,3.1
1088,3.100000000000001,8.881784197001252e-16,3.1000000000000028,3.099999999999999,3.100000000000002,3.1
1089,3.1000000000000014,1.3322676295501878e-15,3.100000000000004,3.0999999999999988,3.1000000000000028,3.1
1090,3.1000000000000014,1.3322676295501878e-15,3.100000000000004,3.0999999999999988,3.1000000000000028,3.1
1091,3.1000000000000014,1.3322676295501878e-15,3.100000000000004,3.0999999999999988,3.1000000000000028,3.1
1092,3.1000000000000014,1.3322676295501878e-15,3.100000000000004,3.0999999999999988,3.1000000000000028,3.1
1093,3.1000000000000014,1.3322676295501878e-15,3.100000000000004,3.0999999999999988,3.1000000000000028,3.1
1094,3.100000000000001,8.881784197001252e-16,3.1000000000000028,3.099999999999999,3.100000000000002,3.1
1095,3.100000000000001,8.881784197001252e-16,3.1000000000000028,3.099999999999999,3.100000000000002,3.1
1096,3.100000000000001,8.881784197001252e-16,3.1000000000000028,3.099999999999999,3.100000000000002,3.1
1098,3.1000000000000014,1.3322676295501878e-15,3.100000000000004,3.0999999999999988,3.1000000000000028,3.1
1099,3.100000000000002,1.7763568394002505e-15,3.1000000000000054,3.0999999999999983,3.1000000000000036,3.1
1100,3.100000000000001,8.881784197001252e-16,3.1000000000000028,3.099999999999999,3.100000000000002,3.1
1101,3.1000000000000014,1.3322676295501878e-15,3.100000000000004,3.0999999999999988,3.1000000000000028,3.1
1102,3.100000000000001,8.881784197001252e-16,3.1000000000000028,3.099999999999999,3.100000000000002,3.1
1103,3.1000000000000014,1.3322676295501878e-15,3.100000000000004,3.0999999999999988,3.1000000000000028,3.1
1104,3.1000000000000005,4.440892098500626e-16,3.1000000000000014,3.0999999999999996,3.100000000000001,3.1
1105,3.1000000000000014,1.3322676295501878e-15,3.100000000000004,3.0999999999999988,3.1000000000000028,3.1
1106,3.1000000000000014,1.3322676295501878e-15,3.100000000000004,3.0999999999999988,3.1000000000000028,3.1
1107,3.1000000000000014,1.3322676295501878e-15,3.100000000000004,3.0999999999999988,3.1000000000000028,3.1
1108,3.1000000000000014,1.3322676295501878e-15,3.100000000000004,3.0999999999999988,3.1000000000000028,3.1
1109,3.100000000000001,8.881784197001252e-16,3.1000000000000028,3.099999999999999,3.100000000000002,3.1
1110,3.100000000000001,8.881784197001252e-16,3.1000000000000028,3.099999999999999,3.100000000000002,3.1
1111,3.100000000000001,8.881784197001252e-16,3.1000000000000028,3.099999999999999,3.100000000000002,3.1
1113,3.1000000000000014,1.3322676295501878e-15,3.100000000000004,3.0999999999999988,3.1000000000000028,3.1
1114,3.100000000000002,1.7763568394002505e-15,3.1000000000000054,3.0999999999999983,3.1000000000000036,3.1
1115,3.100000000000001,8.881784197001252e-16,3.1000000000000028,3.099999999999999,3.100000000000002,3.1
1116,3.1000000000000014,1.3322676295501878e-15,3.100000000000004,3.0999999999999988,3.1000000000000028,3.1
1117,3.100000000000001,8.881784197001252e-16,3.1000000000000028,3.099999999999999,3.100000000000002,3.1
1118,3.1000000000000014,1.3322676295501878e-15,3.100000000000004,3.0999999999999988,3.1000000000000028,3.1
1119,3.1000000000000005,4.440892098500626e-16,3.1000000000000014,3.0999999999999996,3.100000000000001,3.1
1120,3.100000000000001,8.881784197001252e-16,3.1000000000000028,3.099999999999999,3.100000000000002,3.1
1121,3.1000000000000014,1.3322676295501878e-15,3.100000000000004,3.0999999999999988,3.1000000000000028,3.1
1122,3.1000000000000014,1.3322676295501878e-15,3.100000000000004,3.0999999999999988,3.1000000000000028,3.1
1124,3.1000000000000014,1.3322676295501878e-15,3.100000000000004,3.0999999999999988,3.1000000000000028,3.1
1125,3.100000000000001,8.881784197001252e-16,3.1000000000000028,3.099999999999999,3.100000000000002,3.1
1126,3.100000000000001,8.881784197001252e-16,3.1000000000000028,3.099999999999999,3.100000000000002,3.1
1127,3.100000000000001,8.881784197001252e-16,3.1000000000000028,3.099999999999999,3.100000000000002,3.1
1128,3.100000000000001,8.881784197001252e-16,3.1000000000000028,3.099999999999999,3.100000000000002,3.1
1129,3.100000000000002,1.7763568394002505e-15,3.1000000000000054,3.0999999999999983,3.1000000000000036,3.1
1130,3.100000000000001,8.881784197001252e-16,3.1000000000000028,3.099999999999999,3.100000000000002,3.1
1131,3.100000000000002,1.7763568394002505e-15,3.1000000000000054,3.0999999999999983,3.1000000000000036,3.1
1132,3.100000000000001,8.881784197001252e-16,3.1000000000000028,3.099999999999999,3.100000000000002,3.1
1133,3.1000000000000014,1.3322676295501878e-15,3.100000000000004,3.0999999999999988,3.1000000000000028,3.1
1134,3.1000000000000005,4.440892098500626e-16,3.1000000000000014,3.0999999999999996,3.100000000000001,3.1
1135,3.1000000000000014,1.3322676295501878e-15,3.100000000000004,3.0999999999999988,3.1000000000000028,3.1
1136,3.1000000000000005,4.440892098500626e-16,3.1000000000000014,3.0999999999999996,3.100000000000001,3.1
1137,3.1000000000000014,1.3322676295501878e-15,3.100000000000004,3.0999999999999988,3.1000000000000028,3.1
1139,3.1000000000000014,1.3322676295501878e-15,3.100000000000004,3.0999999999999988,3.1000000000000028,3.1
1140,3.1000000000000014,1.3322676295501878e-15,3.100000000000004,3.0999999999999988,3.1000000000000028,3.1
1141,3.100000000000001,8.881784197001252e-16,3.1000000000000028,3.099999999999999,3.100000000000002,3.1
1142,3.100000000000001,8.881784197001252e-16,3.1000000000000028,3.099999999999999,3.100000000000002,3.1
1143,3.100000000000001,8.881784197001252e-16,3.1000000000000028,3.099999999999999,3.100000000000002,3.1
1144,3.100000000000001,8.881784197001252e-16,3.1000000000000028,3.099999999999999,3.100000000000002,3.1
1145,3.1000000000000014,1.3322676295501878e-15,3.100000000000004,3.0999999999999988,3.1000000000000028,3.1
1146,3.100000000000002,1.7763568394002505e-15,3.1000000000000054,3.0999999999999983,3.1000000000000036,3.1
1147,3.100000000000001,8.881784197001252e-16,3.1000000000000028,3.099999999999999,3.100000000000002,3.1
1148,3.1000000000000014,1.3322676295501878e-15,3.100000000000004,3.0999999999999988,3.1000000000000028,3.1
1149,3.100000000000001,8.881784197001252e-16,3.1000000000000028,3.099999999999999,3.100000000000002,3.1
1150,3.1000000000000014,1.3322676295501878e-15,3.100000000000004,3.0999999999999988,3.1000000000000028,3.1
1151,3.1000000000000005,4.440892098500626e-16,3.1000000000000014,3.0999999999999996,3.100000000000001,3.1
1152,3.100000000000001,8.881784197001252e-16,3.1000000000000028,3.099999999999999,3.100000000000002,3.1
1154,3.100000000000001,8.881784197001252e-16,3.1000000000000028,3.099999999999999,3.100000000000002,3.1
1155,3.100000000000001,8.881784197001252e-16,3.1000000000000028,3.099999999999999,3.100000000000002,3.1
1156,3.100000000000001,8.881784197001252e-16,3.1000000000000028,3.099999999999999,3.100000000000002,3.1
1157,3.100000000000001,8.881784197001252e-16,3.1000000000000028,3.099999999999999,3.100000000000002,3.1
1158,3.1000000000000005,4.440892098500626e-16,3.1000000000000014,3.0999999999999996,3.100000000000001,3.1
1159,3.100000000000001,8.881784197001252e-16,3.1000000000000028,3.099999999999999,3.100000000000002,3.1
1160,3.1000000000000005,4.440892098500626e-16,3.1000000000000014,3.0999999999999996,3.100000000000001,3.1
1161,3.1000000000000014,1.3322676295501878e-15,3.100000000000004,3.0999999999999988,3.1000000000000028,3.1
1162,3.100000000000001,8.881784197001252e-16,3.1000000000000028,3.099999999999999,3.100000000000002,3.1
1163,3.100000000000001,8.881784197001252e-16,3.1000000000000028,3.099999999999999,3.100000000000002,3.1
1164,3.100000000000001,8.881784197001252e-16,3.1000000000000028,3.099999999999999,3.100000000000002,3.1
1165,3.1000000000000005,4.440892098500626e-16,3.1000000000000014,3.0999999999999996,3.100000000000001,3.1
1166,3.1000000000000005,4.440892098500626e-16,3.1000000000000014,3.0999999999999996,3.100000000000001,3.1
1167,3.1000000000000005,4.440892098500626e-16,3.1000000000000014,3.0999999999999996,3.100000000000001,3.1
1169,3.1,0.0,3.1,3.1,3.1,3.1
1170,3.1000000000000005,4.440892098500626e-16,3.1000000000000014,3.0999999999999996,3.100000000000001,3.1
1171,3.1000000000000005,4.440892098500626e-16,3.1000000000000014,3.0999999999999996,3.100000000000001,3.1
1172,3.1000000000000005,4.440892098500626e-16,3.1000000000000014,3.0999999999999996,3.100000000000001,3.1
1173,3.1,0.0,3.1,3.1,3.1,3.1
1174,3.1000000000000005,4.440892098500626e-16,3.1000000000000014,3.0999999999999996,3.100000000000001,3.1
1175,3.100000000000001,8.881784197001252e-16,3.1000000000000028,3.099999999999999,3.100000000000002,3.1
1176,3.1000000000000005,4.440892098500626e-16,3.1000000000000014,3.0999999999999996,3.100000000000001,3.1
1177,3.1000000000000005,4.440892098500626e-16,3.1000000000000014,3.0999999999999996,3.100000000000001,3.1
1178,3.1000000000000005,4.440892098500626e-16,3.1000000000000014,3.0999999999999996,3.100000000000001,3.1
1179,3.1,0.0,3.1,3.1,3.1,3.1
1180,3.1000000000000005,4.440892098500626e-16,3.1000000000000014,3.0999999999999996,3.100000000000001,3.1
1181,3.1000000000000005,4.440892098500626e-16,3.1000000000000014,3.0999999999999996,3.100000000000001,3.1
1183,3.1000000000000005,4.440892098500626e-16,3.1000000000000014,3.0999999999999996,3.100000000000001,3.1
1184,3.1000000000000005,4.440892098500626e-16,3.1000000000000014,3.0999999999999996,3.100000000000001,3.1
1185,3.1,0.0,3.1,3.1,3.1,3.1
1186,3.1,0.0,3.1,3.1,3.1,3.1
1187,3.1000000000000005,4.440892098500626e-16,3.1000000000000014,3.0999999999999996,3.100000000000001,3.1
1188,3.1000000000000005,4.440892098500626e-16,3.1000000000000014,3.0999999999999996,3.100000000000001,3.1
1189,3.1,0.0,3.1,3.1,3.1,3.1
1190,3.1000000000000005,4.440892098500626e-16,3.1000000000000014,3.0999999999999996,3.100000000000001,3.1
1191,3.1000000000000005,4.440892098500626e-16,3.1000000000000014,3.0999999999999996,3.100000000000001,3.1
1192,3.100000000000001,8.881784197001252e-16,3.1000000000000028,3.099999999999999,3.100000000000002,3.1
1193,3.1000000000000023,2.220446049250313e-15,3.1000000000000068,3.099999999999998,3.1000000000000045,3.1
1194,3.100000000000002,1.7763568394002505e-15,3.1000000000000054,3.0999999999999983,3.1000000000000036,3.1
1196,3.100000000000002,1.7763568394002505e-15,3.1000000000000054,3.0999999999999983,3.1000000000000036,3.1
1197,3.1000000000000014,1.3322676295501878e-15,3.100000000000004,3.0999999999999988,3.1000000000000028,3.1
1198,3.1000000000000014,1.3322676295501878e-15,3.100000000000004,3.0999999999999988,3.1000000000000028,3.1
1199,3.100000000000001,8.881784197001252e-16,3.1000000000000028,3.099999999999999,3.100000000000002,3.1
1200,3.100000000000001,8.881784197001252e-16,3.1000000000000028,3.099999999999999,3.100000000000002,3.1
