,rowIndex,matchOddsTime,homeBackPrice,homeLayPrice,awayBackPrice,awayLayPrice,drawBackPrice,drawLayPrice
1,2024-03-11 21:14:44,1.13,1.14,29.0,46.0,8.6,11.0
2,2024-03-11 21:14:45,1.13,1.14,29.0,46.0,9.4,11.0
3,2024-03-11 21:14:46,1.13,1.14,29.0,46.0,9.4,11.0
4,2024-03-11 21:14:47,1.13,1.14,29.0,46.0,9.4,11.0
5,2024-03-11 21:14:48,1.13,1.14,29.0,46.0,9.4,11.0
6,2024-03-11 21:14:49,1.13,1.14,29.0,46.0,9.4,11.0
7,2024-03-11 21:14:50,1.13,1.14,29.0,46.0,9.4,11.0
8,2024-03-11 21:14:51,1.13,1.14,29.0,46.0,9.4,11.0
9,2024-03-11 21:14:52,1.13,1.14,29.0,46.0,9.4,11.0
10,2024-03-11 21:14:53,1.13,1.14,29.0,46.0,9.4,11.0
11,2024-03-11 21:14:54,1.13,1.14,29.0,46.0,9.4,11.0
12,2024-03-11 21:14:55,1.13,1.14,29.0,46.0,9.4,11.0
14,2024-03-11 21:14:57,1.13,1.14,29.0,46.0,9.4,11.0
15,2024-03-11 21:14:58,1.13,1.14,29.0,46.0,9.4,11.0
16,2024-03-11 21:14:59,1.13,1.14,29.0,46.0,9.4,11.0
17,2024-03-11 21:15:00,1.13,1.17,29.0,46.0,9.4,11.0
18,2024-03-11 21:15:01,1.13,1.17,29.0,46.0,9.4,11.0
19,2024-03-11 21:15:02,1.13,1.17,29.0,46.0,9.4,11.0
20,2024-03-11 21:15:03,1.13,1.17,29.0,42.0,9.4,11.0
21,2024-03-11 21:15:04,1.13,1.17,29.0,42.0,9.4,11.0
22,2024-03-11 21:15:05,1.13,1.17,29.0,42.0,9.4,11.0
23,2024-03-11 21:15:06,1.13,1.17,29.0,42.0,9.4,11.0
24,2024-03-11 21:15:07,1.13,1.17,29.0,42.0,9.4,11.0
25,2024-03-11 21:15:08,1.13,1.17,29.0,42.0,9.4,11.0
26,2024-03-11 21:15:09,1.13,1.17,29.0,42.0,9.4,11.0
27,2024-03-11 21:15:10,1.13,1.17,29.0,42.0,9.4,11.0
28,2024-03-11 21:15:11,1.13,1.17,29.0,42.0,9.4,11.0
29,2024-03-11 21:15:12,1.13,1.17,29.0,42.0,9.4,11.0
30,2024-03-11 21:15:13,1.13,1.17,29.0,42.0,9.4,11.0
31,2024-03-11 21:15:14,1.13,1.17,29.0,42.0,9.4,11.0
32,2024-03-11 21:15:15,1.13,1.17,29.0,42.0,9.4,11.0
33,2024-03-11 21:15:16,1.13,1.17,29.0,42.0,9.4,11.0
34,2024-03-11 21:15:17,1.13,1.17,29.0,42.0,9.4,11.0
35,2024-03-11 21:15:18,1.13,1.17,29.0,42.0,9.4,11.0
36,2024-03-11 21:15:19,1.13,1.17,29.0,42.0,9.4,11.0
37,2024-03-11 21:15:20,1.13,1.17,29.0,42.0,9.4,11.0
38,2024-03-11 21:15:21,1.13,1.17,29.0,42.0,9.4,11.0
39,2024-03-11 21:15:22,1.13,1.17,29.0,42.0,9.4,11.0
40,2024-03-11 21:15:23,1.13,1.17,29.0,42.0,9.4,11.0
42,2024-03-11 21:15:25,1.13,1.17,27.0,42.0,9.4,11.0
43,2024-03-11 21:15:26,1.13,1.17,27.0,42.0,9.4,11.0
44,2024-03-11 21:15:27,1.13,1.17,27.0,42.0,9.4,11.0
45,2024-03-11 21:15:28,1.13,1.17,27.0,42.0,9.4,11.0
46,2024-03-11 21:15:29,1.13,1.17,27.0,42.0,9.4,11.0
47,2024-03-11 21:15:30,1.13,1.17,27.0,42.0,9.4,11.0
48,2024-03-11 21:15:31,1.13,1.17,27.0,42.0,9.4,11.0
49,2024-03-11 21:15:32,1.13,1.17,27.0,42.0,9.4,11.0
50,2024-03-11 21:15:33,1.13,1.17,27.0,42.0,9.4,11.0
51,2024-03-11 21:15:34,1.13,1.17,27.0,42.0,9.4,11.0
52,2024-03-11 21:15:35,1.13,1.17,27.0,42.0,9.4,11.0
53,2024-03-11 21:15:36,1.13,1.17,27.0,42.0,9.4,11.0
54,2024-03-11 21:15:37,1.13,1.17,27.0,42.0,8.6,8.8
55,2024-03-11 21:15:38,1.13,1.17,27.0,42.0,8.6,8.8
56,2024-03-11 21:15:39,1.13,1.16,34.0,42.0,9.4,11.0
57,2024-03-11 21:15:40,1.13,1.16,34.0,42.0,9.4,11.0
58,2024-03-11 21:15:41,1.13,1.16,34.0,42.0,9.4,11.0
59,2024-03-11 21:15:42,1.13,1.16,34.0,42.0,9.4,11.0
60,2024-03-11 21:15:43,1.13,1.16,34.0,42.0,9.4,11.0
61,2024-03-11 21:15:44,1.13,1.16,34.0,42.0,9.4,11.0
62,2024-03-11 21:15:45,1.13,1.16,34.0,42.0,9.4,11.0
63,2024-03-11 21:15:46,1.13,1.16,34.0,42.0,9.4,11.0
64,2024-03-11 21:15:47,1.13,1.16,34.0,42.0,9.4,11.0
65,2024-03-11 21:15:48,1.13,1.16,34.0,42.0,9.4,11.0
66,2024-03-11 21:15:49,1.13,1.16,34.0,42.0,9.4,11.0
67,2024-03-11 21:15:50,1.13,1.16,34.0,42.0,9.4,11.0
68,2024-03-11 21:15:51,1.13,1.16,34.0,42.0,9.4,11.0
69,2024-03-11 21:15:52,1.13,1.16,34.0,42.0,9.4,11.0
71,2024-03-11 21:15:54,1.13,1.16,34.0,42.0,9.4,11.0
72,2024-03-11 21:15:55,1.13,1.16,34.0,42.0,9.4,11.0
73,2024-03-11 21:15:56,1.13,1.16,34.0,42.0,9.4,11.0
74,2024-03-11 21:15:57,1.13,1.16,34.0,42.0,9.4,11.0
75,2024-03-11 21:15:58,1.13,1.16,34.0,42.0,9.4,11.0
76,2024-03-11 21:15:59,1.13,1.16,34.0,42.0,9.4,11.0
77,2024-03-11 21:16:00,1.13,1.16,34.0,42.0,9.4,11.0
78,2024-03-11 21:16:01,1.13,1.16,34.0,42.0,9.4,11.0
79,2024-03-11 21:16:02,1.13,1.16,34.0,42.0,9.4,11.0
80,2024-03-11 21:16:03,1.13,1.16,34.0,42.0,9.4,11.0
81,2024-03-11 21:16:04,1.13,1.16,34.0,42.0,9.4,11.0
82,2024-03-11 21:16:05,1.13,1.16,34.0,42.0,9.4,11.0
83,2024-03-11 21:16:06,1.13,1.16,34.0,42.0,9.4,11.0
84,2024-03-11 21:16:07,1.13,1.16,34.0,42.0,9.4,11.0
85,2024-03-11 21:16:08,1.13,1.16,34.0,42.0,9.4,11.0
86,2024-03-11 21:16:09,1.13,1.16,34.0,42.0,9.4,11.0
87,2024-03-11 21:16:10,1.13,1.16,34.0,42.0,9.4,11.0
88,2024-03-11 21:16:11,1.13,1.16,34.0,42.0,9.4,11.0
89,2024-03-11 21:16:12,1.13,1.16,34.0,42.0,9.4,11.0
90,2024-03-11 21:16:13,1.13,1.16,34.0,42.0,9.4,11.0
91,2024-03-11 21:16:14,1.13,1.16,34.0,42.0,9.4,11.0
92,2024-03-11 21:16:15,1.13,1.16,34.0,42.0,9.4,11.0
93,2024-03-11 21:16:16,1.13,1.16,34.0,42.0,9.4,11.0
94,2024-03-11 21:16:17,1.13,1.16,34.0,42.0,9.4,11.0
95,2024-03-11 21:16:18,1.13,1.16,34.0,42.0,9.4,11.0
96,2024-03-11 21:16:19,1.13,1.16,34.0,42.0,9.4,11.0
97,2024-03-11 21:16:20,1.13,1.16,34.0,42.0,9.4,11.0
98,2024-03-11 21:16:21,1.13,1.16,34.0,42.0,9.4,11.0
100,2024-03-11 21:16:23,1.13,1.16,34.0,42.0,9.6,11.0
101,2024-03-11 21:16:24,1.13,1.16,34.0,42.0,9.6,11.0
102,2024-03-11 21:16:25,1.13,1.16,34.0,42.0,9.6,11.0
103,2024-03-11 21:16:26,1.13,1.16,34.0,42.0,9.6,11.0
104,2024-03-11 21:16:27,1.13,1.16,34.0,42.0,9.6,11.0
105,2024-03-11 21:16:28,1.13,1.16,34.0,50.0,9.4,11.0
106,2024-03-11 21:16:29,1.13,1.16,34.0,50.0,9.4,11.0
107,2024-03-11 21:16:30,1.13,1.16,34.0,50.0,9.4,11.0
108,2024-03-11 21:16:31,1.13,1.16,34.0,50.0,9.4,11.0
109,2024-03-11 21:16:32,1.13,1.16,34.0,50.0,9.4,11.0
110,2024-03-11 21:16:33,1.13,1.16,34.0,50.0,9.6,11.0
111,2024-03-11 21:16:34,1.13,1.16,34.0,50.0,9.6,11.0
112,2024-03-11 21:16:35,1.13,1.16,34.0,48.0,9.6,11.0
113,2024-03-11 21:16:36,1.13,1.16,36.0,48.0,9.6,11.0
114,2024-03-11 21:16:37,1.13,1.16,36.0,48.0,9.4,11.0
115,2024-03-11 21:16:38,1.13,1.16,36.0,48.0,9.4,11.0
116,2024-03-11 21:16:39,1.13,1.16,36.0,48.0,9.4,11.0
117,2024-03-11 21:16:40,1.13,1.16,36.0,48.0,9.4,11.0
118,2024-03-11 21:16:41,1.13,1.16,36.0,48.0,9.4,11.0
119,2024-03-11 21:16:42,1.13,1.16,36.0,48.0,9.4,11.0
120,2024-03-11 21:16:43,1.13,1.16,36.0,48.0,9.4,11.0
121,2024-03-11 21:16:44,1.13,1.16,36.0,48.0,9.4,11.0
122,2024-03-11 21:16:45,1.13,1.17,27.0,48.0,9.4,11.0
123,2024-03-11 21:16:46,1.13,1.17,27.0,48.0,9.4,11.0
124,2024-03-11 21:16:47,1.13,1.17,27.0,48.0,9.4,11.0
125,2024-03-11 21:16:48,1.13,1.17,27.0,48.0,9.4,11.0
126,2024-03-11 21:16:49,1.13,1.17,27.0,48.0,9.4,11.0
127,2024-03-11 21:16:50,1.13,1.17,27.0,48.0,9.6,11.0
129,2024-03-11 21:16:52,1.13,1.17,27.0,48.0,9.6,11.0
130,2024-03-11 21:16:53,1.13,1.17,27.0,48.0,9.6,11.0
131,2024-03-11 21:16:54,1.13,1.17,27.0,48.0,9.6,11.0
132,2024-03-11 21:16:55,1.13,1.17,28.0,48.0,9.6,11.0
133,2024-03-11 21:16:56,1.13,1.17,28.0,48.0,9.6,11.0
134,2024-03-11 21:16:57,1.13,1.17,28.0,48.0,9.6,11.0
135,2024-03-11 21:16:58,1.13,1.17,28.0,48.0,9.6,11.0
136,2024-03-11 21:16:59,1.13,1.17,28.0,48.0,9.6,11.0
137,2024-03-11 21:17:00,1.13,1.17,28.0,48.0,9.6,11.0
138,2024-03-11 21:17:01,1.13,1.17,28.0,48.0,9.6,11.0
139,2024-03-11 21:17:02,1.13,1.17,28.0,48.0,9.6,11.0
140,2024-03-11 21:17:03,1.13,1.17,28.0,48.0,9.6,11.0
141,2024-03-11 21:17:04,1.13,1.16,30.0,48.0,9.6,11.0
142,2024-03-11 21:17:05,1.13,1.16,30.0,48.0,9.6,11.0
143,2024-03-11 21:17:06,1.13,1.16,30.0,48.0,9.6,11.0
144,2024-03-11 21:17:07,1.13,1.16,30.0,48.0,9.6,11.0
145,2024-03-11 21:17:08,1.12,1.16,30.0,48.0,9.6,11.0
146,2024-03-11 21:17:09,1.12,1.16,30.0,48.0,9.6,11.0
147,2024-03-11 21:17:10,1.12,1.16,30.0,48.0,9.6,11.0
148,2024-03-11 21:17:11,1.12,1.16,30.0,48.0,9.6,11.0
149,2024-03-11 21:17:12,1.12,1.16,30.0,48.0,9.6,11.0
150,2024-03-11 21:17:13,1.12,1.16,30.0,48.0,9.6,11.0
151,2024-03-11 21:17:14,1.12,1.16,30.0,48.0,9.6,11.0
152,2024-03-11 21:17:15,1.12,1.16,30.0,48.0,9.6,11.0
153,2024-03-11 21:17:16,1.12,1.16,30.0,48.0,9.6,11.0
154,2024-03-11 21:17:17,1.12,1.13,30.0,48.0,9.6,12.5
155,2024-03-11 21:17:18,1.12,1.13,30.0,48.0,9.6,12.5
156,2024-03-11 21:17:19,1.12,1.13,30.0,48.0,9.6,12.5
157,2024-03-11 21:17:20,1.12,1.13,30.0,48.0,9.6,12.5
159,2024-03-11 21:17:22,1.12,1.16,36.0,48.0,9.6,12.5
160,2024-03-11 21:17:23,1.12,1.16,36.0,48.0,9.6,12.5
161,2024-03-11 21:17:24,1.12,1.16,36.0,48.0,9.6,12.5
162,2024-03-11 21:17:25,1.12,1.16,36.0,48.0,9.6,12.5
163,2024-03-11 21:17:26,1.12,1.15,36.0,48.0,9.8,11.5
164,2024-03-11 21:17:27,1.12,1.15,36.0,48.0,9.8,11.5
165,2024-03-11 21:17:28,1.12,1.15,36.0,48.0,9.8,11.5
166,2024-03-11 21:17:29,1.12,1.15,36.0,48.0,9.8,11.5
167,2024-03-11 21:17:30,1.12,1.15,36.0,48.0,9.8,11.5
168,2024-03-11 21:17:31,1.12,1.15,38.0,48.0,9.8,11.5
169,2024-03-11 21:17:32,1.12,1.15,38.0,48.0,9.8,11.5
170,2024-03-11 21:17:33,1.12,1.15,38.0,48.0,9.8,11.5
171,2024-03-11 21:17:34,1.12,1.15,38.0,48.0,9.8,11.5
172,2024-03-11 21:17:35,1.12,1.15,38.0,48.0,9.8,11.5
173,2024-03-11 21:17:36,1.12,1.13,38.0,48.0,9.6,11.5
174,2024-03-11 21:17:37,1.12,1.13,38.0,48.0,9.6,11.5
175,2024-03-11 21:17:38,1.12,1.13,36.0,48.0,9.6,11.5
176,2024-03-11 21:17:39,1.12,1.13,36.0,48.0,9.6,11.5
177,2024-03-11 21:17:40,1.12,1.13,36.0,48.0,9.6,11.5
178,2024-03-11 21:17:41,1.12,1.13,36.0,48.0,9.6,11.5
179,2024-03-11 21:17:42,1.12,1.13,36.0,48.0,9.6,11.5
180,2024-03-11 21:17:43,1.12,1.13,36.0,48.0,9.6,11.5
181,2024-03-11 21:17:44,1.12,1.13,36.0,48.0,9.6,11.5
182,2024-03-11 21:17:45,1.12,1.13,36.0,48.0,9.6,11.5
183,2024-03-11 21:17:46,1.12,1.13,36.0,48.0,9.6,11.5
184,2024-03-11 21:17:47,1.12,1.13,36.0,48.0,9.6,11.5
185,2024-03-11 21:17:48,1.12,1.16,36.0,48.0,9.6,11.5
186,2024-03-11 21:17:49,1.12,1.16,36.0,48.0,9.6,11.5
188,2024-03-11 21:17:51,1.12,1.16,36.0,48.0,9.6,11.5
189,2024-03-11 21:17:52,1.12,1.16,36.0,48.0,9.6,11.5
190,2024-03-11 21:17:53,1.12,1.16,36.0,48.0,9.6,11.5
191,2024-03-11 21:17:54,1.12,1.16,36.0,48.0,9.6,11.5
192,2024-03-11 21:17:55,1.12,1.16,36.0,48.0,9.6,11.5
193,2024-03-11 21:17:56,1.12,1.16,36.0,48.0,9.6,11.5
194,2024-03-11 21:17:57,1.12,1.16,36.0,48.0,9.6,11.5
195,2024-03-11 21:17:58,1.12,1.16,36.0,48.0,9.6,11.5
196,2024-03-11 21:17:59,1.12,1.16,36.0,48.0,9.6,11.5
197,2024-03-11 21:18:00,1.12,1.16,36.0,48.0,9.6,11.5
198,2024-03-11 21:18:01,1.12,1.16,36.0,48.0,9.6,11.5
199,2024-03-11 21:18:02,1.12,1.16,36.0,48.0,9.6,11.5
200,2024-03-11 21:18:03,1.12,1.16,36.0,48.0,9.6,11.5
201,2024-03-11 21:18:04,1.12,1.16,36.0,48.0,9.6,11.5
202,2024-03-11 21:18:05,1.12,1.16,36.0,48.0,9.6,11.5
203,2024-03-11 21:18:06,1.12,1.16,36.0,48.0,9.6,11.5
204,2024-03-11 21:18:07,1.12,1.15,40.0,48.0,9.8,11.5
205,2024-03-11 21:18:08,1.12,1.15,40.0,48.0,9.8,11.5
206,2024-03-11 21:18:09,1.12,1.15,40.0,48.0,9.8,11.5
207,2024-03-11 21:18:10,1.12,1.15,40.0,48.0,9.8,11.5
208,2024-03-11 21:18:11,1.12,1.15,40.0,48.0,9.8,11.5
209,2024-03-11 21:18:12,1.12,1.15,40.0,48.0,9.8,11.5
210,2024-03-11 21:18:13,1.12,1.13,36.0,48.0,9.6,11.5
211,2024-03-11 21:18:14,1.12,1.13,36.0,48.0,9.6,11.5
212,2024-03-11 21:18:15,1.12,1.13,36.0,48.0,9.6,11.5
213,2024-03-11 21:18:16,1.12,1.13,36.0,48.0,9.6,11.5
214,2024-03-11 21:18:17,1.12,1.15,36.0,48.0,9.6,11.5
215,2024-03-11 21:18:18,1.12,1.15,36.0,48.0,9.6,11.5
217,2024-03-11 21:18:20,1.12,1.15,36.0,48.0,9.6,11.5
218,2024-03-11 21:18:21,1.12,1.15,36.0,48.0,9.6,11.5
219,2024-03-11 21:18:22,1.12,1.15,36.0,48.0,9.4,11.5
220,2024-03-11 21:18:23,1.12,1.15,36.0,990.0,9.4,11.5
221,2024-03-11 21:18:24,1.12,1.15,36.0,990.0,9.4,11.5
222,2024-03-11 21:18:25,1.12,1.15,36.0,990.0,9.4,11.5
223,2024-03-11 21:18:26,1.12,1.15,36.0,990.0,9.4,11.5
224,2024-03-11 21:18:27,1.12,1.15,36.0,990.0,9.4,11.5
225,2024-03-11 21:18:28,1.12,1.15,36.0,990.0,9.8,11.5
226,2024-03-11 21:18:29,1.12,1.15,36.0,990.0,9.4,11.5
227,2024-03-11 21:18:30,1.12,1.15,36.0,990.0,9.4,11.5
228,2024-03-11 21:18:31,1.12,1.15,36.0,990.0,9.4,11.5
229,2024-03-11 21:18:32,1.12,1.15,36.0,55.0,9.4,11.5
230,2024-03-11 21:18:33,1.12,1.15,36.0,55.0,9.4,11.5
231,2024-03-11 21:18:34,1.12,1.15,36.0,55.0,9.4,11.5
232,2024-03-11 21:18:35,1.12,1.15,36.0,55.0,9.4,11.5
233,2024-03-11 21:18:36,1.12,1.15,36.0,55.0,9.4,11.5
234,2024-03-11 21:18:37,1.12,1.15,36.0,55.0,9.4,11.5
235,2024-03-11 21:18:38,1.12,1.15,36.0,55.0,9.4,11.5
236,2024-03-11 21:18:39,1.12,1.15,36.0,55.0,9.4,11.5
237,2024-03-11 21:18:40,1.12,1.15,36.0,55.0,9.4,11.5
238,2024-03-11 21:18:41,1.12,1.15,36.0,55.0,9.4,11.5
239,2024-03-11 21:18:42,1.12,1.15,36.0,55.0,9.4,11.5
240,2024-03-11 21:18:43,1.12,1.15,36.0,55.0,9.4,11.5
241,2024-03-11 21:18:44,1.12,1.15,36.0,55.0,9.4,11.5
242,2024-03-11 21:18:45,1.12,1.15,36.0,55.0,9.4,11.5
243,2024-03-11 21:18:46,1.12,1.15,36.0,55.0,9.4,11.5
244,2024-03-11 21:18:47,1.12,1.15,36.0,55.0,9.4,11.5
246,2024-03-11 21:18:49,1.12,1.15,36.0,55.0,9.4,11.5
247,2024-03-11 21:18:50,1.12,1.15,36.0,55.0,9.4,11.5
248,2024-03-11 21:18:51,1.12,1.15,36.0,55.0,9.4,11.5
249,2024-03-11 21:18:52,1.12,1.15,36.0,55.0,9.4,11.5
250,2024-03-11 21:18:53,1.12,1.15,36.0,55.0,9.2,11.5
251,2024-03-11 21:18:54,1.12,1.15,36.0,55.0,9.2,11.5
252,2024-03-11 21:18:55,1.12,1.15,36.0,55.0,9.2,11.5
253,2024-03-11 21:18:56,1.12,1.15,36.0,55.0,9.2,11.5
254,2024-03-11 21:18:57,1.12,1.15,36.0,55.0,9.2,11.5
255,2024-03-11 21:18:58,1.12,1.15,36.0,55.0,9.2,11.5
256,2024-03-11 21:18:59,1.12,1.15,36.0,55.0,9.2,11.5
257,2024-03-11 21:19:00,1.12,1.15,36.0,55.0,9.2,11.5
258,2024-03-11 21:19:01,1.12,1.15,36.0,55.0,9.2,11.5
259,2024-03-11 21:19:02,1.12,1.15,36.0,55.0,9.2,11.5
260,2024-03-11 21:19:03,1.12,1.15,36.0,55.0,9.2,11.5
261,2024-03-11 21:19:04,1.12,1.15,30.0,55.0,9.2,11.5
262,2024-03-11 21:19:05,1.12,1.15,30.0,55.0,9.2,11.5
263,2024-03-11 21:19:06,1.12,1.15,30.0,55.0,9.2,11.5
264,2024-03-11 21:19:07,1.12,1.15,30.0,55.0,9.2,11.5
265,2024-03-11 21:19:08,1.12,1.15,30.0,55.0,9.2,11.5
266,2024-03-11 21:19:09,1.12,1.15,30.0,55.0,9.2,11.5
267,2024-03-11 21:19:10,1.12,1.15,30.0,55.0,9.4,11.5
268,2024-03-11 21:19:11,1.12,1.15,30.0,55.0,9.4,11.5
269,2024-03-11 21:19:12,1.12,1.15,30.0,55.0,9.4,11.5
270,2024-03-11 21:19:13,1.12,1.15,30.0,55.0,9.4,11.5
271,2024-03-11 21:19:14,1.12,1.15,30.0,55.0,9.4,11.5
272,2024-03-11 21:19:15,1.12,1.15,30.0,55.0,9.4,11.5
274,2024-03-11 21:19:17,1.12,1.15,30.0,55.0,9.4,11.5
275,2024-03-11 21:19:18,1.12,1.15,30.0,55.0,9.4,11.5
276,2024-03-11 21:19:19,1.12,1.15,30.0,55.0,9.4,11.5
277,2024-03-11 21:19:20,1.12,1.15,30.0,55.0,9.4,11.5
278,2024-03-11 21:19:21,1.12,1.15,30.0,55.0,9.4,11.5
279,2024-03-11 21:19:22,1.12,1.15,30.0,55.0,9.4,11.5
280,2024-03-11 21:19:23,1.12,1.15,30.0,55.0,9.4,11.5
281,2024-03-11 21:19:24,1.12,1.15,30.0,55.0,9.4,11.5
282,2024-03-11 21:19:25,1.12,1.15,30.0,55.0,9.4,11.5
283,2024-03-11 21:19:26,1.12,1.15,30.0,55.0,9.4,11.5
284,2024-03-11 21:19:27,1.12,1.15,30.0,55.0,9.4,11.5
285,2024-03-11 21:19:28,1.12,1.15,30.0,55.0,9.4,11.5
286,2024-03-11 21:19:29,1.12,1.15,30.0,55.0,9.4,11.5
287,2024-03-11 21:19:30,1.12,1.15,30.0,55.0,9.4,11.5
288,2024-03-11 21:19:31,1.12,1.15,30.0,55.0,9.4,11.5
289,2024-03-11 21:19:32,1.12,1.15,30.0,55.0,9.4,11.5
290,2024-03-11 21:19:33,1.12,1.15,30.0,55.0,9.4,11.5
291,2024-03-11 21:19:34,1.12,1.15,30.0,55.0,9.4,11.5
292,2024-03-11 21:19:35,1.12,1.15,30.0,55.0,9.4,11.5
293,2024-03-11 21:19:36,1.12,1.15,30.0,55.0,9.4,11.5
294,2024-03-11 21:19:37,1.12,1.15,30.0,55.0,9.4,11.5
295,2024-03-11 21:19:38,1.12,1.15,36.0,55.0,9.4,11.5
296,2024-03-11 21:19:39,1.12,1.15,36.0,55.0,9.4,11.5
297,2024-03-11 21:19:40,1.12,1.14,36.0,55.0,9.8,11.5
298,2024-03-11 21:19:41,1.12,1.14,36.0,55.0,9.8,11.5
299,2024-03-11 21:19:42,1.12,1.14,36.0,55.0,9.8,11.5
300,2024-03-11 21:19:43,1.12,1.14,36.0,55.0,9.8,11.5
302,2024-03-11 21:19:45,1.12,1.14,36.0,55.0,9.8,11.5
303,2024-03-11 21:19:46,1.12,1.14,40.0,55.0,9.8,11.5
304,2024-03-11 21:19:47,1.12,1.14,40.0,55.0,9.8,11.5
305,2024-03-11 21:19:48,1.12,1.14,40.0,55.0,9.8,11.5
306,2024-03-11 21:19:49,1.12,1.14,40.0,55.0,9.8,11.5
307,2024-03-11 21:19:50,1.12,1.14,40.0,55.0,9.8,11.5
308,2024-03-11 21:19:51,1.12,1.14,40.0,55.0,9.8,11.5
309,2024-03-11 21:19:52,1.1,1.14,40.0,55.0,9.8,13.0
310,2024-03-11 21:19:53,1.1,1.12,42.0,55.0,9.8,13.0
311,2024-03-11 21:19:54,1.1,1.12,42.0,55.0,9.8,13.0
312,2024-03-11 21:19:55,1.1,1.12,42.0,55.0,9.8,13.0
313,2024-03-11 21:19:56,1.1,1.12,42.0,55.0,9.8,13.0
314,2024-03-11 21:19:57,1.11,1.12,42.0,55.0,9.8,12.5
315,2024-03-11 21:19:58,1.11,1.12,42.0,55.0,9.8,12.5
316,2024-03-11 21:19:59,1.11,1.14,42.0,55.0,9.8,12.5
317,2024-03-11 21:20:00,1.11,1.14,42.0,55.0,9.8,12.5
318,2024-03-11 21:20:01,1.11,1.14,42.0,55.0,9.8,12.5
319,2024-03-11 21:20:02,1.11,1.14,42.0,55.0,9.8,12.5
320,2024-03-11 21:20:03,1.11,1.14,42.0,55.0,9.8,12.5
321,2024-03-11 21:20:04,1.11,1.14,42.0,55.0,9.8,12.5
322,2024-03-11 21:20:05,1.11,1.14,42.0,55.0,9.8,11.5
323,2024-03-11 21:20:06,1.11,1.14,42.0,55.0,9.8,11.5
324,2024-03-11 21:20:07,1.11,1.14,42.0,55.0,9.8,11.5
325,2024-03-11 21:20:08,1.11,1.14,42.0,55.0,9.8,11.5
326,2024-03-11 21:20:09,1.11,1.14,42.0,55.0,9.8,11.5
327,2024-03-11 21:20:10,1.11,1.14,42.0,55.0,9.8,11.5
329,2024-03-11 21:20:12,1.11,1.14,42.0,55.0,9.8,11.5
330,2024-03-11 21:20:13,1.11,1.14,42.0,55.0,9.8,11.5
331,2024-03-11 21:20:14,1.11,1.14,42.0,55.0,9.8,11.5
332,2024-03-11 21:20:15,1.11,1.14,42.0,55.0,9.8,11.5
333,2024-03-11 21:20:16,1.11,1.14,42.0,55.0,9.8,12.5
334,2024-03-11 21:20:17,1.11,1.14,42.0,55.0,9.8,12.5
335,2024-03-11 21:20:18,1.11,1.14,42.0,55.0,9.8,12.5
336,2024-03-11 21:20:19,1.11,1.14,42.0,55.0,9.8,12.5
337,2024-03-11 21:20:20,1.11,1.14,42.0,55.0,9.8,12.5
338,2024-03-11 21:20:21,1.11,1.14,42.0,55.0,9.8,12.5
339,2024-03-11 21:20:22,1.11,1.14,42.0,55.0,9.8,12.0
340,2024-03-11 21:20:23,1.11,1.14,42.0,55.0,9.8,12.0
341,2024-03-11 21:20:24,1.11,1.14,42.0,55.0,9.8,12.0
342,2024-03-11 21:20:25,1.11,1.14,42.0,55.0,9.8,12.0
343,2024-03-11 21:20:26,1.11,1.14,42.0,55.0,9.8,12.0
344,2024-03-11 21:20:27,1.11,1.14,42.0,55.0,9.8,12.0
345,2024-03-11 21:20:28,1.11,1.14,42.0,55.0,9.8,12.0
346,2024-03-11 21:20:29,1.11,1.14,42.0,55.0,9.8,12.0
347,2024-03-11 21:20:30,1.11,1.14,42.0,55.0,9.8,12.0
348,2024-03-11 21:20:31,1.11,1.14,42.0,55.0,9.8,12.0
349,2024-03-11 21:20:32,1.11,1.14,42.0,55.0,9.8,12.0
350,2024-03-11 21:20:33,1.11,1.14,36.0,55.0,9.8,12.0
351,2024-03-11 21:20:34,1.11,1.14,36.0,55.0,9.8,12.0
352,2024-03-11 21:20:35,1.11,1.14,36.0,55.0,9.8,12.0
353,2024-03-11 21:20:36,1.11,1.14,36.0,55.0,9.8,12.0
354,2024-03-11 21:20:37,1.11,1.14,36.0,55.0,9.8,12.0
355,2024-03-11 21:20:38,1.11,1.14,36.0,55.0,9.8,12.0
357,2024-03-11 21:20:40,1.11,1.14,36.0,55.0,9.8,12.0
358,2024-03-11 21:20:41,1.11,1.14,36.0,55.0,9.8,12.0
359,2024-03-11 21:20:42,1.11,1.14,36.0,55.0,9.8,12.0
360,2024-03-11 21:20:43,1.11,1.14,36.0,55.0,9.8,12.0
361,2024-03-11 21:20:44,1.11,1.14,36.0,55.0,9.8,12.0
362,2024-03-11 21:20:45,1.11,1.14,36.0,55.0,9.8,12.0
363,2024-03-11 21:20:46,1.11,1.14,36.0,55.0,9.8,12.0
364,2024-03-11 21:20:47,1.11,1.14,36.0,55.0,9.8,12.0
365,2024-03-11 21:20:48,1.11,1.15,36.0,55.0,9.4,12.0
366,2024-03-11 21:20:49,1.11,1.15,36.0,55.0,9.4,12.0
367,2024-03-11 21:20:50,1.11,1.14,36.0,55.0,9.4,12.0
368,2024-03-11 21:20:51,1.11,1.15,36.0,55.0,9.4,12.0
369,2024-03-11 21:20:52,1.11,1.15,36.0,55.0,9.4,12.0
370,2024-03-11 21:20:53,1.11,1.15,36.0,55.0,9.4,12.0
371,2024-03-11 21:20:54,1.11,1.15,36.0,55.0,9.4,12.0
372,2024-03-11 21:20:55,1.11,1.15,36.0,55.0,9.4,12.0
373,2024-03-11 21:20:56,1.11,1.15,36.0,55.0,9.4,12.0
374,2024-03-11 21:20:57,1.11,1.16,36.0,55.0,9.4,12.0
375,2024-03-11 21:20:58,1.11,1.16,36.0,55.0,9.4,12.0
376,2024-03-11 21:20:59,1.11,1.16,36.0,55.0,9.4,12.0
377,2024-03-11 21:21:00,1.11,1.16,36.0,55.0,9.4,12.0
378,2024-03-11 21:21:01,1.11,1.14,36.0,55.0,9.6,12.0
379,2024-03-11 21:21:02,1.11,1.14,36.0,55.0,9.6,12.0
380,2024-03-11 21:21:03,1.11,1.14,36.0,55.0,9.6,12.0
381,2024-03-11 21:21:04,1.11,1.14,36.0,55.0,9.6,12.0
382,2024-03-11 21:21:05,1.11,1.14,36.0,55.0,9.6,12.0
383,2024-03-11 21:21:06,1.11,1.14,36.0,990.0,9.6,12.0
384,2024-03-11 21:21:07,1.11,1.14,36.0,990.0,9.6,13.5
386,2024-03-11 21:21:09,1.11,1.14,36.0,990.0,9.6,13.5
387,2024-03-11 21:21:10,1.11,1.14,36.0,990.0,9.6,13.5
388,2024-03-11 21:21:11,1.11,1.14,36.0,990.0,9.6,13.5
389,2024-03-11 21:21:12,1.11,1.14,36.0,990.0,9.8,13.5
390,2024-03-11 21:21:13,1.11,1.14,36.0,65.0,9.8,13.5
391,2024-03-11 21:21:14,1.11,1.14,36.0,65.0,9.8,13.5
392,2024-03-11 21:21:15,1.11,1.14,36.0,65.0,9.8,13.5
393,2024-03-11 21:21:16,1.11,1.14,36.0,65.0,11.0,13.5
394,2024-03-11 21:21:17,1.11,1.13,48.0,65.0,11.0,12.5
395,2024-03-11 21:21:18,1.11,1.14,36.0,65.0,11.0,12.5
396,2024-03-11 21:21:19,1.11,1.14,36.0,65.0,11.0,12.5
397,2024-03-11 21:21:20,1.11,1.14,36.0,65.0,11.0,12.5
398,2024-03-11 21:21:21,1.11,1.12,36.0,65.0,10.5,12.5
399,2024-03-11 21:21:22,1.11,1.12,36.0,65.0,10.5,12.5
400,2024-03-11 21:21:23,1.11,1.14,36.0,65.0,10.5,12.5
401,2024-03-11 21:21:24,1.11,1.14,36.0,65.0,10.5,12.5
402,2024-03-11 21:21:25,1.11,1.14,36.0,65.0,10.5,12.5
403,2024-03-11 21:21:26,1.11,1.14,36.0,65.0,10.5,12.5
404,2024-03-11 21:21:27,1.11,1.14,36.0,65.0,10.5,12.5
405,2024-03-11 21:21:28,1.11,1.14,36.0,65.0,10.5,12.5
406,2024-03-11 21:21:29,1.11,1.14,36.0,65.0,10.5,12.5
407,2024-03-11 21:21:30,1.11,1.14,36.0,65.0,10.5,12.5
408,2024-03-11 21:21:31,1.11,1.14,36.0,65.0,10.5,12.5
409,2024-03-11 21:21:32,1.11,1.14,46.0,65.0,10.5,12.5
410,2024-03-11 21:21:33,1.11,1.14,46.0,65.0,10.5,12.5
411,2024-03-11 21:21:34,1.11,1.14,46.0,65.0,10.5,12.5
412,2024-03-11 21:21:35,1.11,1.14,46.0,65.0,10.5,12.5
413,2024-03-11 21:21:36,1.11,1.14,46.0,65.0,10.5,12.5
415,2024-03-11 21:21:38,1.11,1.14,46.0,65.0,10.5,12.5
416,2024-03-11 21:21:39,1.11,1.14,46.0,65.0,10.5,12.5
417,2024-03-11 21:21:40,1.11,1.14,46.0,65.0,10.5,12.5
418,2024-03-11 21:21:41,1.11,1.14,46.0,65.0,10.5,12.5
419,2024-03-11 21:21:42,1.11,1.14,46.0,65.0,10.5,12.5
420,2024-03-11 21:21:43,1.11,1.14,46.0,65.0,10.5,12.5
421,2024-03-11 21:21:44,1.11,1.14,46.0,65.0,10.5,12.5
422,2024-03-11 21:21:45,1.11,1.14,46.0,65.0,10.5,12.5
423,2024-03-11 21:21:46,1.11,1.14,46.0,65.0,10.5,12.5
424,2024-03-11 21:21:47,1.11,1.14,46.0,65.0,10.5,12.5
425,2024-03-11 21:21:48,1.11,1.14,46.0,65.0,10.5,12.5
426,2024-03-11 21:21:49,1.11,1.14,46.0,65.0,10.5,12.5
427,2024-03-11 21:21:50,1.11,1.14,46.0,65.0,10.5,12.5
428,2024-03-11 21:21:51,1.11,1.14,46.0,65.0,10.5,12.5
429,2024-03-11 21:21:52,1.11,1.14,46.0,65.0,10.5,12.5
430,2024-03-11 21:21:53,1.11,1.14,46.0,65.0,10.5,12.5
431,2024-03-11 21:21:54,1.11,1.14,46.0,65.0,10.5,12.5
432,2024-03-11 21:21:55,1.11,1.14,46.0,65.0,10.5,12.5
433,2024-03-11 21:21:56,1.11,1.12,46.0,65.0,10.5,12.5
434,2024-03-11 21:21:57,1.11,1.12,46.0,65.0,10.5,12.5
435,2024-03-11 21:21:58,1.11,1.12,46.0,65.0,10.5,12.5
436,2024-03-11 21:21:59,1.11,1.12,46.0,65.0,10.5,12.5
437,2024-03-11 21:22:00,1.11,1.12,46.0,65.0,10.5,12.5
438,2024-03-11 21:22:01,1.09,1.12,46.0,65.0,10.5,14.0
439,2024-03-11 21:22:02,1.09,1.12,46.0,65.0,10.5,14.0
440,2024-03-11 21:22:03,1.09,1.12,46.0,65.0,10.5,14.0
441,2024-03-11 21:22:04,1.09,1.12,46.0,65.0,10.5,14.0
443,2024-03-11 21:22:06,1.09,1.12,46.0,65.0,10.5,14.0
444,2024-03-11 21:22:07,1.09,1.12,46.0,65.0,10.5,14.0
445,2024-03-11 21:22:08,1.09,1.12,46.0,65.0,10.5,14.0
446,2024-03-11 21:22:09,1.1,1.12,46.0,65.0,10.5,13.5
447,2024-03-11 21:22:10,1.1,1.12,48.0,65.0,10.5,13.5
448,2024-03-11 21:22:11,1.1,1.12,48.0,65.0,10.5,14.0
449,2024-03-11 21:22:12,1.1,1.12,48.0,65.0,10.5,11.0
450,2024-03-11 21:22:13,1.1,1.12,48.0,65.0,10.5,11.0
451,2024-03-11 21:22:14,1.1,1.12,48.0,65.0,10.5,11.0
452,2024-03-11 21:22:15,1.1,1.12,48.0,65.0,10.5,11.0
453,2024-03-11 21:22:16,1.1,1.12,48.0,65.0,10.5,11.0
454,2024-03-11 21:22:17,1.1,1.11,48.0,65.0,10.5,12.5
455,2024-03-11 21:22:18,1.1,1.11,48.0,65.0,10.5,12.5
456,2024-03-11 21:22:19,1.1,1.11,48.0,65.0,10.5,12.5
457,2024-03-11 21:22:20,1.1,1.11,50.0,65.0,10.5,12.5
458,2024-03-11 21:22:21,1.1,1.11,50.0,65.0,10.5,12.5
459,2024-03-11 21:22:22,1.1,1.11,50.0,65.0,10.5,12.5
460,2024-03-11 21:22:23,1.1,1.11,50.0,65.0,10.5,12.5
461,2024-03-11 21:22:24,1.1,1.11,50.0,65.0,10.5,12.5
462,2024-03-11 21:22:25,1.1,1.14,36.0,65.0,10.0,12.5
463,2024-03-11 21:22:26,1.1,1.14,36.0,65.0,10.0,12.5
464,2024-03-11 21:22:27,1.1,1.14,36.0,65.0,10.0,12.5
465,2024-03-11 21:22:28,1.1,1.14,36.0,65.0,10.0,12.5
466,2024-03-11 21:22:29,1.1,1.14,36.0,65.0,10.0,12.5
467,2024-03-11 21:22:30,1.1,1.14,36.0,65.0,10.0,12.5
468,2024-03-11 21:22:31,1.1,1.14,36.0,65.0,10.0,12.5
469,2024-03-11 21:22:32,1.1,1.14,36.0,65.0,10.0,12.5
471,2024-03-11 21:22:34,1.1,1.14,36.0,65.0,10.5,14.0
472,2024-03-11 21:22:35,1.1,1.14,36.0,65.0,10.5,14.0
473,2024-03-11 21:22:36,1.1,1.14,36.0,65.0,10.5,14.0
474,2024-03-11 21:22:37,1.1,1.12,48.0,65.0,10.5,14.0
475,2024-03-11 21:22:38,1.1,1.12,48.0,65.0,10.5,14.0
476,2024-03-11 21:22:39,1.1,1.12,48.0,65.0,10.5,13.5
477,2024-03-11 21:22:40,1.1,1.12,48.0,65.0,10.5,13.5
478,2024-03-11 21:22:41,1.1,1.12,48.0,65.0,10.5,13.5
479,2024-03-11 21:22:42,1.1,1.12,48.0,65.0,10.5,13.5
480,2024-03-11 21:22:43,1.1,1.12,48.0,65.0,10.5,13.5
481,2024-03-11 21:22:44,1.1,1.12,48.0,65.0,10.5,13.5
482,2024-03-11 21:22:45,1.1,1.12,48.0,65.0,10.5,13.5
483,2024-03-11 21:22:46,1.1,1.12,48.0,65.0,10.5,13.5
484,2024-03-11 21:22:47,1.1,1.12,48.0,65.0,10.5,13.5
485,2024-03-11 21:22:48,1.1,1.12,48.0,65.0,10.5,13.5
486,2024-03-11 21:22:49,1.1,1.12,48.0,65.0,10.5,13.5
487,2024-03-11 21:22:50,1.1,1.12,48.0,65.0,10.5,13.5
488,2024-03-11 21:22:51,1.1,1.12,48.0,65.0,10.5,13.5
489,2024-03-11 21:22:52,1.1,1.12,48.0,65.0,10.5,13.5
490,2024-03-11 21:22:53,1.1,1.12,48.0,65.0,10.5,13.5
491,2024-03-11 21:22:54,1.1,1.12,48.0,65.0,10.5,13.5
492,2024-03-11 21:22:55,1.1,1.12,48.0,65.0,10.5,13.5
493,2024-03-11 21:22:56,1.1,1.12,48.0,65.0,10.5,13.5
494,2024-03-11 21:22:57,1.1,1.12,48.0,65.0,10.5,13.5
495,2024-03-11 21:22:58,1.1,1.12,48.0,65.0,10.5,13.5
496,2024-03-11 21:22:59,1.1,1.12,48.0,65.0,10.5,13.5
498,2024-03-11 21:23:01,1.1,1.12,48.0,65.0,10.5,13.5
499,2024-03-11 21:23:02,1.1,1.12,48.0,65.0,10.5,13.5
500,2024-03-11 21:23:03,1.1,1.12,48.0,65.0,10.5,13.5
501,2024-03-11 21:23:04,1.1,1.12,48.0,65.0,10.5,13.5
502,2024-03-11 21:23:05,1.1,1.13,36.0,65.0,10.5,13.5
503,2024-03-11 21:23:06,1.1,1.13,36.0,65.0,10.5,13.5
504,2024-03-11 21:23:07,1.1,1.13,36.0,65.0,10.5,13.5
505,2024-03-11 21:23:08,1.1,1.13,36.0,65.0,10.5,13.5
506,2024-03-11 21:23:09,1.1,1.13,36.0,65.0,10.5,13.5
507,2024-03-11 21:23:10,1.1,1.13,36.0,65.0,10.5,13.5
508,2024-03-11 21:23:11,1.1,1.13,36.0,65.0,10.5,13.5
509,2024-03-11 21:23:12,1.1,1.13,36.0,65.0,10.5,13.5
510,2024-03-11 21:23:13,1.1,1.13,36.0,65.0,10.5,13.5
511,2024-03-11 21:23:14,1.1,1.13,36.0,65.0,10.5,13.5
512,2024-03-11 21:23:15,1.1,1.13,36.0,65.0,10.5,13.5
513,2024-03-11 21:23:16,1.1,1.13,36.0,65.0,10.5,13.5
514,2024-03-11 21:23:17,1.1,1.13,36.0,65.0,10.5,13.5
515,2024-03-11 21:23:18,1.1,1.13,36.0,65.0,11.0,13.5
516,2024-03-11 21:23:19,1.1,1.13,36.0,65.0,11.0,13.5
517,2024-03-11 21:23:20,1.1,1.13,36.0,65.0,11.0,13.5
518,2024-03-11 21:23:21,1.1,1.13,36.0,65.0,11.0,13.5
519,2024-03-11 21:23:22,1.1,1.13,36.0,65.0,11.0,13.5
520,2024-03-11 21:23:23,1.1,1.13,36.0,65.0,11.0,13.5
521,2024-03-11 21:23:24,1.1,1.13,36.0,65.0,11.0,13.5
522,2024-03-11 21:23:25,1.1,1.13,36.0,65.0,11.0,13.5
523,2024-03-11 21:23:26,1.1,1.13,36.0,65.0,11.0,13.5
525,2024-03-11 21:23:28,1.1,1.13,36.0,65.0,11.0,13.5
526,2024-03-11 21:23:29,1.1,1.13,36.0,65.0,11.0,13.5
527,2024-03-11 21:23:30,1.1,1.13,36.0,65.0,11.0,13.5
528,2024-03-11 21:23:31,1.1,1.13,36.0,65.0,11.0,13.5
529,2024-03-11 21:23:32,1.1,1.13,36.0,65.0,11.0,13.5
530,2024-03-11 21:23:33,1.1,1.13,36.0,65.0,11.0,13.5
531,2024-03-11 21:23:34,1.1,1.13,36.0,65.0,11.0,13.5
532,2024-03-11 21:23:35,1.1,1.13,36.0,65.0,11.0,13.5
533,2024-03-11 21:23:36,1.1,1.13,36.0,65.0,11.0,13.5
534,2024-03-11 21:23:37,1.1,1.13,36.0,65.0,11.0,13.5
535,2024-03-11 21:23:38,1.1,1.13,36.0,65.0,11.0,13.5
536,2024-03-11 21:23:39,1.1,1.13,36.0,65.0,11.0,13.5
537,2024-03-11 21:23:40,1.1,1.13,36.0,65.0,11.0,13.5
538,2024-03-11 21:23:41,1.1,1.13,36.0,65.0,11.0,13.5
539,2024-03-11 21:23:42,1.1,1.13,36.0,65.0,11.0,13.5
540,2024-03-11 21:23:43,1.1,1.13,36.0,65.0,11.0,13.5
541,2024-03-11 21:23:44,1.1,1.13,36.0,65.0,11.0,13.5
542,2024-03-11 21:23:45,1.1,1.13,36.0,65.0,11.0,13.5
543,2024-03-11 21:23:46,1.1,1.13,36.0,65.0,11.0,13.5
544,2024-03-11 21:23:47,1.1,1.13,36.0,65.0,11.0,13.5
545,2024-03-11 21:23:48,1.1,1.13,36.0,65.0,11.0,13.5
546,2024-03-11 21:23:49,1.1,1.12,36.0,65.0,11.0,13.5
547,2024-03-11 21:23:50,1.09,1.12,36.0,990.0,11.0,14.5
548,2024-03-11 21:23:51,1.09,1.12,36.0,990.0,11.0,14.5
549,2024-03-11 21:23:52,1.09,1.12,36.0,990.0,11.0,14.5
550,2024-03-11 21:23:53,1.09,1.12,36.0,990.0,11.0,14.5
552,2024-03-11 21:23:55,1.09,1.12,36.0,990.0,11.0,14.5
553,2024-03-11 21:23:56,1.09,1.12,36.0,80.0,11.0,14.5
554,2024-03-11 21:23:57,1.09,1.12,36.0,80.0,11.0,14.5
555,2024-03-11 21:23:58,1.09,1.12,36.0,80.0,11.0,14.0
556,2024-03-11 21:23:59,1.09,1.12,36.0,80.0,11.5,14.0
557,2024-03-11 21:24:00,1.09,1.12,36.0,80.0,11.5,14.0
558,2024-03-11 21:24:01,1.09,1.12,36.0,80.0,11.5,14.5
559,2024-03-11 21:24:02,1.09,1.12,36.0,80.0,11.5,14.5
560,2024-03-11 21:24:03,1.09,1.12,36.0,80.0,11.5,14.5
561,2024-03-11 21:24:04,1.09,1.12,36.0,80.0,11.5,14.5
562,2024-03-11 21:24:05,1.09,1.12,36.0,80.0,11.5,14.5
563,2024-03-11 21:24:06,1.09,1.12,36.0,80.0,11.5,14.5
564,2024-03-11 21:24:07,1.09,1.12,36.0,80.0,11.5,14.5
565,2024-03-11 21:24:08,1.09,1.12,36.0,80.0,11.5,14.5
566,2024-03-11 21:24:09,1.09,1.12,36.0,80.0,11.5,14.5
567,2024-03-11 21:24:10,1.09,1.12,36.0,80.0,11.5,14.5
568,2024-03-11 21:24:11,1.09,1.12,36.0,80.0,11.5,14.5
569,2024-03-11 21:24:12,1.09,1.12,36.0,80.0,11.5,14.5
570,2024-03-11 21:24:13,1.09,1.12,36.0,80.0,11.5,14.5
571,2024-03-11 21:24:14,1.09,1.12,36.0,80.0,11.5,14.5
572,2024-03-11 21:24:15,1.09,1.12,36.0,80.0,11.5,14.5
573,2024-03-11 21:24:16,1.09,1.12,36.0,80.0,11.5,14.5
574,2024-03-11 21:24:17,1.09,1.12,36.0,80.0,11.5,14.5
576,2024-03-11 21:24:19,1.09,1.12,36.0,80.0,11.5,14.5
577,2024-03-11 21:24:20,1.09,1.12,36.0,80.0,11.5,14.5
578,2024-03-11 21:24:21,1.09,1.12,36.0,80.0,11.5,14.5
579,2024-03-11 21:24:22,1.09,1.12,36.0,80.0,11.5,14.5
580,2024-03-11 21:24:23,1.09,1.12,36.0,80.0,11.5,14.5
581,2024-03-11 21:24:24,1.09,1.12,36.0,80.0,11.5,14.5
582,2024-03-11 21:24:25,1.09,1.12,36.0,80.0,11.5,14.5
583,2024-03-11 21:24:26,1.08,1.12,36.0,80.0,11.5,14.5
584,2024-03-11 21:24:27,1.08,1.12,40.0,80.0,12.5,14.5
585,2024-03-11 21:24:28,1.08,1.12,40.0,80.0,11.5,15.5
586,2024-03-11 21:24:29,1.08,1.12,40.0,80.0,11.5,15.5
587,2024-03-11 21:24:30,1.08,1.12,40.0,80.0,11.5,15.5
588,2024-03-11 21:24:31,1.08,1.12,40.0,80.0,11.5,15.5
589,2024-03-11 21:24:32,1.08,1.1,40.0,80.0,11.5,15.5
590,2024-03-11 21:24:33,1.08,1.1,60.0,80.0,11.5,15.5
591,2024-03-11 21:24:34,1.08,1.1,60.0,80.0,11.5,15.5
592,2024-03-11 21:24:35,1.08,1.1,60.0,80.0,11.5,15.5
593,2024-03-11 21:24:36,1.08,1.1,60.0,80.0,11.5,15.5
594,2024-03-11 21:24:37,1.08,1.1,60.0,80.0,11.5,15.5
595,2024-03-11 21:24:38,1.08,1.1,60.0,80.0,11.5,15.0
596,2024-03-11 21:24:39,1.08,1.1,60.0,80.0,11.5,15.0
597,2024-03-11 21:24:40,1.08,1.1,60.0,80.0,11.5,15.0
598,2024-03-11 21:24:41,1.08,1.1,60.0,80.0,11.5,15.0
600,2024-03-11 21:24:43,1.08,1.1,60.0,80.0,11.5,15.0
601,2024-03-11 21:24:44,1.08,1.1,60.0,80.0,11.5,15.0
602,2024-03-11 21:24:45,1.08,1.1,60.0,80.0,11.5,15.0
603,2024-03-11 21:24:46,1.08,1.1,60.0,80.0,11.5,15.0
604,2024-03-11 21:24:47,1.08,1.1,60.0,80.0,11.5,15.0
605,2024-03-11 21:24:48,1.08,1.1,60.0,80.0,11.5,15.0
606,2024-03-11 21:24:49,1.08,1.1,60.0,80.0,11.5,15.0
607,2024-03-11 21:24:50,1.08,1.1,60.0,80.0,11.5,15.0
608,2024-03-11 21:24:51,1.08,1.1,60.0,80.0,11.5,15.0
609,2024-03-11 21:24:52,1.08,1.1,60.0,90.0,11.5,15.5
610,2024-03-11 21:24:53,1.08,1.1,60.0,990.0,11.5,15.5
611,2024-03-11 21:24:54,1.08,1.1,60.0,990.0,11.5,15.5
612,2024-03-11 21:24:55,1.08,1.1,60.0,990.0,11.5,15.5
613,2024-03-11 21:24:56,1.08,1.1,60.0,990.0,11.5,15.5
614,2024-03-11 21:24:57,1.08,1.1,60.0,990.0,11.5,15.5
615,2024-03-11 21:24:58,1.08,1.1,60.0,990.0,11.5,15.5
616,2024-03-11 21:24:59,1.08,1.1,60.0,90.0,11.5,15.0
617,2024-03-11 21:25:00,1.08,1.1,60.0,90.0,11.5,15.0
618,2024-03-11 21:25:01,1.08,1.1,60.0,90.0,11.5,15.5
619,2024-03-11 21:25:02,1.08,1.1,60.0,90.0,11.5,15.5
621,2024-03-11 21:25:04,1.08,1.1,60.0,90.0,11.5,15.5
622,2024-03-11 21:25:05,1.08,1.1,60.0,90.0,11.5,15.5
623,2024-03-11 21:25:06,1.08,1.1,60.0,90.0,11.5,15.5
624,2024-03-11 21:25:07,1.08,1.1,60.0,90.0,11.5,15.5
625,2024-03-11 21:25:08,1.08,1.1,60.0,90.0,11.5,15.5
626,2024-03-11 21:25:09,1.08,1.1,65.0,90.0,13.0,15.5
627,2024-03-11 21:25:10,1.08,1.1,65.0,90.0,13.0,16.0
628,2024-03-11 21:25:11,1.08,1.11,65.0,90.0,13.0,15.5
629,2024-03-11 21:25:12,1.08,1.11,65.0,90.0,13.0,15.5
630,2024-03-11 21:25:13,1.08,1.11,65.0,90.0,13.0,15.5
631,2024-03-11 21:25:14,1.08,1.11,65.0,90.0,13.0,15.5
632,2024-03-11 21:25:15,1.08,1.11,65.0,90.0,13.0,15.5
633,2024-03-11 21:25:16,1.08,1.11,65.0,90.0,13.0,15.5
634,2024-03-11 21:25:17,1.08,1.11,65.0,90.0,13.0,16.5
635,2024-03-11 21:25:18,1.08,1.11,65.0,90.0,13.0,16.5
636,2024-03-11 21:25:19,1.08,1.11,65.0,90.0,13.0,16.5
637,2024-03-11 21:25:20,1.08,1.11,65.0,90.0,12.5,16.5
638,2024-03-11 21:25:21,1.08,1.11,65.0,90.0,12.5,16.5
639,2024-03-11 21:25:22,1.08,1.11,65.0,90.0,12.5,16.5
640,2024-03-11 21:25:23,1.08,1.11,65.0,90.0,12.5,16.5
641,2024-03-11 21:25:24,1.08,1.11,65.0,90.0,12.5,16.0
643,2024-03-11 21:25:26,1.08,1.11,65.0,90.0,12.5,16.0
644,2024-03-11 21:25:27,1.08,1.11,65.0,90.0,12.5,16.0
645,2024-03-11 21:25:28,1.08,1.11,65.0,90.0,12.5,16.0
646,2024-03-11 21:25:29,1.08,1.11,65.0,90.0,12.5,16.0
647,2024-03-11 21:25:30,1.08,1.11,65.0,90.0,12.5,16.0
648,2024-03-11 21:25:31,1.08,1.11,65.0,90.0,12.5,16.0
649,2024-03-11 21:25:32,1.08,1.11,60.0,90.0,12.5,16.0
650,2024-03-11 21:25:33,1.08,1.11,60.0,90.0,12.5,16.0
651,2024-03-11 21:25:34,1.08,1.11,60.0,90.0,12.5,16.0
652,2024-03-11 21:25:35,1.08,1.11,60.0,90.0,12.5,16.0
653,2024-03-11 21:25:36,1.08,1.11,60.0,90.0,13.0,16.0
654,2024-03-11 21:25:37,1.08,1.11,60.0,90.0,12.5,16.0
655,2024-03-11 21:25:38,1.08,1.11,55.0,90.0,12.5,16.0
656,2024-03-11 21:25:39,1.08,1.11,55.0,90.0,11.5,16.0
657,2024-03-11 21:25:40,1.08,1.11,55.0,90.0,11.5,16.0
658,2024-03-11 21:25:41,1.08,1.11,55.0,90.0,11.5,16.0
659,2024-03-11 21:25:42,1.08,1.11,55.0,90.0,11.5,16.0
660,2024-03-11 21:25:43,1.08,1.11,55.0,90.0,11.5,16.0
661,2024-03-11 21:25:44,1.08,1.11,55.0,90.0,11.5,16.0
662,2024-03-11 21:25:45,1.08,1.1,65.0,90.0,12.5,16.0
663,2024-03-11 21:25:46,1.08,1.1,65.0,90.0,12.5,16.0
665,2024-03-11 21:25:48,1.08,1.1,65.0,90.0,12.5,16.0
666,2024-03-11 21:25:49,1.08,1.1,65.0,90.0,12.5,16.0
667,2024-03-11 21:25:50,1.08,1.1,65.0,90.0,12.5,16.0
668,2024-03-11 21:25:51,1.08,1.1,65.0,90.0,12.5,16.0
669,2024-03-11 21:25:52,1.08,1.1,65.0,90.0,12.5,16.0
670,2024-03-11 21:25:53,1.08,1.1,65.0,90.0,12.5,16.0
671,2024-03-11 21:25:54,1.08,1.1,65.0,90.0,12.5,16.0
672,2024-03-11 21:25:55,1.08,1.1,65.0,90.0,12.5,16.0
673,2024-03-11 21:25:56,1.08,1.1,65.0,90.0,12.5,16.0
674,2024-03-11 21:25:57,1.08,1.1,65.0,90.0,12.5,16.0
675,2024-03-11 21:25:58,1.08,1.1,65.0,90.0,12.5,16.0
676,2024-03-11 21:25:59,1.08,1.1,65.0,90.0,12.5,16.0
677,2024-03-11 21:26:00,1.08,1.1,65.0,90.0,12.5,16.0
678,2024-03-11 21:26:01,1.08,1.1,65.0,90.0,12.5,16.0
679,2024-03-11 21:26:02,1.08,1.1,65.0,90.0,12.5,16.0
680,2024-03-11 21:26:03,1.08,1.11,70.0,90.0,12.5,16.0
681,2024-03-11 21:26:04,1.08,1.11,70.0,90.0,12.5,16.0
682,2024-03-11 21:26:05,1.07,1.11,70.0,990.0,12.5,16.5
683,2024-03-11 21:26:06,1.07,1.11,70.0,990.0,12.5,16.5
685,2024-03-11 21:26:08,1.07,1.11,70.0,990.0,12.5,16.5
686,2024-03-11 21:26:09,1.07,1.11,70.0,990.0,12.5,16.5
687,2024-03-11 21:26:10,1.07,1.11,70.0,990.0,12.5,16.5
688,2024-03-11 21:26:11,1.07,1.11,70.0,100.0,12.5,16.5
689,2024-03-11 21:26:12,1.07,1.11,70.0,990.0,12.5,16.5
690,2024-03-11 21:26:13,1.07,1.11,70.0,990.0,12.5,16.5
691,2024-03-11 21:26:14,1.07,1.11,70.0,990.0,12.5,16.5
692,2024-03-11 21:26:15,1.07,1.11,70.0,990.0,12.5,16.5
693,2024-03-11 21:26:16,1.07,1.11,70.0,990.0,12.5,16.5
694,2024-03-11 21:26:17,1.07,1.11,70.0,990.0,12.5,16.5
695,2024-03-11 21:26:18,1.07,1.11,70.0,990.0,12.5,16.5
696,2024-03-11 21:26:19,1.07,1.11,70.0,990.0,12.5,16.5
697,2024-03-11 21:26:20,1.07,1.11,70.0,990.0,12.5,16.5
698,2024-03-11 21:26:21,1.07,1.11,70.0,990.0,12.5,16.5
699,2024-03-11 21:26:22,1.08,1.11,70.0,95.0,12.5,15.0
700,2024-03-11 21:26:23,1.08,1.11,70.0,95.0,12.5,15.0
701,2024-03-11 21:26:24,1.08,1.11,70.0,95.0,12.5,15.0
702,2024-03-11 21:26:25,1.08,1.11,70.0,95.0,12.5,15.0
703,2024-03-11 21:26:26,1.08,1.11,70.0,95.0,12.5,15.0
704,2024-03-11 21:26:27,1.08,1.11,70.0,95.0,12.5,15.0
706,2024-03-11 21:26:29,1.08,1.11,70.0,95.0,12.5,15.0
707,2024-03-11 21:26:30,1.08,1.11,70.0,95.0,12.5,15.0
708,2024-03-11 21:26:31,1.08,1.11,70.0,95.0,12.5,15.0
709,2024-03-11 21:26:32,1.08,1.11,70.0,95.0,12.5,15.0
710,2024-03-11 21:26:33,1.08,1.11,70.0,95.0,12.5,15.0
711,2024-03-11 21:26:34,1.08,1.11,70.0,95.0,12.5,15.0
712,2024-03-11 21:26:35,1.08,1.11,70.0,95.0,12.5,15.0
713,2024-03-11 21:26:36,1.08,1.11,70.0,95.0,12.5,15.0
714,2024-03-11 21:26:37,1.08,1.11,70.0,95.0,12.5,15.0
715,2024-03-11 21:26:38,1.08,1.11,70.0,95.0,12.5,15.0
716,2024-03-11 21:26:39,1.08,1.11,55.0,95.0,12.0,15.0
717,2024-03-11 21:26:40,1.08,1.11,55.0,95.0,12.0,15.0
718,2024-03-11 21:26:41,1.08,1.11,55.0,95.0,12.0,15.0
719,2024-03-11 21:26:42,1.08,1.11,55.0,95.0,12.0,15.0
720,2024-03-11 21:26:43,1.08,1.11,55.0,95.0,12.0,15.0
721,2024-03-11 21:26:44,1.08,1.11,55.0,95.0,12.0,15.0
722,2024-03-11 21:26:45,1.08,1.11,55.0,95.0,12.0,15.0
723,2024-03-11 21:26:46,1.08,1.1,55.0,95.0,13.0,15.0
724,2024-03-11 21:26:47,1.08,1.1,55.0,95.0,13.0,15.0
726,2024-03-11 21:26:49,1.08,1.1,55.0,95.0,13.0,15.0
727,2024-03-11 21:26:50,1.08,1.1,70.0,95.0,13.0,15.0
728,2024-03-11 21:26:51,1.08,1.1,70.0,95.0,13.0,15.0
729,2024-03-11 21:26:52,1.08,1.1,70.0,95.0,13.0,15.0
730,2024-03-11 21:26:53,1.08,1.1,70.0,95.0,13.0,15.0
731,2024-03-11 21:26:54,1.08,1.1,70.0,95.0,13.0,15.0
732,2024-03-11 21:26:55,1.08,1.1,70.0,95.0,13.0,15.0
733,2024-03-11 21:26:56,1.08,1.1,70.0,95.0,13.0,15.0
734,2024-03-11 21:26:57,1.08,1.1,70.0,95.0,13.0,17.0
735,2024-03-11 21:26:58,1.08,1.1,70.0,95.0,13.0,17.0
736,2024-03-11 21:26:59,1.08,1.1,70.0,95.0,13.0,17.0
737,2024-03-11 21:27:00,1.08,1.1,75.0,95.0,13.0,13.5
738,2024-03-11 21:27:01,1.08,1.1,75.0,95.0,13.0,13.5
739,2024-03-11 21:27:02,1.08,1.1,75.0,95.0,13.0,13.5
740,2024-03-11 21:27:03,1.08,1.1,75.0,95.0,13.0,13.5
741,2024-03-11 21:27:04,1.08,1.1,75.0,95.0,13.0,15.5
742,2024-03-11 21:27:05,1.08,1.1,75.0,95.0,13.0,15.5
743,2024-03-11 21:27:06,1.08,1.1,75.0,95.0,13.0,15.5
744,2024-03-11 21:27:07,1.08,1.1,75.0,95.0,13.0,15.5
745,2024-03-11 21:27:08,1.08,1.1,75.0,95.0,13.0,15.5
747,2024-03-11 21:27:10,1.08,1.1,75.0,95.0,13.0,15.5
748,2024-03-11 21:27:11,1.08,1.1,75.0,95.0,13.0,15.5
749,2024-03-11 21:27:12,1.08,1.1,75.0,95.0,13.0,15.5
750,2024-03-11 21:27:13,1.08,1.1,75.0,95.0,13.0,15.5
751,2024-03-11 21:27:14,1.08,1.1,75.0,95.0,13.0,15.5
752,2024-03-11 21:27:15,1.08,1.1,75.0,95.0,13.0,15.5
753,2024-03-11 21:27:16,1.08,1.1,75.0,95.0,13.0,16.5
754,2024-03-11 21:27:17,1.07,1.1,75.0,95.0,13.0,17.0
755,2024-03-11 21:27:18,1.07,1.1,75.0,95.0,13.0,17.0
756,2024-03-11 21:27:19,1.07,1.1,75.0,95.0,13.0,17.0
757,2024-03-11 21:27:20,1.07,1.11,55.0,95.0,12.0,17.0
758,2024-03-11 21:27:21,1.07,1.11,55.0,95.0,12.0,17.0
759,2024-03-11 21:27:22,1.07,1.11,55.0,95.0,12.0,16.5
760,2024-03-11 21:27:23,1.07,1.11,55.0,95.0,12.0,16.5
761,2024-03-11 21:27:24,1.07,1.11,55.0,95.0,12.0,16.5
762,2024-03-11 21:27:25,1.07,1.11,55.0,95.0,12.0,16.5
763,2024-03-11 21:27:26,1.07,1.11,55.0,95.0,12.0,16.5
764,2024-03-11 21:27:27,1.07,1.11,55.0,95.0,12.0,16.5
765,2024-03-11 21:27:28,1.07,1.11,55.0,95.0,12.0,16.5
767,2024-03-11 21:27:30,1.07,1.11,55.0,95.0,12.0,16.5
768,2024-03-11 21:27:31,1.07,1.11,55.0,95.0,12.0,16.5
769,2024-03-11 21:27:32,1.07,1.11,55.0,95.0,12.0,16.5
770,2024-03-11 21:27:33,1.07,1.11,55.0,95.0,12.0,16.5
771,2024-03-11 21:27:34,1.07,1.11,55.0,95.0,12.0,16.5
772,2024-03-11 21:27:35,1.07,1.1,75.0,95.0,13.5,16.5
773,2024-03-11 21:27:36,1.07,1.1,75.0,95.0,13.5,16.5
774,2024-03-11 21:27:37,1.07,1.1,75.0,95.0,13.5,16.5
775,2024-03-11 21:27:38,1.07,1.1,75.0,95.0,13.5,16.5
776,2024-03-11 21:27:39,1.07,1.1,75.0,95.0,13.5,16.5
777,2024-03-11 21:27:40,1.07,1.1,75.0,95.0,13.5,16.5
778,2024-03-11 21:27:41,1.07,1.1,75.0,95.0,13.5,16.5
779,2024-03-11 21:27:42,1.07,1.1,75.0,95.0,14.0,16.5
780,2024-03-11 21:27:43,1.07,1.1,75.0,95.0,14.0,16.5
781,2024-03-11 21:27:44,1.07,1.1,75.0,95.0,14.0,16.5
782,2024-03-11 21:27:45,1.07,1.1,75.0,95.0,14.0,16.5
783,2024-03-11 21:27:46,1.07,1.1,75.0,95.0,14.0,16.5
784,2024-03-11 21:27:47,1.07,1.1,75.0,95.0,14.0,16.5
785,2024-03-11 21:27:48,1.07,1.1,75.0,95.0,14.0,16.5
786,2024-03-11 21:27:49,1.07,1.1,75.0,95.0,14.0,16.5
788,2024-03-11 21:27:51,1.07,1.1,75.0,95.0,14.0,16.5
789,2024-03-11 21:27:52,1.07,1.1,75.0,95.0,14.0,16.5
790,2024-03-11 21:27:53,1.07,1.1,75.0,95.0,14.0,16.5
791,2024-03-11 21:27:54,1.02,1.1,55.0,990.0,14.0,990.0
792,2024-03-11 21:27:55,1.02,1.1,55.0,990.0,14.0,990.0
793,2024-03-11 21:27:56,1.02,1.1,55.0,990.0,14.0,990.0
794,2024-03-11 21:27:57,1.02,1.1,55.0,990.0,14.0,990.0
795,2024-03-11 21:27:58,1.02,1.1,55.0,990.0,14.0,990.0
796,2024-03-11 21:27:59,1.02,1.1,55.0,990.0,14.0,990.0
797,2024-03-11 21:28:00,1.02,1.1,55.0,990.0,14.0,990.0
798,2024-03-11 21:28:01,1.02,1.1,55.0,990.0,14.0,990.0
799,2024-03-11 21:28:02,1.02,1.1,55.0,990.0,14.0,990.0
800,2024-03-11 21:28:03,1.02,1.1,55.0,990.0,14.0,990.0
801,2024-03-11 21:28:04,1.02,1.1,55.0,990.0,14.0,990.0
802,2024-03-11 21:28:05,1.02,1.1,55.0,990.0,14.0,990.0
803,2024-03-11 21:28:06,1.02,1.1,55.0,990.0,14.0,990.0
804,2024-03-11 21:28:07,1.02,1.1,55.0,990.0,14.0,990.0
805,2024-03-11 21:28:08,1.02,1.1,55.0,990.0,14.0,990.0
806,2024-03-11 21:28:09,1.02,1.1,55.0,990.0,14.0,990.0
808,2024-03-11 21:28:11,1.02,1.1,55.0,990.0,14.0,990.0
809,2024-03-11 21:28:12,1.02,1.1,55.0,990.0,14.0,990.0
810,2024-03-11 21:28:13,1.02,1.1,55.0,990.0,14.0,990.0
811,2024-03-11 21:28:14,1.02,1.1,55.0,990.0,14.0,990.0
812,2024-03-11 21:28:15,1.02,1.1,55.0,990.0,14.0,990.0
813,2024-03-11 21:28:16,1.02,1.1,55.0,990.0,14.0,990.0
814,2024-03-11 21:28:17,1.02,1.1,55.0,990.0,14.0,990.0
815,2024-03-11 21:28:18,1.02,1.1,55.0,990.0,14.0,990.0
816,2024-03-11 21:28:19,1.02,1.1,55.0,990.0,14.0,990.0
817,2024-03-11 21:28:20,1.02,1.1,55.0,990.0,14.0,990.0
818,2024-03-11 21:28:21,1.02,1.1,55.0,990.0,14.0,990.0
819,2024-03-11 21:28:22,1.02,1.1,55.0,990.0,14.0,990.0
820,2024-03-11 21:28:23,1.02,1.1,55.0,990.0,14.0,990.0
821,2024-03-11 21:28:24,1.02,1.1,55.0,990.0,14.0,990.0
822,2024-03-11 21:28:25,1.02,1.1,55.0,990.0,14.0,990.0
823,2024-03-11 21:28:26,1.02,1.1,55.0,990.0,14.0,990.0
824,2024-03-11 21:28:27,1.02,1.1,55.0,990.0,14.0,990.0
825,2024-03-11 21:28:28,1.02,1.1,55.0,990.0,14.0,990.0
826,2024-03-11 21:28:29,1.02,1.1,55.0,990.0,14.0,990.0
827,2024-03-11 21:28:30,1.02,1.1,55.0,990.0,14.0,990.0
829,2024-03-11 21:28:32,1.02,1.1,55.0,990.0,14.0,990.0
830,2024-03-11 21:28:33,1.02,1.1,55.0,990.0,14.0,990.0
831,2024-03-11 21:28:34,1.02,1.1,55.0,990.0,14.0,990.0
832,2024-03-11 21:28:35,1.02,1.1,55.0,990.0,14.0,990.0
833,2024-03-11 21:28:36,1.02,1.1,55.0,990.0,14.0,990.0
834,2024-03-11 21:28:37,1.02,1.1,55.0,990.0,14.0,990.0
835,2024-03-11 21:28:38,1.02,1.1,55.0,990.0,14.0,990.0
836,2024-03-11 21:28:39,1.02,1.1,55.0,990.0,14.0,990.0
837,2024-03-11 21:28:40,1.02,1.1,55.0,990.0,14.0,990.0
838,2024-03-11 21:28:41,1.02,1.1,55.0,990.0,14.0,990.0
839,2024-03-11 21:28:42,1.02,1.1,55.0,990.0,14.0,990.0
840,2024-03-11 21:28:43,1.02,1.1,55.0,990.0,14.0,990.0
841,2024-03-11 21:28:44,1.02,1.1,55.0,990.0,14.0,990.0
842,2024-03-11 21:28:45,1.02,1.1,55.0,990.0,14.0,990.0
843,2024-03-11 21:28:46,1.02,1.1,55.0,990.0,14.0,990.0
844,2024-03-11 21:28:47,1.02,1.1,55.0,990.0,14.0,990.0
845,2024-03-11 21:28:48,1.02,1.1,55.0,990.0,14.0,990.0
846,2024-03-11 21:28:49,1.02,1.1,55.0,990.0,14.0,990.0
847,2024-03-11 21:28:50,1.02,1.1,55.0,990.0,14.0,990.0
849,2024-03-11 21:28:52,1.02,1.1,55.0,990.0,14.0,990.0
850,2024-03-11 21:28:53,1.02,1.1,55.0,990.0,14.0,990.0
851,2024-03-11 21:28:54,1.02,1.1,55.0,990.0,14.0,990.0
852,2024-03-11 21:28:55,1.02,1.1,55.0,990.0,14.0,990.0
853,2024-03-11 21:28:56,1.02,1.1,55.0,990.0,14.0,990.0
854,2024-03-11 21:28:57,1.02,1.1,55.0,990.0,14.0,990.0
855,2024-03-11 21:28:58,1.02,1.1,55.0,990.0,14.0,990.0
856,2024-03-11 21:28:59,1.02,1.1,55.0,990.0,14.0,990.0
857,2024-03-11 21:29:00,1.02,1.1,55.0,990.0,14.0,990.0
858,2024-03-11 21:29:01,1.02,1.1,55.0,990.0,14.0,990.0
859,2024-03-11 21:29:02,1.02,1.1,55.0,990.0,14.0,990.0
860,2024-03-11 21:29:03,1.02,1.1,55.0,990.0,14.0,990.0
861,2024-03-11 21:29:04,1.02,1.1,55.0,990.0,14.0,990.0
862,2024-03-11 21:29:05,1.02,1.1,55.0,990.0,14.0,990.0
863,2024-03-11 21:29:06,1.02,1.1,55.0,990.0,14.0,990.0
864,2024-03-11 21:29:07,1.02,1.1,55.0,990.0,14.0,990.0
865,2024-03-11 21:29:08,1.02,1.1,55.0,990.0,14.0,990.0
866,2024-03-11 21:29:09,1.02,1.1,55.0,990.0,14.0,990.0
867,2024-03-11 21:29:10,1.02,1.1,55.0,990.0,14.0,990.0
869,2024-03-11 21:29:12,1.02,1.1,55.0,990.0,14.0,990.0
870,2024-03-11 21:29:13,1.02,1.1,55.0,990.0,14.0,990.0
871,2024-03-11 21:29:14,1.02,1.1,55.0,990.0,14.0,990.0
872,2024-03-11 21:29:15,1.02,1.1,55.0,990.0,14.0,990.0
873,2024-03-11 21:29:16,1.02,1.1,55.0,990.0,14.0,990.0
874,2024-03-11 21:29:17,1.02,1.1,55.0,990.0,14.0,990.0
875,2024-03-11 21:29:18,1.02,1.1,55.0,990.0,14.0,990.0
876,2024-03-11 21:29:19,1.02,1.1,55.0,990.0,14.0,990.0
877,2024-03-11 21:29:20,1.02,1.1,55.0,990.0,14.0,990.0
878,2024-03-11 21:29:21,1.02,1.1,55.0,990.0,14.0,990.0
879,2024-03-11 21:29:22,1.02,1.1,55.0,990.0,14.0,990.0
880,2024-03-11 21:29:23,1.02,1.1,55.0,990.0,14.0,990.0
881,2024-03-11 21:29:24,1.02,1.1,55.0,990.0,14.0,990.0
882,2024-03-11 21:29:25,1.02,1.1,55.0,990.0,14.0,990.0
883,2024-03-11 21:29:26,1.02,1.1,55.0,990.0,14.0,990.0
884,2024-03-11 21:29:27,1.02,1.1,55.0,990.0,14.0,990.0
885,2024-03-11 21:29:28,1.02,1.1,55.0,990.0,14.0,990.0
886,2024-03-11 21:29:29,1.02,1.1,55.0,990.0,14.0,990.0
887,2024-03-11 21:29:30,1.02,1.1,55.0,990.0,14.0,990.0
888,2024-03-11 21:29:31,1.02,1.1,55.0,990.0,14.0,990.0
890,2024-03-11 21:29:33,1.02,1.1,55.0,990.0,14.0,990.0
891,2024-03-11 21:29:34,1.02,1.1,55.0,990.0,14.0,990.0
892,2024-03-11 21:29:35,1.02,1.1,55.0,990.0,14.0,990.0
893,2024-03-11 21:29:36,1.02,1.1,55.0,990.0,14.0,990.0
894,2024-03-11 21:29:37,1.02,1.1,55.0,990.0,14.0,990.0
895,2024-03-11 21:29:38,1.02,1.1,55.0,990.0,14.0,990.0
896,2024-03-11 21:29:39,1.02,1.1,55.0,990.0,14.0,990.0
897,2024-03-11 21:29:40,1.02,1.1,55.0,990.0,14.0,990.0
898,2024-03-11 21:29:41,1.02,1.1,55.0,990.0,14.0,990.0
899,2024-03-11 21:29:42,1.02,1.1,55.0,990.0,14.0,990.0
900,2024-03-11 21:29:43,1.02,1.1,55.0,990.0,14.0,990.0
901,2024-03-11 21:29:44,1.02,1.1,55.0,990.0,14.0,990.0
902,2024-03-11 21:29:45,1.02,1.1,55.0,990.0,14.0,990.0
903,2024-03-11 21:29:46,1.02,1.1,55.0,990.0,14.0,990.0
904,2024-03-11 21:29:47,1.02,1.1,55.0,990.0,14.0,990.0
905,2024-03-11 21:29:48,1.02,1.1,55.0,990.0,14.0,990.0
906,2024-03-11 21:29:49,1.02,1.1,55.0,990.0,14.0,990.0
907,2024-03-11 21:29:50,1.02,1.1,55.0,990.0,14.0,990.0
908,2024-03-11 21:29:51,1.02,1.1,55.0,990.0,14.0,990.0
910,2024-03-11 21:29:53,1.02,1.1,55.0,990.0,14.0,990.0
911,2024-03-11 21:29:54,1.02,1.1,55.0,990.0,14.0,990.0
912,2024-03-11 21:29:55,1.02,1.1,55.0,990.0,14.0,990.0
913,2024-03-11 21:29:56,1.02,1.1,55.0,990.0,14.0,990.0
914,2024-03-11 21:29:57,1.02,1.1,55.0,990.0,14.0,990.0
915,2024-03-11 21:29:58,1.02,1.1,55.0,990.0,14.0,990.0
916,2024-03-11 21:29:59,1.02,1.1,55.0,990.0,14.0,990.0
917,2024-03-11 21:30:00,1.02,1.1,55.0,990.0,14.0,990.0
918,2024-03-11 21:30:01,1.02,1.1,55.0,990.0,14.0,990.0
919,2024-03-11 21:30:02,1.02,1.1,55.0,990.0,14.0,990.0
920,2024-03-11 21:30:03,1.02,1.1,55.0,990.0,14.0,990.0
921,2024-03-11 21:30:04,1.02,1.1,55.0,990.0,14.0,990.0
922,2024-03-11 21:30:05,1.02,1.1,55.0,990.0,14.0,990.0
923,2024-03-11 21:30:06,1.02,1.1,55.0,990.0,14.0,990.0
924,2024-03-11 21:30:07,1.02,1.1,55.0,990.0,14.0,990.0
925,2024-03-11 21:30:08,1.02,1.1,55.0,990.0,14.0,990.0
926,2024-03-11 21:30:09,1.02,1.1,55.0,990.0,14.0,990.0
927,2024-03-11 21:30:10,1.02,1.1,55.0,990.0,14.0,990.0
928,2024-03-11 21:30:11,1.02,1.1,55.0,990.0,14.0,990.0
930,2024-03-11 21:30:13,1.02,1.1,55.0,990.0,14.0,990.0
931,2024-03-11 21:30:14,1.02,1.1,55.0,990.0,14.0,990.0
932,2024-03-11 21:30:15,1.02,1.1,55.0,990.0,14.0,990.0
933,2024-03-11 21:30:16,1.02,1.1,55.0,990.0,14.0,990.0
934,2024-03-11 21:30:17,1.02,1.1,55.0,990.0,14.0,990.0
935,2024-03-11 21:30:18,1.02,1.1,55.0,990.0,14.0,990.0
936,2024-03-11 21:30:19,1.02,1.1,55.0,990.0,14.0,990.0
937,2024-03-11 21:30:20,1.02,1.1,55.0,990.0,14.0,990.0
938,2024-03-11 21:30:21,1.02,1.1,55.0,990.0,14.0,990.0
939,2024-03-11 21:30:22,1.02,1.1,55.0,990.0,14.0,990.0
940,2024-03-11 21:30:23,1.02,1.1,55.0,990.0,14.0,990.0
941,2024-03-11 21:30:24,1.02,1.1,55.0,990.0,14.0,990.0
942,2024-03-11 21:30:25,1.02,1.1,55.0,990.0,14.0,990.0
943,2024-03-11 21:30:26,1.02,1.1,55.0,990.0,14.0,990.0
944,2024-03-11 21:30:27,1.02,1.1,55.0,990.0,14.0,990.0
945,2024-03-11 21:30:28,1.02,1.24,5.1,990.0,5.1,990.0
946,2024-03-11 21:30:29,1.02,1.24,5.1,990.0,5.1,990.0
947,2024-03-11 21:30:30,1.02,1.24,5.1,990.0,5.1,990.0
948,2024-03-11 21:30:31,1.02,1.24,5.1,990.0,5.1,990.0
950,2024-03-11 21:30:33,1.06,1.1,23.0,990.0,12.5,21.0
951,2024-03-11 21:30:34,1.06,1.1,23.0,990.0,12.5,21.0
952,2024-03-11 21:30:35,1.06,1.1,23.0,990.0,12.5,21.0
953,2024-03-11 21:30:36,1.06,1.1,23.0,990.0,12.5,21.0
954,2024-03-11 21:30:37,1.06,1.1,23.0,990.0,12.5,21.0
955,2024-03-11 21:30:38,1.06,1.09,28.0,990.0,12.5,21.0
956,2024-03-11 21:30:39,1.06,1.09,28.0,990.0,13.0,21.0
957,2024-03-11 21:30:40,1.06,1.09,28.0,990.0,13.0,21.0
958,2024-03-11 21:30:41,1.06,1.09,28.0,990.0,13.0,21.0
959,2024-03-11 21:30:42,1.06,1.09,28.0,990.0,13.0,21.0
960,2024-03-11 21:30:43,1.06,1.09,28.0,990.0,13.0,21.0
961,2024-03-11 21:30:44,1.06,1.09,28.0,990.0,13.0,21.0
962,2024-03-11 21:30:45,1.06,1.09,28.0,990.0,13.0,21.0
963,2024-03-11 21:30:46,1.06,1.09,28.0,990.0,13.0,21.0
964,2024-03-11 21:30:47,1.06,1.09,28.0,990.0,13.0,21.0
965,2024-03-11 21:30:48,1.06,1.09,55.0,140.0,13.0,19.0
966,2024-03-11 21:30:49,1.06,1.09,55.0,140.0,13.0,19.0
967,2024-03-11 21:30:50,1.06,1.09,55.0,140.0,13.0,19.0
969,2024-03-11 21:30:52,1.06,1.09,55.0,140.0,13.0,21.0
970,2024-03-11 21:30:53,1.06,1.09,55.0,140.0,14.5,21.0
971,2024-03-11 21:30:54,1.06,1.09,55.0,140.0,14.5,21.0
972,2024-03-11 21:30:55,1.06,1.09,55.0,140.0,14.5,21.0
973,2024-03-11 21:30:56,1.06,1.09,55.0,140.0,14.5,21.0
974,2024-03-11 21:30:57,1.06,1.09,55.0,140.0,14.5,21.0
975,2024-03-11 21:30:58,1.06,1.09,55.0,140.0,14.5,21.0
976,2024-03-11 21:30:59,1.06,1.09,55.0,140.0,14.5,21.0
977,2024-03-11 21:31:00,1.06,1.09,55.0,140.0,14.5,21.0
978,2024-03-11 21:31:01,1.06,1.09,55.0,140.0,14.5,21.0
979,2024-03-11 21:31:02,1.06,1.09,55.0,140.0,14.5,21.0
980,2024-03-11 21:31:03,1.06,1.09,55.0,140.0,14.5,19.5
981,2024-03-11 21:31:04,1.06,1.09,55.0,140.0,14.5,19.5
982,2024-03-11 21:31:05,1.06,1.09,55.0,140.0,14.5,19.5
983,2024-03-11 21:31:06,1.06,1.09,60.0,140.0,16.5,19.5
984,2024-03-11 21:31:07,1.06,1.09,60.0,140.0,16.5,19.5
985,2024-03-11 21:31:08,1.06,1.09,60.0,140.0,16.5,19.5
986,2024-03-11 21:31:09,1.06,1.09,60.0,140.0,16.5,19.5
987,2024-03-11 21:31:10,1.06,1.09,60.0,140.0,16.5,19.5
988,2024-03-11 21:31:11,1.06,1.09,60.0,140.0,16.5,19.5
990,2024-03-11 21:31:13,1.06,1.08,95.0,140.0,16.5,19.5
991,2024-03-11 21:31:14,1.06,1.08,95.0,140.0,16.0,19.5
992,2024-03-11 21:31:15,1.06,1.08,95.0,140.0,16.0,19.5
993,2024-03-11 21:31:16,1.06,1.08,95.0,140.0,16.0,19.5
994,2024-03-11 21:31:17,1.06,1.08,95.0,140.0,16.0,19.5
995,2024-03-11 21:31:18,1.06,1.08,95.0,140.0,15.5,19.5
996,2024-03-11 21:31:19,1.06,1.09,95.0,140.0,15.5,19.5
997,2024-03-11 21:31:20,1.06,1.09,95.0,140.0,15.5,19.5
998,2024-03-11 21:31:21,1.06,1.09,100.0,140.0,15.5,19.5
999,2024-03-11 21:31:22,1.06,1.09,100.0,140.0,15.5,19.5
1000,2024-03-11 21:31:23,1.06,1.09,100.0,140.0,15.5,19.5
1001,2024-03-11 21:31:24,1.06,1.09,100.0,140.0,15.5,19.5
1002,2024-03-11 21:31:25,1.06,1.09,100.0,140.0,15.5,19.5
1003,2024-03-11 21:31:26,1.06,1.09,100.0,140.0,15.5,19.5
1004,2024-03-11 21:31:27,1.06,1.09,100.0,140.0,15.5,19.5
1005,2024-03-11 21:31:28,1.06,1.09,100.0,140.0,15.5,19.5
1006,2024-03-11 21:31:29,1.06,1.09,100.0,140.0,15.5,19.5
1007,2024-03-11 21:31:30,1.06,1.09,100.0,140.0,15.5,19.5
1009,2024-03-11 21:31:32,1.06,1.09,100.0,140.0,15.5,19.5
1010,2024-03-11 21:31:33,1.06,1.09,100.0,140.0,15.5,19.5
1011,2024-03-11 21:31:34,1.06,1.09,100.0,140.0,15.5,19.5
1012,2024-03-11 21:31:35,1.06,1.09,100.0,140.0,15.5,19.5
1013,2024-03-11 21:31:36,1.06,1.09,100.0,140.0,15.5,19.5
1014,2024-03-11 21:31:37,1.06,1.09,100.0,140.0,15.5,19.5
1015,2024-03-11 21:31:38,1.06,1.09,100.0,140.0,15.5,19.5
1016,2024-03-11 21:31:39,1.06,1.09,100.0,140.0,15.5,19.5
1017,2024-03-11 21:31:40,1.06,1.09,100.0,140.0,15.5,19.5
1018,2024-03-11 21:31:41,1.06,1.09,100.0,140.0,15.5,19.5
1019,2024-03-11 21:31:42,1.06,1.09,100.0,140.0,15.5,19.5
1020,2024-03-11 21:31:43,1.06,1.09,100.0,140.0,15.5,19.5
1021,2024-03-11 21:31:44,1.06,1.09,100.0,140.0,15.5,19.5
1022,2024-03-11 21:31:45,1.06,1.09,100.0,140.0,15.5,19.5
1023,2024-03-11 21:31:46,1.06,1.09,100.0,140.0,15.5,19.5
1024,2024-03-11 21:31:47,1.06,1.09,100.0,140.0,15.5,19.5
1025,2024-03-11 21:31:48,1.06,1.09,100.0,140.0,15.5,19.5
1026,2024-03-11 21:31:49,1.06,1.09,100.0,140.0,15.5,19.5
1028,2024-03-11 21:31:51,1.06,1.09,100.0,140.0,15.5,19.5
1029,2024-03-11 21:31:52,1.06,1.09,100.0,140.0,15.5,19.5
1030,2024-03-11 21:31:53,1.06,1.09,100.0,140.0,15.5,19.5
1031,2024-03-11 21:31:54,1.06,1.09,100.0,140.0,15.5,19.5
1032,2024-03-11 21:31:55,1.06,1.09,100.0,140.0,15.5,19.5
1033,2024-03-11 21:31:56,1.06,1.09,100.0,140.0,15.5,19.5
1034,2024-03-11 21:31:57,1.06,1.09,100.0,140.0,15.5,19.5
1035,2024-03-11 21:31:58,1.06,1.09,100.0,140.0,15.5,19.5
1036,2024-03-11 21:31:59,1.06,1.09,100.0,140.0,15.5,19.5
1037,2024-03-11 21:32:00,1.06,1.09,100.0,140.0,15.5,19.5
1038,2024-03-11 21:32:01,1.06,1.09,100.0,140.0,15.5,19.5
1039,2024-03-11 21:32:02,1.06,1.09,100.0,140.0,15.5,19.5
1040,2024-03-11 21:32:03,1.06,1.09,100.0,140.0,15.5,19.5
1041,2024-03-11 21:32:04,1.06,1.09,100.0,140.0,15.5,19.5
1042,2024-03-11 21:32:05,1.06,1.09,100.0,140.0,15.5,19.5
1043,2024-03-11 21:32:06,1.06,1.09,100.0,140.0,15.5,19.5
1044,2024-03-11 21:32:07,1.06,1.09,100.0,140.0,15.5,19.5
1046,2024-03-11 21:32:09,1.06,1.09,100.0,140.0,15.5,19.5
1047,2024-03-11 21:32:10,1.06,1.08,100.0,140.0,15.5,19.5
1048,2024-03-11 21:32:11,1.06,1.08,100.0,140.0,15.5,19.5
1049,2024-03-11 21:32:12,1.06,1.08,100.0,140.0,15.5,19.5
1050,2024-03-11 21:32:13,1.06,1.08,100.0,140.0,15.5,19.5
1051,2024-03-11 21:32:14,1.06,1.08,100.0,140.0,15.5,19.5
1052,2024-03-11 21:32:15,1.06,1.08,100.0,140.0,15.5,19.5
1053,2024-03-11 21:32:16,1.06,1.08,100.0,140.0,15.5,19.5
1054,2024-03-11 21:32:17,1.06,1.08,100.0,140.0,15.5,19.5
1055,2024-03-11 21:32:18,1.06,1.08,100.0,140.0,15.5,19.5
1056,2024-03-11 21:32:19,1.06,1.08,100.0,140.0,15.5,19.5
1057,2024-03-11 21:32:20,1.05,1.08,100.0,990.0,15.5,23.0
1058,2024-03-11 21:32:21,1.05,1.08,100.0,990.0,15.5,23.0
1059,2024-03-11 21:32:22,1.05,1.08,100.0,990.0,15.5,23.0
1060,2024-03-11 21:32:23,1.05,1.08,100.0,990.0,15.5,23.0
1061,2024-03-11 21:32:24,1.05,1.08,100.0,990.0,15.5,21.0
1062,2024-03-11 21:32:25,1.05,1.08,100.0,160.0,15.5,21.0
1063,2024-03-11 21:32:26,1.05,1.08,100.0,160.0,15.5,21.0
1065,2024-03-11 21:32:28,1.05,1.08,100.0,160.0,15.5,21.0
1066,2024-03-11 21:32:29,1.05,1.08,100.0,160.0,15.5,21.0
1067,2024-03-11 21:32:30,1.05,1.08,100.0,160.0,16.0,21.0
1068,2024-03-11 21:32:31,1.05,1.08,100.0,160.0,16.0,21.0
1069,2024-03-11 21:32:32,1.05,1.08,100.0,160.0,16.0,21.0
1070,2024-03-11 21:32:33,1.05,1.08,100.0,160.0,16.0,21.0
1071,2024-03-11 21:32:34,1.05,1.08,100.0,160.0,16.0,21.0
1072,2024-03-11 21:32:35,1.06,1.08,100.0,160.0,16.0,21.0
1073,2024-03-11 21:32:36,1.06,1.08,100.0,160.0,16.5,21.0
1074,2024-03-11 21:32:37,1.06,1.08,100.0,160.0,16.5,21.0
1075,2024-03-11 21:32:38,1.06,1.08,100.0,160.0,16.5,21.0
