,rowIndex,matchOddsTime,FC Cartagena_back,FC Cartagena_lay,Valladolid_back,Valladolid_lay,drawBackPrice,drawLayPrice
1,2024-04-07 20:00:10,0.0,990.0,0.0,990.0,0.0,990.0
2,2024-04-07 20:00:13,0.0,990.0,0.0,990.0,0.0,990.0
3,2024-04-07 20:00:17,0.0,990.0,0.0,990.0,0.0,990.0
4,2024-04-07 20:00:20,0.0,990.0,0.0,990.0,0.0,990.0
5,2024-04-07 20:00:24,0.0,990.0,0.0,990.0,0.0,990.0
6,2024-04-07 20:00:27,0.0,990.0,0.0,990.0,0.0,990.0
7,2024-04-07 20:00:31,0.0,990.0,0.0,990.0,0.0,990.0
8,2024-04-07 20:00:34,0.0,990.0,0.0,990.0,0.0,990.0
9,2024-04-07 20:00:37,0.0,990.0,0.0,990.0,0.0,990.0
10,2024-04-07 20:00:41,0.0,990.0,0.0,990.0,0.0,990.0
11,2024-04-07 20:00:44,0.0,990.0,0.0,990.0,0.0,990.0
12,2024-04-07 20:00:48,0.0,990.0,0.0,990.0,0.0,990.0
13,2024-04-07 20:00:51,0.0,990.0,0.0,990.0,0.0,990.0
14,2024-04-07 20:00:54,0.0,990.0,0.0,990.0,0.0,990.0
15,2024-04-07 20:00:58,0.0,990.0,0.0,990.0,0.0,990.0
16,2024-04-07 20:01:01,0.0,990.0,0.0,990.0,0.0,990.0
17,2024-04-07 20:01:04,0.0,990.0,0.0,990.0,0.0,990.0
18,2024-04-07 20:01:07,0.0,990.0,0.0,990.0,0.0,990.0
19,2024-04-07 20:01:11,0.0,990.0,0.0,990.0,0.0,990.0
20,2024-04-07 20:01:14,0.0,990.0,0.0,990.0,0.0,990.0
21,2024-04-07 20:01:18,0.0,990.0,0.0,990.0,0.0,990.0
22,2024-04-07 20:01:22,0.0,990.0,0.0,990.0,0.0,990.0
23,2024-04-07 20:01:25,0.0,990.0,0.0,990.0,0.0,990.0
24,2024-04-07 20:01:28,0.0,990.0,0.0,990.0,0.0,990.0
25,2024-04-07 20:01:31,0.0,990.0,0.0,990.0,0.0,990.0
26,2024-04-07 20:01:35,0.0,990.0,0.0,990.0,0.0,990.0
27,2024-04-07 20:01:39,0.0,990.0,0.0,990.0,0.0,990.0
28,2024-04-07 20:01:42,0.0,990.0,0.0,990.0,0.0,990.0
29,2024-04-07 20:01:45,0.0,990.0,0.0,990.0,0.0,990.0
30,2024-04-07 20:01:49,0.0,990.0,0.0,990.0,0.0,990.0
31,2024-04-07 20:01:52,0.0,990.0,0.0,990.0,0.0,990.0
32,2024-04-07 20:01:55,0.0,990.0,0.0,990.0,0.0,990.0
33,2024-04-07 20:01:58,0.0,990.0,0.0,990.0,0.0,990.0
34,2024-04-07 20:02:02,0.0,990.0,0.0,990.0,0.0,990.0
35,2024-04-07 20:02:05,0.0,990.0,0.0,990.0,0.0,990.0
36,2024-04-07 20:02:09,0.0,990.0,0.0,990.0,0.0,970.0
37,2024-04-07 20:02:11,0.0,990.0,0.0,990.0,0.0,970.0
38,2024-04-07 20:02:14,0.0,990.0,0.0,990.0,0.0,970.0
39,2024-04-07 20:02:18,0.0,990.0,0.0,990.0,0.0,970.0
40,2024-04-07 20:02:21,0.0,990.0,0.0,990.0,0.0,970.0
41,2024-04-07 20:02:24,0.0,990.0,0.0,990.0,0.0,970.0
42,2024-04-07 20:02:27,0.0,990.0,0.0,990.0,0.0,970.0
43,2024-04-07 20:02:31,0.0,990.0,0.0,990.0,0.0,970.0
44,2024-04-07 20:02:34,0.0,990.0,0.0,990.0,0.0,970.0
45,2024-04-07 20:02:38,0.0,990.0,0.0,990.0,0.0,970.0
46,2024-04-07 20:02:41,0.0,990.0,0.0,990.0,0.0,970.0
47,2024-04-07 20:02:45,0.0,990.0,0.0,990.0,0.0,970.0
48,2024-04-07 20:02:48,0.0,990.0,0.0,990.0,0.0,970.0
49,2024-04-07 20:02:52,0.0,990.0,0.0,990.0,0.0,970.0
50,2024-04-07 20:02:55,0.0,990.0,0.0,990.0,0.0,970.0
51,2024-04-07 20:02:58,0.0,990.0,0.0,990.0,0.0,970.0
52,2024-04-07 20:03:01,0.0,990.0,0.0,990.0,0.0,970.0
53,2024-04-07 20:03:05,0.0,990.0,0.0,990.0,0.0,970.0
54,2024-04-07 20:03:09,0.0,990.0,0.0,990.0,0.0,970.0
55,2024-04-07 20:03:12,0.0,990.0,0.0,990.0,0.0,970.0
56,2024-04-07 20:03:15,0.0,990.0,0.0,990.0,0.0,970.0
57,2024-04-07 20:03:18,0.0,990.0,0.0,990.0,0.0,970.0
58,2024-04-07 20:03:22,0.0,990.0,0.0,990.0,0.0,970.0
59,2024-04-07 20:03:25,0.0,990.0,0.0,990.0,0.0,970.0
60,2024-04-07 20:03:29,0.0,990.0,0.0,990.0,0.0,970.0
61,2024-04-07 20:03:32,0.0,990.0,0.0,990.0,0.0,970.0
62,2024-04-07 20:03:36,0.0,990.0,0.0,990.0,0.0,970.0
63,2024-04-07 20:03:39,0.0,990.0,0.0,990.0,0.0,970.0
64,2024-04-07 20:03:43,0.0,990.0,0.0,990.0,0.0,970.0
65,2024-04-07 20:03:46,0.0,990.0,0.0,990.0,0.0,970.0
66,2024-04-07 20:03:49,0.0,990.0,0.0,990.0,0.0,970.0
67,2024-04-07 20:03:52,0.0,990.0,0.0,990.0,0.0,970.0
68,2024-04-07 20:03:55,0.0,990.0,0.0,990.0,0.0,970.0
69,2024-04-07 20:03:59,0.0,990.0,0.0,990.0,0.0,970.0
70,2024-04-07 20:04:02,0.0,990.0,0.0,990.0,0.0,970.0
71,2024-04-07 20:04:06,0.0,990.0,0.0,990.0,0.0,970.0
72,2024-04-07 20:04:09,0.0,990.0,0.0,990.0,0.0,970.0
73,2024-04-07 20:04:12,0.0,990.0,0.0,990.0,0.0,970.0
74,2024-04-07 20:04:16,0.0,990.0,0.0,990.0,0.0,970.0
75,2024-04-07 20:04:20,0.0,990.0,0.0,990.0,0.0,970.0
76,2024-04-07 20:04:23,0.0,990.0,0.0,990.0,0.0,970.0
77,2024-04-07 20:04:26,0.0,990.0,0.0,990.0,0.0,970.0
78,2024-04-07 20:04:30,0.0,990.0,0.0,990.0,0.0,970.0
79,2024-04-07 20:04:33,0.0,990.0,0.0,990.0,0.0,970.0
80,2024-04-07 20:04:37,0.0,990.0,0.0,990.0,0.0,970.0
81,2024-04-07 20:04:41,0.0,990.0,0.0,990.0,0.0,970.0
82,2024-04-07 20:04:44,0.0,990.0,0.0,990.0,0.0,970.0
83,2024-04-07 20:04:48,0.0,990.0,0.0,990.0,0.0,970.0
84,2024-04-07 20:04:51,0.0,990.0,0.0,990.0,0.0,970.0
85,2024-04-07 20:04:55,0.0,990.0,0.0,990.0,0.0,970.0
86,2024-04-07 20:04:59,0.0,990.0,0.0,990.0,0.0,970.0
87,2024-04-07 20:05:03,0.0,990.0,0.0,990.0,0.0,970.0
88,2024-04-07 20:05:06,0.0,990.0,0.0,990.0,0.0,970.0
89,2024-04-07 20:05:10,0.0,990.0,0.0,990.0,0.0,970.0
90,2024-04-07 20:05:14,0.0,990.0,0.0,990.0,0.0,970.0
91,2024-04-07 20:05:17,0.0,990.0,0.0,990.0,0.0,970.0
92,2024-04-07 20:05:20,0.0,990.0,0.0,990.0,0.0,970.0
93,2024-04-07 20:05:24,0.0,990.0,0.0,990.0,0.0,970.0
94,2024-04-07 20:05:28,0.0,990.0,0.0,990.0,0.0,970.0
95,2024-04-07 20:05:31,0.0,990.0,0.0,990.0,0.0,970.0
96,2024-04-07 20:05:35,0.0,990.0,0.0,990.0,0.0,970.0
97,2024-04-07 20:05:38,0.0,990.0,0.0,990.0,0.0,970.0
98,2024-04-07 20:05:42,0.0,990.0,0.0,990.0,0.0,970.0
99,2024-04-07 20:05:45,0.0,990.0,0.0,990.0,0.0,970.0
100,2024-04-07 20:05:48,0.0,990.0,0.0,990.0,0.0,970.0
101,2024-04-07 20:05:52,0.0,990.0,0.0,990.0,0.0,970.0
102,2024-04-07 20:05:55,0.0,990.0,0.0,990.0,0.0,970.0
103,2024-04-07 20:05:59,0.0,990.0,0.0,990.0,0.0,970.0
104,2024-04-07 20:06:02,0.0,990.0,0.0,990.0,0.0,970.0
105,2024-04-07 20:06:05,0.0,990.0,0.0,990.0,0.0,970.0
106,2024-04-07 20:06:08,0.0,990.0,0.0,990.0,0.0,970.0
107,2024-04-07 20:06:12,0.0,990.0,0.0,990.0,0.0,970.0
108,2024-04-07 20:06:16,0.0,990.0,0.0,990.0,0.0,970.0
109,2024-04-07 20:06:19,0.0,990.0,0.0,990.0,0.0,970.0
110,2024-04-07 20:06:22,0.0,990.0,0.0,990.0,0.0,970.0
111,2024-04-07 20:06:26,0.0,990.0,0.0,990.0,0.0,970.0
112,2024-04-07 20:06:29,0.0,990.0,0.0,990.0,0.0,970.0
113,2024-04-07 20:06:32,0.0,990.0,0.0,990.0,0.0,970.0
114,2024-04-07 20:06:36,0.0,990.0,0.0,990.0,0.0,970.0
115,2024-04-07 20:06:40,0.0,990.0,0.0,990.0,0.0,970.0
116,2024-04-07 20:06:43,0.0,990.0,0.0,990.0,0.0,970.0
117,2024-04-07 20:06:47,0.0,990.0,0.0,990.0,0.0,970.0
118,2024-04-07 20:06:50,0.0,990.0,0.0,990.0,0.0,970.0
119,2024-04-07 20:06:54,0.0,990.0,0.0,990.0,0.0,970.0
120,2024-04-07 20:06:57,0.0,990.0,0.0,990.0,0.0,970.0
121,2024-04-07 20:07:01,0.0,990.0,0.0,990.0,0.0,970.0
122,2024-04-07 20:07:04,0.0,990.0,0.0,990.0,0.0,970.0
123,2024-04-07 20:07:07,0.0,990.0,0.0,990.0,0.0,970.0
124,2024-04-07 20:07:10,0.0,990.0,0.0,990.0,0.0,970.0
125,2024-04-07 20:07:13,0.0,990.0,0.0,990.0,0.0,970.0
126,2024-04-07 20:07:17,0.0,990.0,0.0,990.0,0.0,970.0
127,2024-04-07 20:07:20,0.0,990.0,0.0,990.0,0.0,970.0
128,2024-04-07 20:07:24,0.0,990.0,0.0,990.0,0.0,970.0
129,2024-04-07 20:07:27,0.0,990.0,0.0,990.0,0.0,970.0
130,2024-04-07 20:07:31,0.0,990.0,0.0,990.0,0.0,970.0
131,2024-04-07 20:07:34,0.0,990.0,0.0,990.0,0.0,970.0
132,2024-04-07 20:07:37,0.0,990.0,0.0,990.0,0.0,970.0
133,2024-04-07 20:07:41,0.0,990.0,0.0,990.0,0.0,970.0
134,2024-04-07 20:07:44,0.0,990.0,0.0,990.0,0.0,970.0
135,2024-04-07 20:07:47,0.0,990.0,0.0,990.0,0.0,970.0
136,2024-04-07 20:07:51,0.0,990.0,0.0,990.0,0.0,970.0
137,2024-04-07 20:07:54,0.0,990.0,0.0,990.0,0.0,970.0
138,2024-04-07 20:07:57,0.0,990.0,0.0,990.0,0.0,970.0
139,2024-04-07 20:08:01,0.0,990.0,0.0,990.0,0.0,970.0
140,2024-04-07 20:08:04,0.0,990.0,0.0,990.0,0.0,970.0
141,2024-04-07 20:08:08,0.0,990.0,0.0,990.0,0.0,970.0
142,2024-04-07 20:08:11,0.0,990.0,0.0,990.0,0.0,970.0
143,2024-04-07 20:08:15,0.0,990.0,0.0,990.0,0.0,970.0
144,2024-04-07 20:08:18,0.0,990.0,0.0,990.0,0.0,970.0
145,2024-04-07 20:08:21,0.0,990.0,0.0,990.0,0.0,970.0
146,2024-04-07 20:08:24,0.0,990.0,0.0,990.0,0.0,970.0
147,2024-04-07 20:08:28,0.0,990.0,0.0,990.0,0.0,970.0
148,2024-04-07 20:08:31,0.0,990.0,0.0,990.0,0.0,970.0
149,2024-04-07 20:08:35,0.0,990.0,0.0,990.0,0.0,970.0
150,2024-04-07 20:08:38,0.0,990.0,0.0,990.0,0.0,980.0
151,2024-04-07 20:08:41,0.0,990.0,0.0,990.0,0.0,980.0
152,2024-04-07 20:08:45,0.0,990.0,0.0,990.0,0.0,980.0
153,2024-04-07 20:08:48,0.0,990.0,0.0,990.0,0.0,980.0
154,2024-04-07 20:08:52,0.0,990.0,0.0,990.0,0.0,980.0
155,2024-04-07 20:08:55,0.0,990.0,0.0,990.0,0.0,980.0
156,2024-04-07 20:08:58,0.0,990.0,0.0,990.0,0.0,980.0
157,2024-04-07 20:09:02,0.0,990.0,0.0,990.0,0.0,980.0
158,2024-04-07 20:09:05,0.0,990.0,0.0,990.0,0.0,980.0
159,2024-04-07 20:09:09,0.0,990.0,0.0,990.0,0.0,980.0
160,2024-04-07 20:09:12,0.0,990.0,0.0,990.0,0.0,980.0
161,2024-04-07 20:09:16,0.0,990.0,0.0,990.0,0.0,980.0
162,2024-04-07 20:09:19,0.0,990.0,0.0,990.0,0.0,980.0
163,2024-04-07 20:09:22,0.0,990.0,0.0,990.0,0.0,980.0
164,2024-04-07 20:09:26,0.0,990.0,0.0,990.0,0.0,980.0
165,2024-04-07 20:09:29,0.0,990.0,0.0,990.0,0.0,980.0
166,2024-04-07 20:09:33,0.0,990.0,0.0,990.0,0.0,980.0
167,2024-04-07 20:09:36,0.0,990.0,0.0,990.0,0.0,980.0
168,2024-04-07 20:09:40,0.0,990.0,0.0,990.0,0.0,980.0
169,2024-04-07 20:09:43,0.0,990.0,0.0,990.0,0.0,980.0
170,2024-04-07 20:09:46,0.0,990.0,0.0,990.0,0.0,980.0
171,2024-04-07 20:09:50,0.0,990.0,0.0,990.0,0.0,980.0
172,2024-04-07 20:09:53,0.0,990.0,0.0,990.0,0.0,980.0
173,2024-04-07 20:09:56,0.0,990.0,0.0,990.0,0.0,980.0
174,2024-04-07 20:09:59,0.0,990.0,0.0,990.0,0.0,980.0
175,2024-04-07 20:10:03,0.0,990.0,0.0,990.0,0.0,980.0
176,2024-04-07 20:10:05,0.0,990.0,0.0,990.0,0.0,980.0
177,2024-04-07 20:10:08,0.0,990.0,0.0,990.0,0.0,980.0
178,2024-04-07 20:10:12,0.0,990.0,0.0,990.0,0.0,980.0
179,2024-04-07 20:10:15,1.54,1.78,5.6,8.2,3.55,4.7
180,2024-04-07 20:10:18,1.54,1.78,5.8,8.2,3.65,4.7
181,2024-04-07 20:10:21,1.54,1.78,5.8,8.2,3.65,4.7
182,2024-04-07 20:10:25,1.54,1.78,5.8,8.2,3.65,4.7
183,2024-04-07 20:10:29,1.57,1.78,5.8,8.2,3.65,4.7
184,2024-04-07 20:10:32,1.57,1.78,5.8,8.2,3.65,4.7
185,2024-04-07 20:10:35,1.57,1.78,5.9,8.2,3.65,4.7
186,2024-04-07 20:10:39,1.57,1.78,5.9,8.2,3.65,4.7
187,2024-04-07 20:10:43,1.57,1.78,5.9,8.2,3.65,4.7
188,2024-04-07 20:10:46,1.57,1.78,5.9,8.2,3.65,4.7
189,2024-04-07 20:10:50,1.57,1.78,5.9,8.2,3.65,4.7
190,2024-04-07 20:10:54,1.57,1.78,5.9,8.2,3.65,4.7
191,2024-04-07 20:10:57,1.57,1.78,5.9,8.2,3.65,4.7
192,2024-04-07 20:11:01,1.57,1.77,5.9,8.2,3.65,4.7
193,2024-04-07 20:11:04,1.57,1.77,5.9,8.2,3.65,4.7
194,2024-04-07 20:11:08,1.57,1.77,6.0,8.2,3.65,4.7
195,2024-04-07 20:11:11,1.57,1.77,6.0,8.2,3.65,4.7
196,2024-04-07 20:11:15,1.57,1.77,6.0,8.2,3.65,4.7
197,2024-04-07 20:11:18,1.57,1.77,6.0,8.2,3.65,4.7
198,2024-04-07 20:11:22,1.57,1.77,6.0,8.2,3.65,4.7
199,2024-04-07 20:11:25,1.57,1.77,6.0,8.2,3.65,4.7
200,2024-04-07 20:11:28,1.57,1.77,6.0,8.2,3.65,4.7
201,2024-04-07 20:11:32,1.57,1.77,6.0,8.2,3.65,4.7
202,2024-04-07 20:11:36,1.57,1.77,6.0,8.2,3.65,4.7
203,2024-04-07 20:11:39,1.57,1.77,6.0,8.2,3.65,4.7
204,2024-04-07 20:11:43,1.57,1.77,6.0,8.2,3.65,4.7
205,2024-04-07 20:11:47,1.57,1.77,6.0,8.2,3.65,4.7
206,2024-04-07 20:11:50,1.57,1.77,6.0,8.2,3.65,4.7
207,2024-04-07 20:11:53,1.57,1.77,6.0,8.2,3.65,4.7
208,2024-04-07 20:11:57,1.57,1.77,6.0,8.2,3.65,4.7
209,2024-04-07 20:12:00,1.57,1.77,6.0,8.2,3.65,4.7
210,2024-04-07 20:12:03,1.57,1.77,6.0,8.2,3.65,4.7
211,2024-04-07 20:12:07,1.57,1.77,6.0,8.2,3.65,4.7
212,2024-04-07 20:12:10,1.57,1.77,6.0,8.2,3.65,4.7
213,2024-04-07 20:12:13,1.57,1.77,6.0,8.2,3.65,4.7
214,2024-04-07 20:12:17,1.57,1.77,6.0,8.2,3.65,4.7
215,2024-04-07 20:12:20,1.57,1.77,6.0,8.2,3.65,4.7
216,2024-04-07 20:12:23,1.57,1.77,6.0,8.2,3.65,4.7
217,2024-04-07 20:12:27,1.57,1.77,6.0,8.2,3.65,4.7
218,2024-04-07 20:12:31,1.57,1.77,6.0,8.2,3.65,4.7
219,2024-04-07 20:12:34,1.57,1.77,6.0,8.2,3.65,4.7
220,2024-04-07 20:12:37,1.57,1.77,6.0,8.2,3.65,4.7
221,2024-04-07 20:12:41,1.57,1.77,6.0,8.2,3.65,4.7
222,2024-04-07 20:12:45,1.57,1.77,6.0,8.2,3.65,4.7
223,2024-04-07 20:12:48,1.57,1.77,6.0,8.2,3.65,4.7
224,2024-04-07 20:12:52,1.57,1.77,6.0,8.2,3.65,4.7
225,2024-04-07 20:12:55,1.57,1.77,6.0,8.2,3.65,4.7
226,2024-04-07 20:12:59,1.57,1.77,6.0,8.2,3.65,4.7
227,2024-04-07 20:13:02,1.57,1.77,6.0,8.2,3.65,4.7
228,2024-04-07 20:13:05,1.57,1.77,6.0,8.2,3.65,4.7
229,2024-04-07 20:13:09,1.57,1.77,6.0,8.2,3.65,4.7
230,2024-04-07 20:13:12,1.57,1.77,6.0,8.2,3.65,4.7
231,2024-04-07 20:13:16,1.57,1.77,6.0,8.2,3.65,4.7
232,2024-04-07 20:13:19,1.57,1.77,6.0,8.2,3.65,4.7
233,2024-04-07 20:13:23,1.57,1.77,6.0,8.2,3.65,4.7
234,2024-04-07 20:13:26,1.57,1.77,6.0,8.2,3.65,4.7
235,2024-04-07 20:13:29,1.57,1.77,6.0,8.2,3.65,4.7
236,2024-04-07 20:13:32,1.57,1.77,6.0,8.2,3.65,4.7
237,2024-04-07 20:13:36,1.57,1.77,6.0,8.2,3.65,4.7
238,2024-04-07 20:13:39,1.57,1.77,6.0,8.2,3.65,4.7
239,2024-04-07 20:13:43,1.57,1.77,6.0,8.2,3.65,4.7
240,2024-04-07 20:13:46,1.57,1.77,6.0,8.2,3.65,4.7
241,2024-04-07 20:13:49,1.57,1.77,6.0,8.2,3.65,4.7
242,2024-04-07 20:13:53,1.57,1.77,6.0,8.2,3.65,4.7
243,2024-04-07 20:13:56,1.57,1.77,6.0,8.2,3.65,4.7
244,2024-04-07 20:14:00,1.57,1.77,6.0,8.2,3.65,4.7
245,2024-04-07 20:14:03,1.57,1.77,6.0,8.2,3.65,4.7
245,2024-04-07 20:14:07,1.57,1.77,6.0,8.2,3.65,4.7
246,2024-04-07 20:14:10,1.57,1.77,6.0,8.2,3.65,4.7
247,2024-04-07 20:14:13,1.57,1.77,6.0,8.2,3.65,4.6
248,2024-04-07 20:14:17,1.57,1.77,6.0,8.2,3.65,4.6
249,2024-04-07 20:14:20,1.57,1.77,6.0,8.2,3.65,4.6
250,2024-04-07 20:14:23,1.57,1.77,6.0,8.2,3.65,4.6
251,2024-04-07 20:14:27,1.57,1.77,6.0,8.2,3.65,4.6
252,2024-04-07 20:14:30,1.57,1.77,6.0,8.2,3.65,4.6
253,2024-04-07 20:14:34,1.57,1.77,6.0,8.2,3.65,4.6
254,2024-04-07 20:14:37,1.57,1.77,6.0,8.2,3.65,4.6
255,2024-04-07 20:14:41,1.57,1.77,6.0,8.2,3.65,4.6
256,2024-04-07 20:14:44,1.57,1.74,6.0,8.2,3.65,4.6
257,2024-04-07 20:14:47,1.57,1.74,6.0,8.2,3.65,4.6
258,2024-04-07 20:14:50,1.57,1.74,6.0,8.2,3.65,4.5
259,2024-04-07 20:14:53,1.57,1.74,6.2,8.2,3.65,4.5
260,2024-04-07 20:14:57,1.57,1.74,6.2,8.2,3.65,4.5
261,2024-04-07 20:15:00,1.57,1.74,6.2,8.2,3.65,4.5
262,2024-04-07 20:15:02,1.57,1.74,6.2,8.2,3.65,4.5
263,2024-04-07 20:15:06,1.57,1.74,6.2,8.2,3.65,4.5
264,2024-04-07 20:15:10,1.57,1.73,6.2,8.2,3.65,4.5
265,2024-04-07 20:15:13,1.57,1.73,6.2,8.2,3.65,4.5
266,2024-04-07 20:15:16,1.57,1.73,6.2,8.2,3.65,4.5
267,2024-04-07 20:15:19,1.57,1.73,6.2,8.2,3.65,4.5
268,2024-04-07 20:15:22,1.57,1.73,6.2,8.2,3.65,4.5
269,2024-04-07 20:15:25,1.57,1.73,6.2,8.2,3.65,4.5
270,2024-04-07 20:15:29,1.57,1.73,6.2,8.2,3.65,4.5
271,2024-04-07 20:15:32,1.57,1.73,6.2,8.2,3.65,4.5
272,2024-04-07 20:15:35,1.57,1.73,6.2,8.2,3.65,4.5
273,2024-04-07 20:15:39,1.57,1.73,6.2,8.2,3.65,4.5
274,2024-04-07 20:15:43,1.57,1.73,6.2,8.2,3.65,4.5
275,2024-04-07 20:15:47,1.57,1.73,6.2,8.2,3.65,4.5
276,2024-04-07 20:15:51,1.57,1.73,6.2,8.2,3.65,4.5
277,2024-04-07 20:15:54,1.57,1.73,6.2,8.2,3.65,4.5
278,2024-04-07 20:15:57,1.57,1.73,6.2,8.2,3.65,4.5
279,2024-04-07 20:16:01,1.57,1.73,6.2,8.2,3.65,4.5
280,2024-04-07 20:16:04,1.57,1.73,6.2,8.2,3.65,4.5
281,2024-04-07 20:16:08,1.57,1.73,6.2,8.2,3.65,4.5
282,2024-04-07 20:16:11,1.57,1.73,6.2,8.2,3.65,4.5
283,2024-04-07 20:16:15,1.57,1.73,6.2,8.2,3.65,4.5
284,2024-04-07 20:16:18,1.57,1.73,6.2,8.2,3.65,4.5
285,2024-04-07 20:16:22,1.57,1.73,6.2,8.2,3.65,4.5
286,2024-04-07 20:16:25,1.57,1.73,6.2,8.2,3.65,4.5
287,2024-04-07 20:16:29,1.57,1.73,6.2,8.2,3.65,4.5
288,2024-04-07 20:16:32,1.57,1.73,6.2,8.2,3.65,4.5
289,2024-04-07 20:16:35,1.57,1.73,6.2,8.2,3.65,4.5
290,2024-04-07 20:16:38,1.57,1.73,6.2,8.2,3.65,4.5
291,2024-04-07 20:16:42,1.57,1.73,6.2,8.2,3.65,4.5
292,2024-04-07 20:16:46,1.57,1.73,6.2,8.2,3.65,4.5
293,2024-04-07 20:16:48,1.57,1.73,6.2,8.2,3.65,4.5
294,2024-04-07 20:16:52,1.57,1.73,6.4,8.2,3.65,4.5
295,2024-04-07 20:16:55,1.57,1.72,6.4,8.2,3.7,4.5
296,2024-04-07 20:16:59,1.56,1.72,6.4,8.2,3.7,4.5
297,2024-04-07 20:17:03,0.0,1.38,6.4,990.0,3.7,980.0
298,2024-04-07 20:17:06,0.0,1.38,6.4,990.0,3.7,980.0
299,2024-04-07 20:17:09,0.0,1.38,6.4,990.0,3.7,980.0
300,2024-04-07 20:17:13,1.56,1.72,6.4,8.8,3.7,4.6
301,2024-04-07 20:17:17,1.56,1.72,6.4,8.8,3.7,4.6
302,2024-04-07 20:17:20,1.56,1.72,6.4,8.8,3.7,4.6
303,2024-04-07 20:17:23,1.56,1.72,6.4,8.8,3.7,4.6
304,2024-04-07 20:17:25,1.57,1.72,6.4,8.4,3.7,4.5
305,2024-04-07 20:17:29,1.57,1.72,6.4,8.4,3.6,4.5
306,2024-04-07 20:17:32,1.57,1.72,6.4,8.4,3.6,4.5
307,2024-04-07 20:17:35,1.57,1.72,6.4,8.4,3.6,4.5
308,2024-04-07 20:17:38,1.57,1.71,6.6,8.4,3.65,4.5
309,2024-04-07 20:17:41,1.57,1.71,6.6,8.4,3.65,4.5
310,2024-04-07 20:17:45,1.57,1.71,6.6,8.4,3.65,4.5
311,2024-04-07 20:17:49,1.57,1.71,6.6,8.4,3.65,4.5
312,2024-04-07 20:17:52,1.57,1.71,6.6,8.4,3.65,4.5
313,2024-04-07 20:17:56,1.57,1.71,6.6,8.4,3.65,4.5
314,2024-04-07 20:17:59,1.58,1.71,6.6,8.2,3.65,4.5
315,2024-04-07 20:18:02,1.58,1.71,6.6,8.2,3.65,4.5
316,2024-04-07 20:18:06,1.58,1.71,6.6,8.2,3.65,4.5
317,2024-04-07 20:18:10,1.58,1.71,6.6,8.6,3.65,4.5
318,2024-04-07 20:18:13,1.58,1.71,6.6,8.6,3.65,4.5
319,2024-04-07 20:18:17,1.58,1.71,6.6,8.6,3.65,4.5
320,2024-04-07 20:18:20,1.58,1.71,6.6,8.6,3.65,4.5
321,2024-04-07 20:18:23,1.58,1.71,6.6,8.6,3.65,4.5
322,2024-04-07 20:18:26,1.58,1.71,6.6,8.6,3.65,4.5
323,2024-04-07 20:18:30,1.58,1.71,6.6,8.6,3.65,4.5
324,2024-04-07 20:18:34,1.58,1.71,6.6,8.6,3.65,4.5
325,2024-04-07 20:18:37,1.58,1.71,6.6,8.6,3.65,4.5
326,2024-04-07 20:18:41,1.59,1.71,6.6,8.4,3.65,4.5
327,2024-04-07 20:18:44,1.59,1.71,6.6,8.4,3.65,4.5
328,2024-04-07 20:18:48,1.59,1.71,6.6,8.4,3.65,4.5
329,2024-04-07 20:18:52,1.59,1.71,6.6,8.4,3.65,4.5
330,2024-04-07 20:18:54,1.59,1.71,6.6,8.4,3.65,4.5
331,2024-04-07 20:18:57,1.59,1.71,6.6,8.4,3.65,4.5
332,2024-04-07 20:19:01,1.59,1.71,6.6,8.4,3.65,4.5
333,2024-04-07 20:19:04,1.59,1.71,6.6,8.4,3.65,4.5
334,2024-04-07 20:19:08,1.59,1.71,6.6,8.4,3.65,4.5
335,2024-04-07 20:19:12,1.59,1.71,6.6,8.4,3.65,4.5
336,2024-04-07 20:19:15,1.59,1.71,6.6,8.4,3.65,4.5
337,2024-04-07 20:19:19,1.59,1.73,6.4,8.4,3.6,4.5
338,2024-04-07 20:19:22,1.59,1.73,6.4,8.4,3.6,4.5
339,2024-04-07 20:19:25,0.0,990.0,0.0,990.0,0.0,980.0
340,2024-04-07 20:19:28,0.0,990.0,0.0,990.0,0.0,980.0
341,2024-04-07 20:19:31,0.0,990.0,0.0,990.0,0.0,980.0
342,2024-04-07 20:19:35,0.0,990.0,0.0,990.0,0.0,980.0
343,2024-04-07 20:19:38,0.0,990.0,0.0,990.0,0.0,980.0
344,2024-04-07 20:19:42,0.0,990.0,0.0,990.0,0.0,980.0
345,2024-04-07 20:19:46,0.0,990.0,0.0,990.0,0.0,980.0
346,2024-04-07 20:19:49,0.0,990.0,0.0,990.0,0.0,980.0
347,2024-04-07 20:19:53,0.0,990.0,0.0,990.0,0.0,980.0
348,2024-04-07 20:19:56,0.0,990.0,0.0,990.0,0.0,980.0
349,2024-04-07 20:19:59,0.0,990.0,0.0,990.0,0.0,980.0
350,2024-04-07 20:20:03,0.0,990.0,0.0,990.0,0.0,980.0
351,2024-04-07 20:20:06,0.0,990.0,0.0,990.0,0.0,980.0
352,2024-04-07 20:20:10,0.0,990.0,0.0,990.0,0.0,980.0
353,2024-04-07 20:20:14,0.0,990.0,0.0,990.0,0.0,980.0
354,2024-04-07 20:20:17,0.0,990.0,0.0,990.0,0.0,980.0
355,2024-04-07 20:20:21,0.0,990.0,0.0,990.0,0.0,980.0
356,2024-04-07 20:20:24,0.0,990.0,0.0,990.0,0.0,980.0
357,2024-04-07 20:20:27,0.0,990.0,0.0,990.0,0.0,980.0
358,2024-04-07 20:20:30,0.0,990.0,0.0,990.0,0.0,980.0
359,2024-04-07 20:20:34,0.0,990.0,0.0,990.0,0.0,980.0
360,2024-04-07 20:20:37,0.0,990.0,0.0,990.0,0.0,980.0
361,2024-04-07 20:20:41,0.0,990.0,0.0,990.0,0.0,980.0
362,2024-04-07 20:20:44,0.0,990.0,0.0,990.0,0.0,980.0
363,2024-04-07 20:20:48,0.0,990.0,0.0,990.0,0.0,980.0
364,2024-04-07 20:20:51,0.0,990.0,0.0,990.0,0.0,980.0
365,2024-04-07 20:20:54,0.0,990.0,0.0,990.0,0.0,980.0
366,2024-04-07 20:20:58,2.86,3.7,2.58,3.25,2.56,3.25
367,2024-04-07 20:21:01,2.86,3.7,2.58,3.25,2.56,3.25
368,2024-04-07 20:21:05,2.96,3.7,2.66,3.25,2.64,3.25
369,2024-04-07 20:21:09,2.96,3.7,2.66,3.25,2.64,3.25
370,2024-04-07 20:21:12,0.0,990.0,0.0,990.0,0.0,980.0
371,2024-04-07 20:21:16,0.0,990.0,0.0,990.0,0.0,980.0
372,2024-04-07 20:21:19,0.0,990.0,0.0,990.0,0.0,980.0
373,2024-04-07 20:21:22,2.74,3.5,2.72,3.25,2.66,3.25
374,2024-04-07 20:21:26,2.74,3.5,2.72,3.25,2.66,3.25
375,2024-04-07 20:21:29,2.74,3.5,2.78,3.25,2.66,3.25
376,2024-04-07 20:21:33,2.76,3.5,2.78,3.25,2.66,3.2
377,2024-04-07 20:21:36,2.76,3.5,2.78,3.25,2.66,3.2
378,2024-04-07 20:21:39,2.76,3.45,2.8,3.25,2.68,3.2
379,2024-04-07 20:21:43,2.76,3.45,2.8,3.25,2.68,3.2
380,2024-04-07 20:21:46,2.76,3.45,2.8,3.25,2.68,3.2
381,2024-04-07 20:21:49,2.76,3.45,2.8,3.25,2.68,3.2
382,2024-04-07 20:21:53,2.76,3.45,2.8,3.25,2.68,3.2
383,2024-04-07 20:21:56,2.94,3.45,2.8,3.25,2.68,3.2
384,2024-04-07 20:21:59,2.94,3.45,2.8,3.25,2.68,3.2
385,2024-04-07 20:22:03,2.94,3.45,2.8,3.25,2.68,3.2
386,2024-04-07 20:22:07,2.94,3.45,2.8,3.25,2.68,3.2
387,2024-04-07 20:22:09,2.94,3.45,2.8,3.25,2.68,3.2
388,2024-04-07 20:22:13,2.98,3.45,2.8,3.25,2.68,3.2
389,2024-04-07 20:22:16,2.98,3.45,2.8,3.25,2.68,3.2
390,2024-04-07 20:22:20,2.98,3.45,2.8,3.25,2.68,3.2
391,2024-04-07 20:22:23,2.98,3.45,2.8,3.25,2.68,3.2
392,2024-04-07 20:22:26,2.98,3.45,2.8,3.2,2.68,3.15
393,2024-04-07 20:22:30,2.98,3.55,2.68,3.2,2.68,3.15
394,2024-04-07 20:22:33,2.98,3.55,2.68,3.2,2.68,3.15
395,2024-04-07 20:22:37,2.98,3.55,2.68,3.2,2.68,3.15
396,2024-04-07 20:22:40,2.98,3.5,2.7,3.2,2.68,3.1
397,2024-04-07 20:22:44,2.98,3.5,2.7,3.2,2.68,3.1
398,2024-04-07 20:22:48,2.98,3.5,2.7,3.2,2.68,3.1
399,2024-04-07 20:22:51,2.98,3.5,2.7,3.2,2.68,3.1
400,2024-04-07 20:22:55,2.98,3.5,2.7,3.2,2.68,3.1
401,2024-04-07 20:22:58,2.98,3.5,2.7,3.2,2.68,3.1
402,2024-04-07 20:23:02,2.98,3.5,2.7,3.2,2.68,3.1
403,2024-04-07 20:23:05,2.98,3.5,2.7,3.2,2.68,3.1
404,2024-04-07 20:23:09,2.98,3.5,2.7,3.2,2.68,3.1
405,2024-04-07 20:23:13,2.98,3.5,2.7,3.2,2.68,3.1
406,2024-04-07 20:23:16,2.98,3.7,2.68,3.25,2.64,3.2
407,2024-04-07 20:23:20,2.98,3.7,2.68,3.25,2.64,3.2
408,2024-04-07 20:23:23,2.98,3.7,2.68,3.25,2.64,3.2
409,2024-04-07 20:23:26,2.98,3.7,2.68,3.25,2.64,3.2
410,2024-04-07 20:23:30,2.98,3.7,2.68,3.25,2.64,3.2
411,2024-04-07 20:23:33,2.98,3.7,2.68,3.25,2.64,3.2
412,2024-04-07 20:23:36,2.98,3.7,2.68,3.25,2.64,3.2
413,2024-04-07 20:23:40,2.98,3.7,2.68,3.25,2.64,3.2
414,2024-04-07 20:23:43,2.98,3.7,2.72,3.25,2.64,3.2
415,2024-04-07 20:23:47,2.98,3.7,2.72,3.25,2.64,3.2
416,2024-04-07 20:23:51,2.98,3.7,2.72,3.25,2.64,3.2
417,2024-04-07 20:23:54,2.98,3.7,2.72,3.25,2.64,3.2
418,2024-04-07 20:23:57,2.98,3.7,2.72,3.25,2.64,3.15
419,2024-04-07 20:24:01,2.98,3.7,2.72,3.25,2.64,3.15
420,2024-04-07 20:24:04,2.98,3.65,2.74,3.25,2.66,3.15
421,2024-04-07 20:24:08,2.98,3.65,2.74,3.25,2.66,3.15
422,2024-04-07 20:24:11,2.98,3.65,2.74,3.25,2.66,3.15
423,2024-04-07 20:24:15,2.98,3.65,2.74,3.25,2.66,3.15
424,2024-04-07 20:24:18,2.98,3.65,2.74,3.25,2.66,3.15
425,2024-04-07 20:24:22,2.98,3.65,2.74,3.25,2.66,3.15
426,2024-04-07 20:24:25,2.98,3.65,2.74,3.25,2.66,3.15
427,2024-04-07 20:24:29,2.98,3.65,2.74,3.25,2.66,3.15
428,2024-04-07 20:24:32,2.98,3.65,2.74,3.25,2.66,3.15
429,2024-04-07 20:24:36,2.98,3.6,2.74,3.25,2.66,3.15
430,2024-04-07 20:24:38,2.98,3.6,2.74,3.25,2.64,3.15
431,2024-04-07 20:24:42,2.98,3.55,2.74,3.25,2.64,3.15
432,2024-04-07 20:24:45,2.98,3.55,2.74,3.25,2.64,3.15
433,2024-04-07 20:24:49,2.98,3.55,2.74,3.25,2.64,3.15
434,2024-04-07 20:24:52,2.98,3.55,2.74,3.25,2.64,3.15
435,2024-04-07 20:24:56,2.98,3.55,2.74,3.25,2.64,3.15
436,2024-04-07 20:24:59,2.98,3.55,2.74,3.25,2.64,3.15
437,2024-04-07 20:25:03,2.98,3.55,2.74,3.25,2.64,3.15
438,2024-04-07 20:25:06,2.98,3.55,2.74,3.25,2.64,3.15
439,2024-04-07 20:25:10,2.98,3.55,2.74,3.25,2.64,3.15
440,2024-04-07 20:25:13,2.98,3.55,2.74,3.25,2.64,3.15
441,2024-04-07 20:25:17,2.98,3.55,2.74,3.25,2.64,3.15
442,2024-04-07 20:25:21,2.98,3.55,2.74,3.25,2.64,3.05
443,2024-04-07 20:25:24,2.98,3.55,2.74,3.25,2.64,3.05
444,2024-04-07 20:25:27,2.98,3.55,2.74,3.25,2.64,3.05
445,2024-04-07 20:25:30,2.98,3.55,2.74,3.25,2.64,3.05
446,2024-04-07 20:25:34,2.98,3.55,2.74,3.25,2.64,3.05
447,2024-04-07 20:25:37,2.98,3.55,2.74,3.25,2.64,3.05
448,2024-04-07 20:25:40,2.98,3.55,2.74,3.25,2.64,3.05
449,2024-04-07 20:25:44,2.98,3.55,2.74,3.25,2.64,3.05
450,2024-04-07 20:25:47,2.98,3.55,2.74,3.25,2.64,3.05
451,2024-04-07 20:25:51,2.98,3.55,2.74,3.25,2.64,3.05
452,2024-04-07 20:25:55,2.98,3.6,2.72,3.25,2.6,3.05
453,2024-04-07 20:25:59,3.0,3.6,2.72,3.25,2.6,3.05
454,2024-04-07 20:26:02,3.0,3.6,2.72,3.25,2.6,3.05
455,2024-04-07 20:26:06,3.0,3.6,2.72,3.25,2.6,3.05
456,2024-04-07 20:26:10,3.0,3.6,2.72,3.25,2.58,3.0
457,2024-04-07 20:26:13,3.0,3.6,2.72,3.25,2.58,3.0
458,2024-04-07 20:26:17,3.0,3.6,2.72,3.25,2.58,3.0
459,2024-04-07 20:26:20,3.05,3.6,2.72,3.2,2.58,2.98
460,2024-04-07 20:26:23,3.05,3.6,2.72,3.2,2.58,2.98
461,2024-04-07 20:26:27,3.05,3.6,2.72,3.2,2.58,2.98
462,2024-04-07 20:26:31,3.05,3.6,2.72,3.2,2.58,2.98
463,2024-04-07 20:26:34,3.05,3.55,2.74,3.2,2.6,2.98
464,2024-04-07 20:26:37,3.05,3.55,2.74,3.2,2.6,2.98
465,2024-04-07 20:26:41,3.05,3.55,2.74,3.2,2.6,2.98
465,2024-04-07 20:26:44,3.05,3.55,2.74,3.2,2.6,2.98
466,2024-04-07 20:26:48,3.05,3.55,2.74,3.2,2.6,2.98
467,2024-04-07 20:26:52,3.05,3.55,2.74,3.2,2.6,2.98
468,2024-04-07 20:26:55,3.05,3.55,2.74,3.2,2.6,2.98
469,2024-04-07 20:26:59,3.05,3.55,2.74,3.25,2.6,2.98
470,2024-04-07 20:27:02,3.05,3.55,2.74,3.25,2.6,2.98
471,2024-04-07 20:27:06,3.05,3.55,2.74,3.25,2.6,2.98
472,2024-04-07 20:27:09,3.05,3.55,2.74,3.25,2.6,2.98
473,2024-04-07 20:27:13,3.05,3.55,2.74,3.25,2.6,2.98
474,2024-04-07 20:27:16,3.05,3.55,2.74,3.25,2.6,2.98
475,2024-04-07 20:27:20,3.05,3.55,2.74,3.25,2.6,2.98
476,2024-04-07 20:27:23,3.05,3.55,2.74,3.25,2.6,2.98
477,2024-04-07 20:27:26,3.05,3.55,2.74,3.25,2.6,2.98
478,2024-04-07 20:27:30,3.05,3.55,2.74,3.25,2.6,2.98
479,2024-04-07 20:27:33,3.05,3.55,2.74,3.25,2.6,2.98
480,2024-04-07 20:27:37,3.05,3.55,2.74,3.25,2.6,2.98
481,2024-04-07 20:27:40,3.05,3.55,2.74,3.25,2.6,2.98
482,2024-04-07 20:27:44,3.05,3.55,2.74,3.25,2.6,2.98
483,2024-04-07 20:27:47,3.05,3.55,2.74,3.25,2.6,2.98
484,2024-04-07 20:27:51,3.05,3.55,2.74,3.25,2.6,2.98
485,2024-04-07 20:27:54,3.05,3.55,2.74,3.25,2.6,2.98
486,2024-04-07 20:27:57,3.05,3.55,2.74,3.25,2.6,2.98
487,2024-04-07 20:28:00,3.05,3.55,2.74,3.25,2.6,2.98
488,2024-04-07 20:28:04,3.05,3.55,2.74,3.25,2.6,2.98
489,2024-04-07 20:28:07,3.05,3.55,2.74,3.25,2.6,2.98
490,2024-04-07 20:28:10,3.05,3.55,2.74,3.25,2.6,2.98
491,2024-04-07 20:28:13,3.05,3.55,2.74,3.25,2.6,2.98
492,2024-04-07 20:28:17,3.05,3.55,2.74,3.25,2.6,2.98
493,2024-04-07 20:28:20,3.05,3.55,2.74,3.25,2.6,2.98
494,2024-04-07 20:28:24,3.05,3.55,2.74,3.25,2.56,2.98
495,2024-04-07 20:28:28,3.05,3.55,2.74,3.25,2.56,2.98
496,2024-04-07 20:28:31,3.05,3.55,2.74,3.25,2.58,2.98
497,2024-04-07 20:28:35,3.05,3.55,2.74,3.25,2.58,2.98
498,2024-04-07 20:28:38,3.05,3.55,2.74,3.25,2.58,2.98
499,2024-04-07 20:28:42,3.05,3.55,2.74,3.25,2.58,2.98
500,2024-04-07 20:28:45,3.05,3.55,2.74,3.25,2.58,2.98
501,2024-04-07 20:28:49,3.05,3.55,2.74,3.25,2.58,2.98
502,2024-04-07 20:28:52,3.05,3.55,2.74,3.25,2.58,2.98
503,2024-04-07 20:28:56,3.05,3.55,2.74,3.25,2.58,2.98
504,2024-04-07 20:28:59,3.05,3.55,2.78,3.25,2.58,2.98
505,2024-04-07 20:29:02,3.05,3.55,2.78,3.25,2.58,2.98
506,2024-04-07 20:29:06,3.05,3.55,2.8,3.25,2.58,2.98
507,2024-04-07 20:29:09,3.05,3.55,2.8,3.25,2.58,2.98
508,2024-04-07 20:29:12,3.05,3.55,2.8,3.25,2.58,2.98
509,2024-04-07 20:29:16,3.05,3.55,2.8,3.25,2.58,2.98
510,2024-04-07 20:29:20,3.05,3.55,2.8,3.25,2.58,2.98
511,2024-04-07 20:29:23,3.05,3.55,2.8,3.25,2.58,2.98
512,2024-04-07 20:29:26,3.05,3.55,2.8,3.25,2.58,2.98
513,2024-04-07 20:29:29,3.05,3.55,2.8,3.25,2.58,2.98
514,2024-04-07 20:29:32,3.05,3.55,2.8,3.25,2.58,2.98
515,2024-04-07 20:29:35,3.05,3.55,2.8,3.25,2.58,2.98
516,2024-04-07 20:29:38,3.05,3.65,2.8,3.25,2.58,2.98
517,2024-04-07 20:29:42,3.05,3.65,2.8,3.25,2.58,2.98
518,2024-04-07 20:29:45,3.05,3.65,2.8,3.25,2.58,2.98
519,2024-04-07 20:29:49,3.05,3.6,2.8,3.25,2.58,2.98
520,2024-04-07 20:29:52,3.05,3.65,2.8,3.25,2.54,2.96
521,2024-04-07 20:29:56,3.1,3.75,2.8,3.25,2.54,2.96
522,2024-04-07 20:29:59,3.1,3.75,2.8,3.25,2.56,2.94
523,2024-04-07 20:30:03,3.1,3.7,2.8,3.25,2.56,2.94
524,2024-04-07 20:30:05,3.1,3.7,2.8,3.25,2.56,2.94
525,2024-04-07 20:30:08,3.1,3.7,2.8,3.25,2.56,2.92
526,2024-04-07 20:30:12,3.1,3.75,2.72,3.25,2.56,2.92
527,2024-04-07 20:30:15,3.1,3.75,2.72,3.25,2.56,2.92
528,2024-04-07 20:30:19,3.15,3.75,2.72,3.25,2.56,2.92
529,2024-04-07 20:30:23,3.15,3.75,2.72,3.25,2.56,2.92
530,2024-04-07 20:30:26,3.15,3.7,2.74,3.25,2.56,2.92
531,2024-04-07 20:30:30,3.15,3.7,2.74,3.25,2.56,2.92
532,2024-04-07 20:30:34,3.15,3.7,2.74,3.25,2.56,2.92
533,2024-04-07 20:30:37,3.15,3.75,2.72,3.25,2.52,2.94
534,2024-04-07 20:30:39,3.15,3.75,2.72,3.25,2.52,2.94
535,2024-04-07 20:30:42,3.15,3.75,2.72,3.25,2.52,2.94
536,2024-04-07 20:30:46,3.15,3.75,2.72,3.25,2.52,2.94
537,2024-04-07 20:30:49,3.15,3.75,2.72,3.25,2.52,2.94
538,2024-04-07 20:30:53,0.0,990.0,0.0,990.0,0.0,980.0
539,2024-04-07 20:30:56,0.0,990.0,0.0,990.0,0.0,980.0
540,2024-04-07 20:31:00,0.0,990.0,0.0,990.0,0.0,980.0
541,2024-04-07 20:31:04,0.0,990.0,0.0,990.0,0.0,980.0
542,2024-04-07 20:31:07,0.0,990.0,0.0,990.0,0.0,980.0
543,2024-04-07 20:31:11,0.0,990.0,0.0,990.0,0.0,980.0
544,2024-04-07 20:31:14,0.0,990.0,0.0,990.0,0.0,980.0
545,2024-04-07 20:31:17,0.0,990.0,0.0,990.0,0.0,980.0
546,2024-04-07 20:31:21,0.0,990.0,0.0,990.0,0.0,980.0
547,2024-04-07 20:31:25,0.0,990.0,0.0,990.0,0.0,980.0
548,2024-04-07 20:31:29,0.0,990.0,0.0,990.0,0.0,980.0
549,2024-04-07 20:31:32,0.0,990.0,0.0,990.0,0.0,980.0
550,2024-04-07 20:31:35,0.0,990.0,0.0,990.0,0.0,980.0
551,2024-04-07 20:31:39,0.0,990.0,0.0,990.0,0.0,980.0
552,2024-04-07 20:31:43,0.0,990.0,0.0,990.0,0.0,980.0
553,2024-04-07 20:31:46,3.1,3.9,2.74,3.35,2.5,3.0
554,2024-04-07 20:31:50,3.1,3.9,2.74,3.35,2.5,3.0
555,2024-04-07 20:31:53,3.1,3.9,2.74,3.35,2.5,3.0
556,2024-04-07 20:31:56,3.1,3.9,2.74,3.35,2.5,3.0
557,2024-04-07 20:32:00,3.1,3.85,2.76,3.35,2.52,2.92
558,2024-04-07 20:32:04,3.1,3.85,2.76,3.35,2.52,2.92
559,2024-04-07 20:32:07,3.1,3.85,2.76,3.35,2.52,2.92
560,2024-04-07 20:32:11,3.1,3.85,2.76,3.35,2.52,2.92
561,2024-04-07 20:32:15,3.1,3.85,2.76,3.35,2.52,2.92
562,2024-04-07 20:32:17,3.1,3.85,2.76,3.35,2.52,2.92
563,2024-04-07 20:32:21,3.1,3.85,2.76,3.35,2.52,2.92
564,2024-04-07 20:32:24,3.1,3.85,2.76,3.35,2.52,2.92
565,2024-04-07 20:32:27,3.1,3.85,2.76,3.35,2.52,2.92
566,2024-04-07 20:32:31,3.1,3.85,2.76,3.35,2.52,2.92
567,2024-04-07 20:32:34,3.1,3.85,2.76,3.35,2.52,2.92
568,2024-04-07 20:32:38,3.1,3.9,2.74,3.35,2.5,3.0
569,2024-04-07 20:32:41,3.1,3.9,2.74,3.35,2.5,3.0
570,2024-04-07 20:32:44,3.1,3.9,2.74,3.35,2.5,3.0
571,2024-04-07 20:32:47,3.1,3.9,2.74,3.35,2.5,3.0
572,2024-04-07 20:32:51,3.1,3.9,2.74,3.35,2.5,3.0
573,2024-04-07 20:32:54,3.1,3.9,2.74,3.65,2.5,3.0
574,2024-04-07 20:32:58,3.1,3.9,2.74,3.65,2.48,3.0
575,2024-04-07 20:33:01,3.2,3.9,2.74,3.3,2.48,3.0
576,2024-04-07 20:33:05,3.2,3.9,2.74,3.3,2.48,3.0
577,2024-04-07 20:33:09,3.1,3.95,2.74,3.3,2.48,2.98
578,2024-04-07 20:33:12,1.5,1.68,1.5,1.68,2.48,2.98
579,2024-04-07 20:33:15,3.0,3.7,2.9,3.6,2.48,2.98
580,2024-04-07 20:33:19,3.0,3.7,2.8,3.8,2.48,2.98
581,2024-04-07 20:33:23,3.05,3.7,2.84,3.5,2.48,2.98
582,2024-04-07 20:33:26,3.05,3.7,2.84,3.5,2.46,3.0
583,2024-04-07 20:33:30,3.1,3.7,2.84,3.45,2.46,2.96
584,2024-04-07 20:33:33,3.1,3.7,2.84,3.45,2.46,2.96
585,2024-04-07 20:33:36,3.1,3.7,2.84,3.45,2.46,2.96
586,2024-04-07 20:33:39,3.1,3.7,2.84,3.45,2.46,2.96
587,2024-04-07 20:33:43,3.1,3.7,2.84,3.45,2.46,2.96
588,2024-04-07 20:33:46,3.1,3.7,2.84,3.45,2.46,2.96
589,2024-04-07 20:33:49,3.1,3.7,2.84,3.45,2.46,2.96
590,2024-04-07 20:33:53,3.1,3.7,2.84,3.45,2.46,2.96
591,2024-04-07 20:33:56,3.1,3.7,2.84,3.45,2.46,2.96
592,2024-04-07 20:34:00,3.1,3.7,2.84,3.45,2.46,2.96
593,2024-04-07 20:34:04,3.15,3.65,2.86,3.4,2.48,2.88
594,2024-04-07 20:34:07,3.15,3.65,2.86,3.4,2.48,2.88
595,2024-04-07 20:34:11,3.15,3.65,2.86,3.4,2.48,2.88
596,2024-04-07 20:34:14,3.15,3.65,2.86,3.4,2.48,2.88
597,2024-04-07 20:34:18,3.15,3.65,2.86,3.4,2.48,2.88
598,2024-04-07 20:34:22,3.15,3.65,2.86,3.4,2.48,2.88
599,2024-04-07 20:34:25,3.15,3.65,2.86,3.4,2.48,2.86
600,2024-04-07 20:34:29,3.15,3.65,2.86,3.4,2.48,2.86
601,2024-04-07 20:34:32,3.15,3.75,2.82,3.4,2.48,2.86
602,2024-04-07 20:34:36,3.15,3.75,2.82,3.4,2.48,2.86
603,2024-04-07 20:34:39,3.15,3.75,2.82,3.4,2.48,2.86
604,2024-04-07 20:34:43,3.15,3.75,2.82,3.4,2.48,2.86
605,2024-04-07 20:34:46,3.15,3.75,2.82,3.4,2.48,2.86
606,2024-04-07 20:34:50,3.15,3.75,2.82,3.4,2.48,2.86
607,2024-04-07 20:34:53,3.15,3.75,2.82,3.4,2.48,2.84
608,2024-04-07 20:34:57,3.15,3.75,2.82,3.4,2.48,2.82
609,2024-04-07 20:35:01,3.15,3.75,2.82,3.4,2.48,2.82
610,2024-04-07 20:35:04,3.15,3.75,2.82,3.4,2.48,2.82
611,2024-04-07 20:35:06,3.15,3.75,2.82,3.4,2.48,2.82
612,2024-04-07 20:35:10,3.15,3.75,2.82,3.4,2.48,2.82
613,2024-04-07 20:35:14,3.15,3.9,2.82,3.4,2.48,2.82
614,2024-04-07 20:35:17,3.15,3.9,2.82,3.4,2.48,2.82
615,2024-04-07 20:35:21,3.15,3.9,2.82,3.4,2.48,2.82
616,2024-04-07 20:35:24,3.15,3.9,2.82,3.4,2.48,2.82
617,2024-04-07 20:35:28,3.15,3.9,2.82,3.4,2.48,2.82
618,2024-04-07 20:35:31,3.2,3.9,2.82,3.4,2.48,2.82
619,2024-04-07 20:35:35,3.2,3.9,2.82,3.4,2.48,2.82
620,2024-04-07 20:35:38,3.2,3.9,2.82,3.4,2.48,2.82
621,2024-04-07 20:35:42,3.15,990.0,2.66,3.4,1.41,1.47
622,2024-04-07 20:35:46,3.15,990.0,2.66,3.4,1.41,1.47
623,2024-04-07 20:35:49,3.3,4.0,2.66,3.25,2.42,2.82
624,2024-04-07 20:35:53,3.3,4.0,2.66,3.25,2.42,2.82
625,2024-04-07 20:35:57,3.3,3.95,2.66,3.25,2.44,2.82
626,2024-04-07 20:36:01,3.3,3.95,2.66,3.25,2.44,2.82
627,2024-04-07 20:36:04,3.3,3.95,2.66,3.25,2.44,2.82
628,2024-04-07 20:36:08,3.3,3.95,2.66,3.25,2.44,2.82
629,2024-04-07 20:36:12,3.3,3.95,2.66,3.25,2.44,2.82
630,2024-04-07 20:36:15,3.3,3.95,2.66,3.25,2.44,2.82
631,2024-04-07 20:36:19,3.3,3.95,2.66,3.25,2.44,2.82
632,2024-04-07 20:36:22,3.3,3.95,2.66,3.25,2.44,2.82
633,2024-04-07 20:36:26,3.3,3.95,2.66,3.25,2.44,2.82
634,2024-04-07 20:36:29,2.92,4.0,2.66,3.3,2.44,2.82
635,2024-04-07 20:36:33,0.0,990.0,0.0,990.0,0.0,980.0
636,2024-04-07 20:36:36,0.0,990.0,0.0,990.0,0.0,980.0
637,2024-04-07 20:36:40,0.0,990.0,0.0,990.0,0.0,980.0
638,2024-04-07 20:36:43,0.0,990.0,0.0,990.0,0.0,980.0
639,2024-04-07 20:36:46,0.0,990.0,0.0,990.0,0.0,980.0
640,2024-04-07 20:36:50,0.0,990.0,0.0,990.0,0.0,980.0
641,2024-04-07 20:36:53,0.0,990.0,0.0,990.0,0.0,980.0
642,2024-04-07 20:36:57,0.0,990.0,0.0,990.0,0.0,980.0
643,2024-04-07 20:37:00,0.0,990.0,0.0,990.0,0.0,980.0
644,2024-04-07 20:37:04,0.0,990.0,0.0,990.0,0.0,980.0
645,2024-04-07 20:37:08,0.0,990.0,0.0,990.0,0.0,980.0
646,2024-04-07 20:37:11,0.0,990.0,0.0,990.0,0.0,980.0
647,2024-04-07 20:37:15,0.0,990.0,0.0,990.0,0.0,980.0
648,2024-04-07 20:37:19,0.0,990.0,0.0,990.0,0.0,980.0
649,2024-04-07 20:37:22,0.0,990.0,0.0,990.0,0.0,980.0
650,2024-04-07 20:37:26,0.0,990.0,0.0,990.0,0.0,980.0
651,2024-04-07 20:37:29,0.0,990.0,0.0,990.0,0.0,980.0
652,2024-04-07 20:37:32,0.0,990.0,0.0,990.0,0.0,980.0
653,2024-04-07 20:37:36,0.0,990.0,0.0,990.0,0.0,980.0
654,2024-04-07 20:37:39,0.0,990.0,0.0,990.0,0.0,980.0
655,2024-04-07 20:37:43,0.0,990.0,0.0,990.0,0.0,980.0
656,2024-04-07 20:37:46,0.0,990.0,0.0,990.0,0.0,980.0
657,2024-04-07 20:37:50,0.0,990.0,0.0,990.0,0.0,980.0
658,2024-04-07 20:37:53,0.0,990.0,0.0,990.0,0.0,980.0
659,2024-04-07 20:37:57,0.0,990.0,0.0,990.0,0.0,980.0
660,2024-04-07 20:38:00,10.5,17.5,1.33,1.48,4.1,5.6
661,2024-04-07 20:38:04,11.0,17.5,1.33,1.48,4.2,5.6
662,2024-04-07 20:38:08,11.0,17.5,1.33,1.48,4.2,5.6
663,2024-04-07 20:38:12,11.0,17.5,1.33,1.48,4.2,5.6
664,2024-04-07 20:38:15,11.5,17.5,1.33,1.47,4.3,5.6
665,2024-04-07 20:38:19,11.5,17.5,1.34,1.47,4.3,5.4
666,2024-04-07 20:38:23,11.5,15.0,1.34,1.47,4.3,5.4
667,2024-04-07 20:38:26,11.5,15.0,1.34,1.47,4.3,5.4
668,2024-04-07 20:38:30,11.5,15.0,1.34,1.47,4.3,5.4
669,2024-04-07 20:38:33,11.5,15.0,1.35,1.47,4.3,5.4
670,2024-04-07 20:38:36,11.5,15.0,1.35,1.47,4.3,5.4
671,2024-04-07 20:38:40,11.5,15.0,1.35,1.47,4.3,5.4
672,2024-04-07 20:38:43,11.5,15.0,1.35,1.47,4.3,5.4
673,2024-04-07 20:38:47,11.5,15.0,1.36,1.47,4.3,5.4
674,2024-04-07 20:38:49,11.0,17.5,1.35,1.48,4.2,5.6
675,2024-04-07 20:38:53,11.0,17.5,1.35,1.48,4.2,5.6
676,2024-04-07 20:38:56,11.0,17.5,1.35,1.48,4.2,5.6
677,2024-04-07 20:39:00,11.0,17.5,1.35,1.48,4.2,5.6
678,2024-04-07 20:39:03,11.0,17.5,1.35,1.48,4.2,5.6
679,2024-04-07 20:39:06,11.0,17.5,1.35,1.48,4.2,5.6
680,2024-04-07 20:39:10,11.0,17.5,1.35,1.48,4.2,5.6
681,2024-04-07 20:39:13,11.5,17.5,1.35,1.47,4.3,5.6
682,2024-04-07 20:39:17,11.0,17.5,1.36,1.48,4.2,5.5
683,2024-04-07 20:39:21,11.0,15.5,1.36,1.48,4.2,5.5
684,2024-04-07 20:39:25,11.0,15.5,1.36,1.48,4.2,5.5
685,2024-04-07 20:39:28,11.0,15.5,1.36,1.48,4.2,5.5
686,2024-04-07 20:39:32,11.0,15.5,1.36,1.47,4.3,5.5
687,2024-04-07 20:39:35,11.0,15.5,1.36,1.47,4.3,5.5
688,2024-04-07 20:39:39,11.0,15.5,1.36,1.47,4.3,5.5
689,2024-04-07 20:39:43,11.0,15.5,1.36,1.47,4.3,5.5
690,2024-04-07 20:39:46,11.0,15.5,1.36,1.47,4.3,5.5
691,2024-04-07 20:39:50,11.0,15.5,1.36,1.47,4.3,5.5
692,2024-04-07 20:39:53,11.0,15.5,1.36,1.47,4.3,5.5
693,2024-04-07 20:39:57,11.0,15.5,1.36,1.47,4.3,5.5
694,2024-04-07 20:40:01,11.0,15.5,1.36,1.47,4.3,5.5
695,2024-04-07 20:40:05,11.0,15.5,1.36,1.47,4.3,5.5
696,2024-04-07 20:40:09,11.0,15.5,1.36,1.47,4.3,5.5
697,2024-04-07 20:40:12,11.0,15.5,1.36,1.47,4.3,5.5
698,2024-04-07 20:40:16,0.0,990.0,0.0,990.0,0.0,980.0
699,2024-04-07 20:40:19,0.0,990.0,0.0,990.0,0.0,980.0
700,2024-04-07 20:40:22,0.0,990.0,0.0,990.0,0.0,980.0
701,2024-04-07 20:40:25,0.0,990.0,0.0,990.0,0.0,980.0
702,2024-04-07 20:40:29,0.0,990.0,0.0,990.0,0.0,980.0
703,2024-04-07 20:40:32,0.0,990.0,0.0,990.0,0.0,980.0
704,2024-04-07 20:40:36,0.0,990.0,0.0,990.0,0.0,980.0
705,2024-04-07 20:40:39,0.0,990.0,0.0,990.0,0.0,980.0
706,2024-04-07 20:40:42,0.0,990.0,0.0,990.0,0.0,980.0
707,2024-04-07 20:40:45,0.0,990.0,0.0,990.0,0.0,980.0
708,2024-04-07 20:40:49,0.0,990.0,0.0,990.0,0.0,980.0
709,2024-04-07 20:40:53,0.0,990.0,0.0,990.0,0.0,980.0
710,2024-04-07 20:40:56,0.0,990.0,0.0,990.0,0.0,980.0
711,2024-04-07 20:41:00,0.0,990.0,0.0,990.0,0.0,980.0
712,2024-04-07 20:41:03,6.2,16.0,1.38,1.53,4.1,5.3
713,2024-04-07 20:41:06,10.5,16.0,1.38,1.52,4.1,5.3
714,2024-04-07 20:41:10,10.5,16.0,1.38,1.52,4.1,5.3
715,2024-04-07 20:41:14,10.5,16.0,1.38,1.51,4.1,5.3
716,2024-04-07 20:41:17,10.5,16.0,1.38,1.51,4.1,5.2
717,2024-04-07 20:41:21,10.0,15.5,1.37,1.53,4.1,5.2
718,2024-04-07 20:41:25,10.0,15.5,1.37,1.53,4.1,5.2
719,2024-04-07 20:41:28,11.0,15.5,1.37,1.47,4.2,5.2
720,2024-04-07 20:41:32,11.0,15.5,1.37,1.47,4.2,5.2
721,2024-04-07 20:41:35,11.0,15.5,1.37,1.47,4.2,5.2
722,2024-04-07 20:41:39,11.5,15.5,1.37,1.47,4.3,5.2
723,2024-04-07 20:41:42,11.5,15.5,1.37,1.47,4.3,5.2
724,2024-04-07 20:41:46,11.5,15.5,1.37,1.46,4.4,5.2
724,2024-04-07 20:41:49,11.5,15.5,1.37,1.46,4.4,5.2
725,2024-04-07 20:41:53,11.5,15.5,1.37,1.46,4.4,5.2
726,2024-04-07 20:41:57,11.5,15.5,1.37,1.46,4.4,5.2
727,2024-04-07 20:42:00,11.5,15.5,1.37,1.46,4.4,5.2
728,2024-04-07 20:42:04,11.5,15.5,1.37,1.46,4.4,5.2
729,2024-04-07 20:42:07,11.5,15.5,1.37,1.46,4.4,5.2
730,2024-04-07 20:42:10,11.5,15.5,1.37,1.46,4.4,5.2
731,2024-04-07 20:42:14,12.0,15.5,1.37,1.46,4.4,5.2
732,2024-04-07 20:42:18,12.0,15.5,1.37,1.46,4.4,5.2
733,2024-04-07 20:42:21,12.0,15.5,1.37,1.46,4.4,5.2
734,2024-04-07 20:42:25,12.0,17.0,1.34,1.46,4.4,5.3
735,2024-04-07 20:42:29,12.0,17.0,1.34,1.46,4.4,5.3
736,2024-04-07 20:42:32,12.0,17.0,1.34,1.46,4.4,5.3
737,2024-04-07 20:42:35,12.0,16.5,1.34,1.46,4.4,5.3
738,2024-04-07 20:42:39,12.0,16.5,1.34,1.46,4.4,5.3
739,2024-04-07 20:42:42,12.0,16.5,1.34,1.46,4.4,5.3
740,2024-04-07 20:42:45,12.0,16.5,1.34,1.46,4.4,5.3
741,2024-04-07 20:42:49,12.0,16.5,1.34,1.46,4.4,5.3
742,2024-04-07 20:42:53,12.0,16.5,1.34,1.46,4.4,5.3
743,2024-04-07 20:42:56,12.0,16.5,1.34,1.46,4.4,5.3
744,2024-04-07 20:42:59,12.0,16.5,1.34,1.46,4.4,5.3
745,2024-04-07 20:43:03,12.0,16.5,1.34,1.46,4.4,5.3
746,2024-04-07 20:43:06,12.0,16.5,1.34,1.46,4.4,5.3
747,2024-04-07 20:43:10,12.0,16.5,1.34,1.46,4.4,5.3
748,2024-04-07 20:43:14,12.0,16.5,1.34,1.46,4.4,5.3
749,2024-04-07 20:43:17,12.0,16.5,1.34,1.46,4.4,5.3
750,2024-04-07 20:43:21,12.0,16.5,1.34,1.46,4.4,5.3
751,2024-04-07 20:43:24,12.0,16.5,1.34,1.46,4.4,5.3
752,2024-04-07 20:43:28,12.0,16.5,1.34,1.46,4.4,5.3
753,2024-04-07 20:43:31,12.0,16.5,1.34,1.46,4.4,5.3
754,2024-04-07 20:43:35,12.0,16.5,1.34,1.46,4.4,5.3
755,2024-04-07 20:43:38,12.0,16.5,1.35,1.46,4.4,5.2
756,2024-04-07 20:43:42,12.0,16.5,1.35,1.46,4.4,5.2
757,2024-04-07 20:43:45,12.0,16.5,1.35,1.45,4.4,5.2
758,2024-04-07 20:43:49,12.0,16.5,1.35,1.45,4.4,5.2
759,2024-04-07 20:43:53,12.0,16.5,1.35,1.45,4.4,5.2
760,2024-04-07 20:43:56,12.0,16.5,1.35,1.45,4.4,5.2
761,2024-04-07 20:44:00,12.0,16.5,1.35,1.45,4.4,5.2
762,2024-04-07 20:44:03,12.0,16.5,1.35,1.45,4.4,5.2
763,2024-04-07 20:44:07,12.0,16.5,1.35,1.45,4.4,5.2
764,2024-04-07 20:44:11,12.5,16.5,1.35,1.45,4.4,5.2
765,2024-04-07 20:44:14,12.5,16.5,1.35,1.45,4.4,5.2
766,2024-04-07 20:44:18,12.5,16.5,1.35,1.45,4.4,5.2
767,2024-04-07 20:44:22,12.5,16.5,1.35,1.45,4.4,5.2
768,2024-04-07 20:44:25,12.5,16.5,1.35,1.45,4.4,5.2
769,2024-04-07 20:44:29,12.5,16.5,1.35,1.45,4.4,5.2
770,2024-04-07 20:44:32,12.5,16.5,1.35,1.45,4.4,5.2
771,2024-04-07 20:44:36,12.5,16.5,1.35,1.45,4.4,5.2
772,2024-04-07 20:44:40,12.5,16.5,1.35,1.45,4.4,5.2
773,2024-04-07 20:44:43,12.5,16.5,1.35,1.45,4.4,5.2
774,2024-04-07 20:44:47,12.5,16.5,1.35,1.45,4.4,5.2
775,2024-04-07 20:44:51,12.5,16.5,1.35,1.45,4.4,5.2
776,2024-04-07 20:44:54,12.5,16.5,1.35,1.45,4.4,5.2
777,2024-04-07 20:44:57,12.5,16.5,1.35,1.43,4.3,5.2
778,2024-04-07 20:45:01,13.0,16.5,1.35,1.43,4.4,5.2
779,2024-04-07 20:45:05,13.0,16.5,1.35,1.43,4.4,5.2
780,2024-04-07 20:45:08,13.0,16.5,1.35,1.43,4.4,5.2
781,2024-04-07 20:45:11,13.0,16.5,1.35,1.43,4.4,5.2
782,2024-04-07 20:45:15,13.0,16.5,1.35,1.43,4.4,5.2
782,2024-04-07 20:45:18,13.0,16.5,1.35,1.43,4.3,5.2
783,2024-04-07 20:45:21,13.0,16.5,1.35,1.43,4.3,5.2
784,2024-04-07 20:45:25,13.0,16.5,1.35,1.43,4.3,5.2
785,2024-04-07 20:45:29,13.0,16.5,1.35,1.42,4.3,5.2
786,2024-04-07 20:45:32,13.0,16.5,1.35,1.42,4.3,5.2
787,2024-04-07 20:45:36,13.0,16.5,1.35,1.42,4.4,5.2
788,2024-04-07 20:45:40,13.0,16.5,1.35,1.42,4.4,5.2
789,2024-04-07 20:45:44,13.0,16.5,1.35,1.42,4.4,5.2
790,2024-04-07 20:45:47,13.0,16.5,1.35,1.42,4.4,5.2
791,2024-04-07 20:45:50,10.0,16.5,1.35,1.49,4.4,5.2
792,2024-04-07 20:45:53,10.0,16.5,1.35,1.49,4.4,5.2
793,2024-04-07 20:45:56,10.0,16.5,1.35,1.49,4.4,5.2
794,2024-04-07 20:45:59,10.0,16.5,1.35,1.49,4.4,5.2
795,2024-04-07 20:46:03,10.0,16.5,1.35,1.49,4.4,5.2
796,2024-04-07 20:46:07,10.0,16.5,1.35,1.49,4.4,5.2
797,2024-04-07 20:46:11,10.0,16.5,1.35,1.49,4.4,5.2
798,2024-04-07 20:46:15,10.0,16.5,1.35,1.49,4.4,5.2
799,2024-04-07 20:46:18,10.0,16.5,1.35,1.49,4.4,5.2
800,2024-04-07 20:46:22,0.0,990.0,0.0,990.0,0.0,980.0
801,2024-04-07 20:46:25,0.0,990.0,0.0,990.0,0.0,980.0
802,2024-04-07 20:46:29,0.0,990.0,0.0,990.0,0.0,980.0
803,2024-04-07 20:46:32,0.0,990.0,0.0,990.0,0.0,980.0
804,2024-04-07 20:46:36,0.0,990.0,0.0,990.0,0.0,980.0
805,2024-04-07 20:46:40,0.0,990.0,0.0,990.0,0.0,980.0
806,2024-04-07 20:46:43,0.0,990.0,0.0,990.0,0.0,980.0
807,2024-04-07 20:46:46,0.0,990.0,0.0,990.0,0.0,980.0
808,2024-04-07 20:46:50,0.0,990.0,0.0,990.0,0.0,980.0
809,2024-04-07 20:46:53,11.0,990.0,0.0,1.35,3.9,980.0
810,2024-04-07 20:46:57,11.0,19.0,1.29,1.35,3.9,4.5
811,2024-04-07 20:47:01,11.0,19.0,1.29,1.35,3.9,4.5
812,2024-04-07 20:47:04,11.0,19.0,1.29,1.35,3.9,4.5
813,2024-04-07 20:47:08,0.0,990.0,0.0,990.0,0.0,980.0
814,2024-04-07 20:47:11,0.0,990.0,0.0,990.0,0.0,980.0
815,2024-04-07 20:47:16,0.0,990.0,0.0,990.0,0.0,980.0
816,2024-04-07 20:47:19,0.0,990.0,0.0,990.0,0.0,980.0
817,2024-04-07 20:47:22,0.0,990.0,0.0,990.0,0.0,980.0
818,2024-04-07 20:47:26,0.0,990.0,0.0,990.0,0.0,980.0
819,2024-04-07 20:47:29,0.0,990.0,0.0,990.0,0.0,980.0
820,2024-04-07 20:47:32,0.0,990.0,0.0,990.0,0.0,980.0
821,2024-04-07 20:47:36,0.0,990.0,0.0,990.0,0.0,980.0
822,2024-04-07 20:47:39,0.0,990.0,0.0,990.0,0.0,980.0
823,2024-04-07 20:47:42,0.0,990.0,0.0,990.0,0.0,980.0
824,2024-04-07 20:47:46,0.0,990.0,0.0,990.0,0.0,980.0
825,2024-04-07 20:47:49,0.0,990.0,0.0,990.0,0.0,980.0
826,2024-04-07 20:47:53,11.0,990.0,0.0,1.36,3.85,980.0
827,2024-04-07 20:47:56,11.0,990.0,0.0,1.36,3.85,980.0
828,2024-04-07 20:48:00,11.0,990.0,0.0,1.36,3.85,980.0
829,2024-04-07 20:48:03,11.0,990.0,0.0,1.36,3.85,980.0
830,2024-04-07 20:48:07,11.0,990.0,0.0,1.36,3.85,980.0
831,2024-04-07 20:48:11,11.0,990.0,0.0,1.36,3.85,980.0
832,2024-04-07 20:48:14,11.0,18.5,1.29,1.36,3.85,4.5
833,2024-04-07 20:48:18,11.0,18.5,1.29,1.36,3.85,4.5
834,2024-04-07 20:48:22,11.0,18.5,1.29,1.36,3.85,4.5
835,2024-04-07 20:48:26,11.0,18.5,1.29,1.36,3.85,4.5
836,2024-04-07 20:48:29,11.0,18.5,1.29,1.36,3.85,4.5
837,2024-04-07 20:48:32,11.0,18.5,1.29,1.36,3.85,4.5
838,2024-04-07 20:48:35,11.0,18.5,1.29,1.36,3.85,4.5
839,2024-04-07 20:48:39,11.0,18.5,1.29,1.36,3.85,4.5
840,2024-04-07 20:48:43,11.0,18.5,1.29,1.36,3.85,4.5
841,2024-04-07 20:48:47,11.0,18.5,1.29,1.36,3.85,4.5
842,2024-04-07 20:48:50,11.0,18.5,1.29,1.36,3.85,4.5
843,2024-04-07 20:48:54,11.0,18.5,1.29,1.36,3.85,4.5
844,2024-04-07 20:48:58,11.0,18.5,1.29,1.36,3.85,4.5
845,2024-04-07 20:49:01,11.0,18.5,1.29,1.36,3.85,4.5
846,2024-04-07 20:49:05,11.0,18.5,1.29,1.36,3.85,4.5
847,2024-04-07 20:49:09,11.0,18.5,1.29,1.36,3.85,4.5
848,2024-04-07 20:49:13,11.0,18.5,1.29,1.36,3.85,4.5
849,2024-04-07 20:49:17,11.0,18.5,1.29,1.36,3.85,4.5
850,2024-04-07 20:49:20,11.0,18.5,1.29,1.36,3.85,4.5
851,2024-04-07 20:49:25,11.0,18.5,1.29,1.36,3.85,4.5
852,2024-04-07 20:49:28,11.0,18.5,1.29,1.36,3.85,4.5
853,2024-04-07 20:49:32,11.0,18.5,1.29,1.36,3.85,4.5
854,2024-04-07 20:49:36,11.0,18.5,1.29,1.36,3.85,4.5
855,2024-04-07 20:49:39,11.0,18.5,1.29,1.36,3.85,4.5
856,2024-04-07 20:49:43,11.0,18.5,1.29,1.36,3.85,4.5
857,2024-04-07 20:49:46,11.0,18.5,1.29,1.36,3.85,4.5
858,2024-04-07 20:49:49,11.0,18.5,1.29,1.36,3.85,4.5
859,2024-04-07 20:49:53,11.0,18.5,1.29,1.36,3.85,4.5
860,2024-04-07 20:49:57,11.0,18.5,1.29,1.36,3.85,4.5
861,2024-04-07 20:50:00,11.0,18.5,1.29,1.36,3.85,4.5
862,2024-04-07 20:50:04,11.0,18.5,1.29,1.36,3.85,4.5
863,2024-04-07 20:50:08,11.0,18.5,1.29,1.36,3.85,4.5
864,2024-04-07 20:50:12,11.0,18.5,1.29,1.36,3.85,4.5
865,2024-04-07 20:50:15,11.0,18.5,1.29,1.36,3.85,4.5
866,2024-04-07 20:50:19,11.0,18.5,1.29,1.36,3.85,4.5
867,2024-04-07 20:50:23,11.0,18.5,1.29,1.36,3.85,4.5
868,2024-04-07 20:50:26,11.0,18.5,1.29,1.36,3.85,4.5
869,2024-04-07 20:50:30,11.0,18.5,1.29,1.36,3.85,4.5
870,2024-04-07 20:50:34,11.0,18.5,1.29,1.36,3.85,4.5
871,2024-04-07 20:50:37,11.0,18.5,1.29,1.36,3.85,4.5
872,2024-04-07 20:50:41,11.0,18.5,1.29,1.36,3.85,4.5
873,2024-04-07 20:50:44,11.0,18.5,1.29,1.36,3.85,4.5
874,2024-04-07 20:50:48,11.0,18.5,1.29,1.36,3.85,4.5
875,2024-04-07 20:50:52,11.0,18.5,1.29,1.36,3.85,4.5
876,2024-04-07 20:50:56,11.0,18.5,1.29,1.36,3.85,4.5
877,2024-04-07 20:50:59,11.0,18.5,1.29,1.36,3.85,4.5
878,2024-04-07 20:51:03,11.0,18.5,1.29,1.36,3.85,4.5
879,2024-04-07 20:51:06,11.0,18.5,1.29,1.36,3.85,4.5
880,2024-04-07 20:51:10,11.0,18.5,1.29,1.36,3.85,4.5
881,2024-04-07 20:51:13,11.0,18.5,1.29,1.36,3.85,4.5
882,2024-04-07 20:51:17,11.0,18.5,1.29,1.36,3.85,4.5
883,2024-04-07 20:51:21,11.0,18.5,1.29,1.36,3.85,4.5
884,2024-04-07 20:51:24,11.0,18.5,1.29,1.36,3.85,4.5
885,2024-04-07 20:51:28,11.0,18.5,1.29,1.36,3.85,4.5
886,2024-04-07 20:51:31,11.0,18.5,1.29,1.36,3.85,4.5
887,2024-04-07 20:51:35,11.0,18.5,1.29,1.36,3.85,4.5
888,2024-04-07 20:51:39,11.0,18.5,1.29,1.36,3.85,4.5
889,2024-04-07 20:51:42,11.0,18.5,1.29,1.36,3.85,4.5
890,2024-04-07 20:51:46,11.0,18.5,1.29,1.36,3.85,4.5
891,2024-04-07 20:51:49,11.0,18.5,1.29,1.36,3.85,4.5
892,2024-04-07 20:51:53,11.0,18.5,1.29,1.36,3.85,4.5
893,2024-04-07 20:51:57,11.0,18.5,1.29,1.36,3.85,4.5
894,2024-04-07 20:52:00,11.0,18.5,1.29,1.36,3.85,4.5
895,2024-04-07 20:52:04,11.0,18.5,1.29,1.36,3.85,4.5
896,2024-04-07 20:52:07,11.0,18.5,1.29,1.36,3.85,4.5
897,2024-04-07 20:52:11,11.0,18.5,1.29,1.36,3.85,4.5
898,2024-04-07 20:52:14,11.0,18.5,1.29,1.36,3.85,4.5
899,2024-04-07 20:52:18,11.0,18.5,1.29,1.36,3.85,4.5
900,2024-04-07 20:52:22,11.0,18.5,1.29,1.36,3.85,4.5
901,2024-04-07 20:52:26,11.0,18.5,1.29,1.36,3.85,4.5
902,2024-04-07 20:52:30,11.0,18.5,1.29,1.36,3.85,4.5
903,2024-04-07 20:52:33,11.0,18.5,1.29,1.36,3.85,4.5
904,2024-04-07 20:52:37,11.0,18.5,1.29,1.36,3.85,4.5
905,2024-04-07 20:52:41,11.0,18.5,1.29,1.36,3.85,4.5
906,2024-04-07 20:52:45,11.0,18.5,1.29,1.36,3.85,4.5
907,2024-04-07 20:52:48,11.0,18.5,1.29,1.36,3.85,4.5
908,2024-04-07 20:52:52,11.0,18.5,1.29,1.36,3.85,4.5
909,2024-04-07 20:52:55,11.0,18.5,1.29,1.36,3.85,4.5
910,2024-04-07 20:52:59,11.0,18.5,1.29,1.36,3.85,4.5
911,2024-04-07 20:53:03,11.0,18.5,1.29,1.36,3.85,4.5
912,2024-04-07 20:53:06,11.0,18.5,1.29,1.36,3.85,4.5
913,2024-04-07 20:53:10,11.0,18.5,1.29,1.36,3.85,4.5
914,2024-04-07 20:53:13,11.0,18.5,1.29,1.36,3.85,4.5
915,2024-04-07 20:53:17,11.0,18.5,1.29,1.36,3.85,4.5
916,2024-04-07 20:53:21,11.0,18.5,1.29,1.36,3.85,4.5
917,2024-04-07 20:53:24,11.0,18.5,1.29,1.36,3.85,4.5
918,2024-04-07 20:53:27,11.0,18.5,1.29,1.36,3.85,4.5
919,2024-04-07 20:53:31,11.0,18.5,1.29,1.36,3.85,4.5
920,2024-04-07 20:53:35,11.0,18.5,1.29,1.36,3.85,4.5
921,2024-04-07 20:53:38,11.0,18.5,1.29,1.36,3.85,4.5
922,2024-04-07 20:53:42,11.0,18.5,1.29,1.36,3.85,4.5
923,2024-04-07 20:53:45,11.0,18.5,1.29,1.36,3.85,4.5
924,2024-04-07 20:53:49,11.0,18.5,1.29,1.36,3.85,4.5
925,2024-04-07 20:53:53,11.0,18.5,1.29,1.36,3.85,4.5
926,2024-04-07 20:53:56,11.0,18.5,1.29,1.36,3.85,4.5
927,2024-04-07 20:53:59,11.0,18.5,1.29,1.36,3.85,4.5
928,2024-04-07 20:54:03,11.0,18.5,1.29,1.36,3.85,4.5
929,2024-04-07 20:54:06,11.0,18.5,1.29,1.36,3.85,4.5
930,2024-04-07 20:54:10,11.0,18.5,1.29,1.36,3.85,4.5
931,2024-04-07 20:54:14,11.0,18.5,1.29,1.36,3.85,4.5
932,2024-04-07 20:54:18,11.0,18.5,1.29,1.36,3.85,4.5
933,2024-04-07 20:54:21,11.0,18.5,1.29,1.36,3.85,4.5
934,2024-04-07 20:54:25,11.0,18.5,1.29,1.36,3.85,4.5
935,2024-04-07 20:54:28,11.0,18.5,1.29,1.36,3.85,4.5
936,2024-04-07 20:54:31,11.0,18.5,1.29,1.36,3.85,4.5
937,2024-04-07 20:54:35,11.0,18.5,1.29,1.36,3.85,4.5
938,2024-04-07 20:54:38,11.0,18.5,1.29,1.36,3.85,4.5
939,2024-04-07 20:54:42,11.0,18.5,1.29,1.36,3.85,4.5
940,2024-04-07 20:54:46,11.0,18.5,1.29,1.36,3.85,4.5
941,2024-04-07 20:54:50,11.0,18.5,1.29,1.36,3.85,4.5
942,2024-04-07 20:54:54,11.0,18.5,1.29,1.36,3.85,4.5
943,2024-04-07 20:54:57,11.0,18.5,1.29,1.36,3.85,4.5
944,2024-04-07 20:55:01,11.0,18.5,1.29,1.36,3.85,4.5
945,2024-04-07 20:55:05,11.0,18.5,1.29,1.36,3.85,4.5
946,2024-04-07 20:55:08,11.0,18.5,1.29,1.36,3.85,4.5
947,2024-04-07 20:55:12,11.0,18.5,1.29,1.36,3.85,4.5
948,2024-04-07 20:55:15,11.0,18.5,1.29,1.36,3.85,4.5
949,2024-04-07 20:55:19,11.0,18.5,1.29,1.36,3.85,4.5
950,2024-04-07 20:55:22,11.0,18.5,1.29,1.36,3.85,4.5
951,2024-04-07 20:55:26,11.0,18.5,1.29,1.36,3.85,4.5
952,2024-04-07 20:55:30,11.0,18.5,1.29,1.36,3.85,4.5
953,2024-04-07 20:55:33,11.0,18.5,1.29,1.36,3.85,4.5
954,2024-04-07 20:55:37,11.0,18.5,1.29,1.36,3.85,4.5
955,2024-04-07 20:55:40,11.0,18.5,1.29,1.36,3.85,4.5
956,2024-04-07 20:55:43,11.0,18.5,1.29,1.36,3.85,4.5
957,2024-04-07 20:55:46,11.0,18.5,1.29,1.36,3.85,4.5
958,2024-04-07 20:55:49,11.0,18.5,1.29,1.36,3.85,4.5
959,2024-04-07 20:55:52,11.0,18.5,1.29,1.36,3.85,4.5
960,2024-04-07 20:55:56,11.0,18.5,1.29,1.36,3.85,4.5
961,2024-04-07 20:55:59,11.0,18.5,1.29,1.36,3.85,4.5
962,2024-04-07 20:56:02,11.0,18.5,1.29,1.36,3.85,4.5
963,2024-04-07 20:56:05,11.0,18.5,1.29,1.36,3.85,4.5
964,2024-04-07 20:56:08,11.0,18.5,1.29,1.36,3.85,4.5
965,2024-04-07 20:56:11,11.0,18.5,1.29,1.36,3.85,4.5
966,2024-04-07 20:56:14,11.0,18.5,1.29,1.36,3.85,4.5
967,2024-04-07 20:56:17,11.0,18.5,1.29,1.36,3.85,4.5
968,2024-04-07 20:56:21,11.0,18.5,1.29,1.36,3.85,4.5
969,2024-04-07 20:56:24,11.0,18.5,1.29,1.36,3.85,4.5
970,2024-04-07 20:56:27,11.0,18.5,1.29,1.36,3.85,4.5
971,2024-04-07 20:56:30,11.0,18.5,1.29,1.36,3.85,4.5
972,2024-04-07 20:56:33,11.0,18.5,1.29,1.36,3.85,4.5
973,2024-04-07 20:56:36,11.0,18.5,1.29,1.36,3.85,4.5
974,2024-04-07 20:56:39,11.0,18.5,1.29,1.36,3.85,4.5
975,2024-04-07 20:56:42,11.0,18.5,1.29,1.36,3.85,4.5
976,2024-04-07 20:56:45,11.0,18.5,1.29,1.36,3.85,4.5
977,2024-04-07 20:56:49,11.0,18.5,1.29,1.36,3.85,4.5
978,2024-04-07 20:56:51,11.0,18.5,1.29,1.36,3.85,4.5
979,2024-04-07 20:56:55,5.9,18.5,1.29,1.36,3.85,4.5
980,2024-04-07 20:56:58,5.9,18.5,1.29,1.36,3.85,4.5
980,2024-04-07 20:57:00,5.9,18.5,1.29,1.36,3.85,4.5
981,2024-04-07 20:57:03,11.0,18.5,1.29,1.36,3.85,4.5
982,2024-04-07 20:57:06,11.0,18.5,1.29,1.36,3.85,4.5
983,2024-04-07 20:57:09,11.0,18.5,1.29,1.36,3.85,4.5
984,2024-04-07 20:57:13,11.0,18.5,1.29,1.36,3.85,4.5
985,2024-04-07 20:57:16,11.0,18.5,1.29,1.36,3.85,4.5
986,2024-04-07 20:57:19,11.0,18.5,1.29,1.36,3.85,4.5
987,2024-04-07 20:57:22,11.0,18.5,1.29,1.36,3.85,4.5
988,2024-04-07 20:57:25,11.0,18.5,1.29,1.36,3.85,4.5
989,2024-04-07 20:57:28,11.0,18.5,1.29,1.36,3.85,4.5
990,2024-04-07 20:57:32,11.0,18.5,1.29,1.36,3.85,4.5
991,2024-04-07 20:57:35,11.0,18.5,1.29,1.36,3.85,4.5
992,2024-04-07 20:57:38,11.0,18.5,1.29,1.51,3.5,4.5
993,2024-04-07 20:57:41,11.0,18.5,1.29,1.51,3.5,4.5
994,2024-04-07 20:57:44,11.0,18.5,1.29,1.51,3.5,4.5
995,2024-04-07 20:57:47,11.0,18.5,1.29,1.36,3.85,4.5
996,2024-04-07 20:57:50,11.0,990.0,1.29,1.36,3.85,4.5
997,2024-04-07 20:57:54,11.0,990.0,1.29,1.36,3.85,4.5
998,2024-04-07 20:57:56,11.0,990.0,1.29,1.36,3.85,4.5
999,2024-04-07 20:57:59,11.0,18.5,1.29,1.36,3.85,4.5
1000,2024-04-07 20:58:02,11.0,18.5,1.28,1.36,3.85,5.9
1001,2024-04-07 20:58:05,11.0,18.5,1.28,1.36,3.85,5.9
1002,2024-04-07 20:58:09,11.0,18.5,1.28,1.36,3.85,5.9
1003,2024-04-07 20:58:11,11.0,18.5,1.28,1.36,3.85,5.9
1004,2024-04-07 20:58:14,11.0,18.5,1.28,1.36,3.85,5.9
1005,2024-04-07 20:58:18,11.0,18.5,1.3,1.36,3.85,4.4
1006,2024-04-07 20:58:21,11.0,18.5,1.3,1.36,3.85,4.4
1007,2024-04-07 20:58:24,11.0,18.5,1.3,1.36,3.85,4.4
1008,2024-04-07 20:58:28,11.0,18.5,1.3,1.36,3.85,4.4
1009,2024-04-07 20:58:30,11.0,18.5,1.3,1.36,3.85,4.4
1010,2024-04-07 20:58:32,11.0,18.5,1.3,1.36,3.85,4.4
1011,2024-04-07 20:58:35,11.0,18.5,1.3,1.36,3.85,4.4
1012,2024-04-07 20:58:37,11.0,18.5,1.3,1.36,3.85,4.4
1013,2024-04-07 20:58:40,11.0,18.5,1.3,1.36,3.85,4.4
1014,2024-04-07 20:58:42,11.0,18.5,1.3,1.36,3.85,4.4
1015,2024-04-07 20:58:45,11.0,18.5,1.3,1.36,3.85,4.4
1016,2024-04-07 20:58:48,11.0,18.5,1.3,1.36,3.85,4.4
1017,2024-04-07 20:58:50,11.0,18.5,1.3,1.36,3.85,4.4
1018,2024-04-07 20:58:53,11.0,18.5,1.3,1.36,3.85,4.4
1019,2024-04-07 20:58:55,11.0,18.5,1.3,1.36,3.85,4.4
1020,2024-04-07 20:58:58,11.0,18.5,1.3,1.36,3.85,4.4
1021,2024-04-07 20:59:00,11.0,18.5,1.3,1.36,3.85,4.4
1022,2024-04-07 20:59:03,11.0,18.5,1.3,1.36,3.85,4.4
1023,2024-04-07 20:59:06,11.0,18.5,1.3,1.36,3.85,4.4
1024,2024-04-07 20:59:08,11.0,18.5,1.3,1.36,3.85,4.4
1025,2024-04-07 20:59:10,11.0,18.5,1.3,1.36,3.85,4.4
1026,2024-04-07 20:59:13,11.0,18.5,1.3,1.36,3.85,4.4
1027,2024-04-07 20:59:15,11.0,18.5,1.3,1.36,3.85,4.4
1028,2024-04-07 20:59:17,11.0,18.5,1.3,1.36,3.85,4.4
1029,2024-04-07 20:59:20,11.0,18.5,1.3,1.36,3.85,4.4
1030,2024-04-07 20:59:23,11.0,18.5,1.3,1.36,3.85,4.4
1031,2024-04-07 20:59:25,11.0,18.5,1.3,1.36,3.85,4.4
1032,2024-04-07 20:59:28,11.0,18.5,1.3,1.36,3.85,4.4
1033,2024-04-07 20:59:31,11.0,18.5,1.3,1.36,3.85,4.4
1034,2024-04-07 20:59:34,11.0,18.5,1.3,1.36,3.85,4.4
1035,2024-04-07 20:59:36,11.0,18.5,1.3,1.36,3.85,4.4
1036,2024-04-07 20:59:38,11.0,18.5,1.3,1.36,3.85,4.4
1037,2024-04-07 20:59:41,11.0,18.5,1.3,1.36,3.85,4.4
1038,2024-04-07 20:59:43,11.0,18.5,1.3,1.36,3.85,4.4
1039,2024-04-07 20:59:46,11.0,18.5,1.3,1.36,3.85,4.4
1040,2024-04-07 20:59:48,11.0,18.5,1.3,1.36,3.85,4.4
1041,2024-04-07 20:59:50,11.0,18.5,1.3,1.36,3.85,4.4
1042,2024-04-07 20:59:52,11.0,18.5,1.3,1.36,3.85,4.4
1043,2024-04-07 20:59:55,11.0,18.5,1.3,1.36,3.85,4.4
1044,2024-04-07 20:59:57,11.0,18.5,1.3,1.36,3.85,4.4
1045,2024-04-07 20:59:59,11.0,18.5,1.3,1.36,3.85,4.4
1046,2024-04-07 21:00:02,11.0,18.5,1.3,1.36,3.85,4.4
1047,2024-04-07 21:00:04,11.0,18.5,1.3,1.36,3.85,4.4
1048,2024-04-07 21:00:06,11.0,18.5,1.3,1.36,3.85,4.4
1049,2024-04-07 21:00:09,11.0,18.5,1.3,1.36,3.85,4.4
1050,2024-04-07 21:00:11,11.0,18.5,1.3,1.36,3.85,4.4
1051,2024-04-07 21:00:13,11.0,18.5,1.3,1.36,3.85,4.4
1052,2024-04-07 21:00:16,11.0,18.5,1.3,1.36,3.85,4.4
1053,2024-04-07 21:00:19,11.0,18.5,1.3,1.36,3.85,4.4
1054,2024-04-07 21:00:21,11.0,18.5,1.3,1.36,3.85,4.4
1055,2024-04-07 21:00:26,11.0,18.5,1.3,1.36,3.85,4.4
1056,2024-04-07 21:00:29,11.0,18.5,1.3,1.36,3.85,4.4
1057,2024-04-07 21:00:32,11.0,18.5,1.3,1.36,3.85,4.4
1058,2024-04-07 21:00:34,11.0,18.5,1.3,1.36,3.85,4.4
1059,2024-04-07 21:00:37,11.0,18.5,1.3,1.36,3.85,4.4
1060,2024-04-07 21:00:39,11.0,18.5,1.3,1.36,3.85,4.4
1061,2024-04-07 21:00:42,11.0,18.5,1.3,1.36,3.85,4.4
1062,2024-04-07 21:00:44,11.0,18.5,1.3,1.36,3.85,4.4
1063,2024-04-07 21:00:47,11.0,18.5,1.3,1.36,3.85,4.4
1064,2024-04-07 21:00:49,11.0,18.5,1.3,1.36,3.85,4.4
1065,2024-04-07 21:00:52,11.0,18.5,1.3,1.36,3.85,4.4
1066,2024-04-07 21:00:54,11.0,18.5,1.3,1.36,3.85,4.4
1067,2024-04-07 21:00:57,11.0,18.5,1.3,1.36,3.85,4.4
1068,2024-04-07 21:00:59,11.0,18.5,1.3,1.36,3.85,4.4
1069,2024-04-07 21:01:01,11.0,18.5,1.3,1.36,3.85,4.4
1070,2024-04-07 21:01:04,11.0,18.5,1.3,1.36,3.85,4.4
1071,2024-04-07 21:01:07,11.0,18.5,1.3,1.36,3.85,4.4
1072,2024-04-07 21:01:09,11.0,18.5,1.3,1.36,3.85,4.4
1073,2024-04-07 21:01:11,11.0,18.5,1.3,1.36,3.85,4.4
1074,2024-04-07 21:01:14,11.0,18.5,1.3,1.36,3.85,4.4
1075,2024-04-07 21:01:17,11.0,18.5,1.3,1.36,3.85,4.4
1076,2024-04-07 21:01:19,11.0,18.5,1.3,1.36,3.85,4.4
1077,2024-04-07 21:01:22,11.0,18.5,1.3,1.36,3.85,4.4
1078,2024-04-07 21:01:25,11.0,18.5,1.3,1.36,3.85,4.4
1079,2024-04-07 21:01:28,11.0,18.5,1.3,1.36,3.85,4.4
1080,2024-04-07 21:01:31,11.0,18.5,1.3,1.36,3.85,4.4
1081,2024-04-07 21:01:33,11.0,18.5,1.3,1.36,3.85,4.4
1082,2024-04-07 21:01:36,11.0,18.5,1.3,1.36,3.85,4.4
1083,2024-04-07 21:01:39,11.0,18.5,1.3,1.36,3.85,4.4
1084,2024-04-07 21:01:41,11.0,18.5,1.3,1.36,3.85,4.4
1085,2024-04-07 21:01:44,11.0,18.5,1.3,1.36,3.85,4.4
1086,2024-04-07 21:01:47,11.0,18.5,1.3,1.36,3.85,4.4
1087,2024-04-07 21:01:49,11.0,18.5,1.3,1.36,3.85,4.4
1088,2024-04-07 21:01:52,11.0,18.5,1.3,1.36,3.85,4.4
1089,2024-04-07 21:01:55,11.0,18.5,1.3,1.36,3.85,4.4
1090,2024-04-07 21:01:57,11.0,18.5,1.3,1.36,3.85,4.4
1091,2024-04-07 21:02:00,11.0,18.5,1.3,1.36,3.85,4.4
1092,2024-04-07 21:02:02,11.0,18.5,1.3,1.36,3.85,4.4
1093,2024-04-07 21:02:05,11.0,18.5,1.3,1.36,3.85,4.4
1094,2024-04-07 21:02:07,11.0,18.5,1.3,1.36,3.85,4.4
1095,2024-04-07 21:02:10,11.0,18.5,1.3,1.36,3.85,4.4
