,rowIndex,matchOddsTime,Sheff Wed_back,Sheff Wed_lay,Ipswich_back,Ipswich_lay,drawBackPrice,drawLayPrice
1,2024-03-16 17:02:31,0.0,0.0,0.0,990.0,0.0,0.0
2,2024-03-16 17:02:31,0.0,0.0,0.0,990.0,0.0,0.0
3,2024-03-16 17:02:32,0.0,0.0,0.0,990.0,0.0,0.0
4,2024-03-16 17:02:32,0.0,0.0,0.0,990.0,0.0,0.0
5,2024-03-16 17:02:33,0.0,0.0,0.0,990.0,0.0,0.0
6,2024-03-16 17:02:33,0.0,0.0,0.0,990.0,0.0,0.0
7,2024-03-16 17:02:34,0.0,0.0,0.0,990.0,0.0,0.0
8,2024-03-16 17:02:34,0.0,0.0,0.0,990.0,0.0,0.0
9,2024-03-16 17:02:35,0.0,0.0,0.0,990.0,0.0,0.0
10,2024-03-16 17:02:36,0.0,0.0,0.0,990.0,0.0,0.0
11,2024-03-16 17:02:36,0.0,0.0,0.0,990.0,0.0,0.0
12,2024-03-16 17:02:37,0.0,0.0,0.0,990.0,0.0,0.0
13,2024-03-16 17:02:37,0.0,0.0,0.0,990.0,0.0,0.0
14,2024-03-16 17:02:38,0.0,0.0,0.0,990.0,0.0,0.0
15,2024-03-16 17:02:38,0.0,0.0,0.0,990.0,0.0,0.0
16,2024-03-16 17:02:39,0.0,0.0,0.0,990.0,0.0,0.0
17,2024-03-16 17:02:39,0.0,0.0,0.0,990.0,0.0,0.0
18,2024-03-16 17:02:40,0.0,0.0,0.0,990.0,0.0,0.0
19,2024-03-16 17:02:41,0.0,0.0,0.0,990.0,0.0,0.0
20,2024-03-16 17:02:41,0.0,0.0,0.0,990.0,0.0,0.0
21,2024-03-16 17:02:42,0.0,0.0,0.0,990.0,0.0,0.0
