,rowIndex,matchOddsTime,Juventus_back,Juventus_lay,Fiorentina_back,Fiorentina_lay,drawBackPrice,drawLayPrice
1,2024-04-07 19:45:42,0.0,990.0,0.0,990.0,0.0,990.0
2,2024-04-07 19:45:42,0.0,990.0,0.0,990.0,0.0,990.0
3,2024-04-07 19:45:42,0.0,990.0,0.0,990.0,0.0,990.0
4,2024-04-07 19:45:43,0.0,990.0,0.0,990.0,0.0,990.0
5,2024-04-07 19:45:43,0.0,990.0,0.0,990.0,0.0,990.0
6,2024-04-07 19:45:43,0.0,990.0,0.0,990.0,0.0,990.0
7,2024-04-07 19:45:43,0.0,990.0,0.0,990.0,0.0,990.0
8,2024-04-07 19:45:44,0.0,990.0,0.0,990.0,0.0,990.0
9,2024-04-07 19:45:44,0.0,990.0,0.0,990.0,0.0,990.0
10,2024-04-07 19:45:44,0.0,990.0,0.0,990.0,0.0,990.0
11,2024-04-07 19:45:45,0.0,990.0,0.0,990.0,0.0,990.0
12,2024-04-07 19:45:45,0.0,990.0,0.0,990.0,0.0,990.0
13,2024-04-07 19:45:45,0.0,990.0,0.0,990.0,0.0,990.0
14,2024-04-07 19:45:46,0.0,990.0,0.0,990.0,0.0,990.0
15,2024-04-07 19:45:46,0.0,990.0,0.0,990.0,0.0,990.0
16,2024-04-07 19:45:46,0.0,990.0,0.0,990.0,0.0,990.0
17,2024-04-07 19:45:46,0.0,990.0,0.0,990.0,0.0,990.0
18,2024-04-07 19:45:47,0.0,990.0,0.0,990.0,0.0,990.0
19,2024-04-07 19:45:47,0.0,990.0,0.0,990.0,0.0,990.0
20,2024-04-07 19:45:47,0.0,990.0,0.0,990.0,0.0,990.0
21,2024-04-07 19:45:48,0.0,990.0,0.0,990.0,0.0,990.0
22,2024-04-07 19:45:48,1.12,1.34,3.95,9.4,3.95,9.4
23,2024-04-07 19:45:48,1.12,1.34,3.95,9.4,3.95,9.4
24,2024-04-07 19:45:49,1.12,1.34,3.95,9.4,3.95,9.4
25,2024-04-07 19:45:49,1.12,1.34,3.95,9.4,3.95,9.4
26,2024-04-07 19:45:49,1.12,1.34,3.95,9.4,3.95,9.4
27,2024-04-07 19:45:49,1.12,1.34,3.95,9.4,3.95,9.4
28,2024-04-07 19:45:50,1.12,1.34,3.95,9.4,3.95,9.4
29,2024-04-07 19:45:50,1.12,1.34,3.95,9.4,3.95,9.4
30,2024-04-07 19:45:50,1.12,1.34,3.95,9.4,3.95,9.4
31,2024-04-07 19:45:51,1.12,1.34,3.95,9.4,3.95,9.4
32,2024-04-07 19:45:51,1.12,1.34,3.95,9.4,3.95,9.4
33,2024-04-07 19:45:51,1.12,1.34,3.95,9.4,3.95,9.4
34,2024-04-07 19:45:52,1.12,1.34,3.95,9.4,3.95,9.4
35,2024-04-07 19:45:52,1.12,1.34,3.95,9.4,3.95,9.4
36,2024-04-07 19:45:52,1.12,1.34,3.95,9.4,3.95,9.4
37,2024-04-07 19:45:52,1.12,1.34,3.95,9.4,3.95,9.4
38,2024-04-07 19:45:53,1.12,1.34,3.95,9.4,3.95,9.4
39,2024-04-07 19:45:53,1.17,1.26,16.0,160.0,7.2,12.5
40,2024-04-07 19:45:53,1.17,1.26,16.0,160.0,7.2,12.5
41,2024-04-07 19:45:54,1.17,1.26,16.0,160.0,7.2,12.5
42,2024-04-07 19:45:54,1.17,1.26,16.0,160.0,7.2,12.5
43,2024-04-07 19:45:54,1.12,1.17,16.0,990.0,7.2,23.0
44,2024-04-07 19:45:54,1.12,1.17,16.0,990.0,7.2,23.0
45,2024-04-07 19:45:55,1.12,1.17,16.0,990.0,7.2,23.0
46,2024-04-07 19:45:55,1.12,1.17,16.0,990.0,7.2,23.0
47,2024-04-07 19:45:55,1.12,1.17,16.0,990.0,7.2,23.0
48,2024-04-07 19:45:56,1.12,1.17,16.0,990.0,7.2,23.0
49,2024-04-07 19:45:56,1.12,1.17,16.0,22.0,7.2,23.0
50,2024-04-07 19:45:56,1.12,1.17,16.0,22.0,7.2,23.0
51,2024-04-07 19:45:57,1.12,1.17,16.0,22.0,7.2,23.0
52,2024-04-07 19:45:57,1.12,1.17,16.0,22.0,7.2,23.0
53,2024-04-07 19:45:57,1.12,1.17,16.0,22.0,7.2,23.0
54,2024-04-07 19:45:57,1.12,1.17,16.0,22.0,7.2,23.0
55,2024-04-07 19:45:58,1.12,1.17,16.0,22.0,7.2,23.0
56,2024-04-07 19:45:58,1.12,1.17,16.0,22.0,7.2,23.0
57,2024-04-07 19:45:58,1.12,1.17,16.0,22.0,7.2,23.0
58,2024-04-07 19:45:59,1.12,1.17,16.0,22.0,7.2,23.0
59,2024-04-07 19:45:59,1.19,1.23,16.0,22.0,7.2,9.6
60,2024-04-07 19:45:59,1.19,1.23,16.0,22.0,7.2,9.6
61,2024-04-07 19:45:59,1.19,1.23,16.0,22.0,7.2,9.6
62,2024-04-07 19:46:00,1.19,1.23,16.0,22.0,7.2,9.6
63,2024-04-07 19:46:00,1.19,1.23,16.0,22.0,7.2,9.6
64,2024-04-07 19:46:00,1.19,1.23,16.0,22.0,7.2,9.6
65,2024-04-07 19:46:01,1.19,1.23,16.0,22.0,7.2,9.6
66,2024-04-07 19:46:01,1.19,1.23,16.0,22.0,7.2,9.6
67,2024-04-07 19:46:01,1.19,1.23,16.0,22.0,7.2,9.6
68,2024-04-07 19:46:02,1.19,1.23,16.0,22.0,7.2,9.6
69,2024-04-07 19:46:02,1.19,1.23,16.0,22.0,7.2,9.6
70,2024-04-07 19:46:02,1.19,1.23,16.0,22.0,7.2,9.6
71,2024-04-07 19:46:02,1.19,1.23,16.0,22.0,7.2,9.6
72,2024-04-07 19:46:03,1.19,1.23,16.0,22.0,7.2,9.6
73,2024-04-07 19:46:03,1.19,1.23,16.0,22.0,7.2,9.6
74,2024-04-07 19:46:03,1.19,1.23,16.0,22.0,7.2,9.6
75,2024-04-07 19:46:04,1.19,1.23,16.0,22.0,7.2,9.6
76,2024-04-07 19:46:04,1.19,1.23,16.0,22.0,7.2,9.6
77,2024-04-07 19:46:04,1.19,1.23,16.0,22.0,7.2,9.6
78,2024-04-07 19:46:05,1.19,1.23,16.0,22.0,7.2,9.6
79,2024-04-07 19:46:05,1.19,1.23,16.0,22.0,7.2,9.6
80,2024-04-07 19:46:05,1.19,1.23,16.0,22.0,7.2,9.6
81,2024-04-07 19:46:05,1.2,1.22,16.0,22.0,7.4,9.6
82,2024-04-07 19:46:06,1.2,1.22,16.0,22.0,7.4,9.6
83,2024-04-07 19:46:06,1.2,1.22,16.0,22.0,7.4,9.6
84,2024-04-07 19:46:06,1.2,1.22,16.0,22.0,7.4,9.6
85,2024-04-07 19:46:07,1.2,1.22,16.0,22.0,7.4,9.4
86,2024-04-07 19:46:07,1.2,1.22,16.0,22.0,7.4,9.4
87,2024-04-07 19:46:07,1.2,1.22,16.0,22.0,7.4,9.4
88,2024-04-07 19:46:07,1.2,1.22,16.5,21.0,7.4,9.4
89,2024-04-07 19:46:08,1.2,1.22,16.5,21.0,7.4,9.4
90,2024-04-07 19:46:08,1.2,1.22,16.5,21.0,7.4,9.4
91,2024-04-07 19:46:08,1.2,1.22,16.5,21.0,7.4,9.4
92,2024-04-07 19:46:09,1.2,1.22,16.5,21.0,7.4,9.4
93,2024-04-07 19:46:09,1.2,1.22,16.5,21.0,7.4,9.4
94,2024-04-07 19:46:09,1.2,1.22,16.5,21.0,7.4,9.4
95,2024-04-07 19:46:10,1.2,1.22,16.5,21.0,7.4,9.4
96,2024-04-07 19:46:10,1.2,1.22,16.5,21.0,7.4,9.4
97,2024-04-07 19:46:10,1.2,1.22,16.5,21.0,7.4,9.4
98,2024-04-07 19:46:10,1.2,1.22,16.5,21.0,7.4,9.4
99,2024-04-07 19:46:11,1.2,1.22,16.5,21.0,7.4,9.4
100,2024-04-07 19:46:11,1.2,1.22,16.5,21.0,7.4,9.4
101,2024-04-07 19:46:11,1.2,1.22,16.5,21.0,7.4,9.4
102,2024-04-07 19:46:12,1.2,1.22,16.5,21.0,7.4,9.4
103,2024-04-07 19:46:12,1.2,1.22,16.5,21.0,7.8,8.8
104,2024-04-07 19:46:12,1.2,1.22,16.5,21.0,7.8,8.8
105,2024-04-07 19:46:13,1.2,1.22,16.5,21.0,7.8,8.8
106,2024-04-07 19:46:13,1.2,1.22,16.5,21.0,7.8,8.8
107,2024-04-07 19:46:13,1.2,1.22,16.5,21.0,7.8,8.8
108,2024-04-07 19:46:13,1.2,1.22,16.5,21.0,7.8,8.8
109,2024-04-07 19:46:14,1.2,1.22,16.5,21.0,7.8,8.8
110,2024-04-07 19:46:14,1.2,1.22,16.5,21.0,7.8,8.8
111,2024-04-07 19:46:14,1.2,1.22,16.5,21.0,7.8,8.8
112,2024-04-07 19:46:15,1.2,1.22,16.5,21.0,7.8,8.8
113,2024-04-07 19:46:15,1.2,1.22,16.5,21.0,7.8,8.8
114,2024-04-07 19:46:15,1.2,1.22,16.5,21.0,7.8,8.8
115,2024-04-07 19:46:15,1.2,1.22,16.5,21.0,7.8,8.8
116,2024-04-07 19:46:16,1.2,1.22,16.5,21.0,7.8,8.8
117,2024-04-07 19:46:16,1.2,1.22,16.5,21.0,7.8,8.8
118,2024-04-07 19:46:16,1.2,1.22,16.5,21.0,7.8,8.8
119,2024-04-07 19:46:17,1.2,1.22,16.5,21.0,7.8,8.8
120,2024-04-07 19:46:17,1.2,1.22,16.5,21.0,7.8,8.8
121,2024-04-07 19:46:17,1.2,1.22,16.5,21.0,7.8,8.8
122,2024-04-07 19:46:18,1.2,1.22,16.5,21.0,7.8,8.8
123,2024-04-07 19:46:18,1.2,1.22,16.5,21.0,7.8,8.8
124,2024-04-07 19:46:18,1.2,1.22,16.5,21.0,7.8,8.8
125,2024-04-07 19:46:18,1.2,1.22,16.5,21.0,8.0,8.6
126,2024-04-07 19:46:19,1.2,1.22,16.5,21.0,8.0,8.6
127,2024-04-07 19:46:19,1.2,1.22,17.5,21.0,8.0,8.6
128,2024-04-07 19:46:19,1.2,1.22,17.5,21.0,8.0,8.6
129,2024-04-07 19:46:20,1.2,1.22,17.5,21.0,8.0,8.6
130,2024-04-07 19:46:20,1.2,1.22,17.5,21.0,8.0,8.6
131,2024-04-07 19:46:20,1.2,1.22,17.5,20.0,8.0,8.6
132,2024-04-07 19:46:21,1.2,1.22,17.5,20.0,8.0,8.6
133,2024-04-07 19:46:21,1.2,1.22,17.5,20.0,8.0,8.6
134,2024-04-07 19:46:21,1.2,1.22,17.5,20.0,8.0,8.6
135,2024-04-07 19:46:21,1.2,1.22,17.5,20.0,8.0,8.6
136,2024-04-07 19:46:22,1.2,1.22,17.5,20.0,8.0,8.6
137,2024-04-07 19:46:22,1.2,1.22,17.5,20.0,8.0,8.6
138,2024-04-07 19:46:22,1.2,1.22,17.5,20.0,8.0,8.6
139,2024-04-07 19:46:23,1.2,1.22,17.5,20.0,8.0,8.6
140,2024-04-07 19:46:23,1.2,1.22,17.5,20.0,8.0,8.6
141,2024-04-07 19:46:23,1.2,1.22,17.5,20.0,8.0,8.6
142,2024-04-07 19:46:23,1.2,1.22,17.5,20.0,8.0,8.6
143,2024-04-07 19:46:24,1.2,1.22,17.5,20.0,8.0,8.6
144,2024-04-07 19:46:24,1.2,1.22,17.5,20.0,8.0,8.6
145,2024-04-07 19:46:24,1.2,1.22,17.5,20.0,8.0,8.6
146,2024-04-07 19:46:25,1.2,1.22,17.5,20.0,8.0,8.6
147,2024-04-07 19:46:25,1.2,1.22,17.5,20.0,8.0,8.6
148,2024-04-07 19:46:25,1.2,1.22,18.0,20.0,8.0,8.6
149,2024-04-07 19:46:26,1.2,1.22,18.0,20.0,8.0,8.6
150,2024-04-07 19:46:26,1.2,1.22,18.0,20.0,8.0,8.6
151,2024-04-07 19:46:26,1.2,1.22,18.0,20.0,8.0,8.6
152,2024-04-07 19:46:26,1.2,1.22,18.0,20.0,8.0,8.6
153,2024-04-07 19:46:27,1.2,1.22,18.0,20.0,8.0,8.6
154,2024-04-07 19:46:27,1.2,1.22,18.0,20.0,8.0,8.6
155,2024-04-07 19:46:27,1.2,1.22,18.0,20.0,8.0,8.6
156,2024-04-07 19:46:28,1.2,1.22,18.0,20.0,8.0,8.6
157,2024-04-07 19:46:28,1.2,1.22,18.0,20.0,8.0,8.6
158,2024-04-07 19:46:28,1.2,1.22,18.0,20.0,8.0,8.6
159,2024-04-07 19:46:29,1.2,1.22,18.0,19.5,8.0,8.6
160,2024-04-07 19:46:29,1.2,1.22,18.0,19.5,8.0,8.6
161,2024-04-07 19:46:29,1.2,1.22,18.0,19.5,8.0,8.6
162,2024-04-07 19:46:29,1.2,1.22,18.0,19.5,8.0,8.6
163,2024-04-07 19:46:30,1.2,1.22,18.0,19.5,8.0,8.6
164,2024-04-07 19:46:30,1.2,1.22,18.0,19.5,8.0,8.6
165,2024-04-07 19:46:30,1.2,1.22,18.0,19.5,8.0,8.6
166,2024-04-07 19:46:31,1.2,1.22,18.0,19.5,8.0,8.6
167,2024-04-07 19:46:31,1.2,1.22,18.0,19.5,8.0,8.6
168,2024-04-07 19:46:31,1.2,1.22,18.0,19.5,8.0,8.6
169,2024-04-07 19:46:32,1.2,1.22,18.0,19.5,8.0,8.6
170,2024-04-07 19:46:32,1.2,1.22,18.0,19.5,8.0,8.6
171,2024-04-07 19:46:32,1.2,1.22,18.0,19.5,8.0,8.6
172,2024-04-07 19:46:32,1.2,1.22,18.0,19.5,8.0,8.6
173,2024-04-07 19:46:33,1.2,1.22,18.0,19.5,8.0,8.6
174,2024-04-07 19:46:33,1.2,1.22,18.0,19.5,8.0,8.6
175,2024-04-07 19:46:33,1.2,1.22,18.0,19.5,8.0,8.6
176,2024-04-07 19:46:34,1.2,1.22,18.0,19.5,8.0,8.6
177,2024-04-07 19:46:34,1.2,1.22,18.0,19.5,8.0,8.6
178,2024-04-07 19:46:34,1.2,1.22,18.0,19.5,8.0,8.6
179,2024-04-07 19:46:35,1.2,1.22,18.0,19.5,8.0,8.6
180,2024-04-07 19:46:35,1.2,1.22,18.0,19.5,8.0,8.6
181,2024-04-07 19:46:35,1.2,1.22,18.0,19.5,8.0,8.6
182,2024-04-07 19:46:35,1.2,1.22,18.0,19.5,8.0,8.6
183,2024-04-07 19:46:36,1.2,1.22,18.0,19.5,8.0,8.6
184,2024-04-07 19:46:36,1.2,1.22,18.0,19.5,8.0,8.6
185,2024-04-07 19:46:36,1.2,1.22,18.0,19.5,8.0,8.6
186,2024-04-07 19:46:37,1.2,1.22,18.0,19.5,8.0,8.6
187,2024-04-07 19:46:37,1.2,1.22,18.0,19.5,7.8,8.6
188,2024-04-07 19:46:37,1.2,1.22,18.0,19.5,7.8,8.6
189,2024-04-07 19:46:37,1.2,1.22,18.0,19.5,7.8,8.6
190,2024-04-07 19:46:38,1.2,1.22,18.0,19.5,7.8,8.6
191,2024-04-07 19:46:38,1.2,1.22,18.0,19.5,7.8,8.6
192,2024-04-07 19:46:38,1.2,1.22,18.0,19.5,7.8,8.6
193,2024-04-07 19:46:39,1.2,1.22,18.0,19.5,7.8,8.6
194,2024-04-07 19:46:39,1.2,1.22,18.0,19.5,7.8,8.6
195,2024-04-07 19:46:39,1.2,1.22,18.0,19.5,7.8,8.6
196,2024-04-07 19:46:40,1.2,1.22,18.0,19.5,7.8,8.6
197,2024-04-07 19:46:40,1.2,1.22,18.0,19.5,7.8,8.6
198,2024-04-07 19:46:40,1.2,1.22,18.0,19.5,7.8,8.6
199,2024-04-07 19:46:40,1.2,1.22,18.0,19.5,7.8,8.6
200,2024-04-07 19:46:41,1.2,1.22,18.0,19.5,7.8,8.6
201,2024-04-07 19:46:41,1.2,1.22,18.0,19.5,7.8,8.6
202,2024-04-07 19:46:41,1.2,1.22,18.0,19.5,7.8,8.6
203,2024-04-07 19:46:42,1.2,1.22,18.0,19.5,7.8,8.6
204,2024-04-07 19:46:42,1.2,1.22,18.0,19.5,7.8,8.6
205,2024-04-07 19:46:42,1.2,1.22,18.0,19.5,7.8,8.6
206,2024-04-07 19:46:42,1.2,1.22,18.0,19.5,7.8,8.6
207,2024-04-07 19:46:43,1.2,1.22,18.0,19.5,7.8,8.6
208,2024-04-07 19:46:43,1.2,1.22,18.0,19.5,7.8,8.6
209,2024-04-07 19:46:43,1.2,1.22,18.0,19.5,7.8,8.6
210,2024-04-07 19:46:44,1.2,1.22,18.0,19.5,7.8,8.6
211,2024-04-07 19:46:44,1.2,1.22,18.0,19.5,7.8,8.6
212,2024-04-07 19:46:44,1.2,1.22,18.0,19.5,7.8,8.6
213,2024-04-07 19:46:45,1.2,1.22,18.0,19.5,7.8,8.6
214,2024-04-07 19:46:45,1.2,1.22,18.0,19.5,7.8,8.6
215,2024-04-07 19:46:45,1.2,1.22,18.0,19.5,7.8,8.6
216,2024-04-07 19:46:45,1.2,1.22,18.0,19.5,7.8,8.6
217,2024-04-07 19:46:46,1.2,1.22,18.0,19.5,7.8,8.6
218,2024-04-07 19:46:46,1.2,1.22,18.0,19.5,7.8,8.6
219,2024-04-07 19:46:46,1.2,1.22,18.0,19.5,7.8,8.6
220,2024-04-07 19:46:47,1.2,1.22,18.0,19.5,7.8,8.6
221,2024-04-07 19:46:47,1.2,1.22,18.0,19.5,7.8,8.6
222,2024-04-07 19:46:47,1.2,1.22,18.0,19.5,7.8,8.6
223,2024-04-07 19:46:48,1.2,1.22,18.0,19.5,7.8,8.6
224,2024-04-07 19:46:48,1.2,1.22,18.0,19.5,7.8,8.6
225,2024-04-07 19:46:48,1.2,1.22,18.0,19.5,7.8,8.6
226,2024-04-07 19:46:48,1.2,1.22,18.0,19.5,7.8,8.6
227,2024-04-07 19:46:49,1.2,1.22,18.0,19.5,7.8,8.6
228,2024-04-07 19:46:49,1.2,1.22,18.0,19.5,7.8,8.6
229,2024-04-07 19:46:49,1.2,1.22,18.0,19.5,7.8,8.6
230,2024-04-07 19:46:50,1.2,1.22,18.0,19.5,7.8,8.6
231,2024-04-07 19:46:50,1.2,1.22,18.0,19.5,7.8,8.6
232,2024-04-07 19:46:50,1.2,1.22,18.0,19.5,7.8,8.6
233,2024-04-07 19:46:51,1.2,1.22,18.0,19.5,7.8,8.6
234,2024-04-07 19:46:51,1.2,1.22,18.0,19.5,7.8,8.6
235,2024-04-07 19:46:51,1.2,1.22,18.0,19.5,7.8,8.6
236,2024-04-07 19:46:51,1.2,1.22,18.0,19.5,7.8,8.6
237,2024-04-07 19:46:52,1.2,1.22,18.0,19.5,7.8,8.6
238,2024-04-07 19:46:52,1.2,1.22,18.0,19.5,7.8,8.6
239,2024-04-07 19:46:52,1.2,1.22,18.0,19.5,7.8,8.6
240,2024-04-07 19:46:53,1.2,1.22,18.0,19.5,7.8,8.6
241,2024-04-07 19:46:53,1.2,1.22,18.0,19.5,7.8,8.6
242,2024-04-07 19:46:53,1.2,1.22,18.0,19.5,7.8,8.6
243,2024-04-07 19:46:53,1.2,1.22,18.0,19.5,7.8,8.6
244,2024-04-07 19:46:54,1.2,1.22,18.0,19.5,7.8,8.6
245,2024-04-07 19:46:54,1.2,1.22,18.0,19.5,7.8,8.6
246,2024-04-07 19:46:54,1.2,1.22,18.0,19.5,7.8,8.6
247,2024-04-07 19:46:55,1.2,1.22,18.0,19.5,7.8,8.6
248,2024-04-07 19:46:55,1.2,1.22,18.0,19.5,7.8,8.6
249,2024-04-07 19:46:55,1.2,1.22,18.0,19.5,7.8,8.6
250,2024-04-07 19:46:56,1.2,1.22,18.0,19.5,7.8,8.6
251,2024-04-07 19:46:56,1.2,1.22,18.0,19.5,7.8,8.6
252,2024-04-07 19:46:56,1.2,1.22,18.0,19.5,7.8,8.6
253,2024-04-07 19:46:56,1.2,1.22,18.0,19.5,7.8,8.6
254,2024-04-07 19:46:57,1.2,1.22,18.0,19.5,7.8,8.6
255,2024-04-07 19:46:57,1.2,1.22,18.0,19.5,7.8,8.6
256,2024-04-07 19:46:57,1.2,1.22,18.0,19.5,7.8,8.6
257,2024-04-07 19:46:58,1.2,1.22,18.0,19.5,7.8,8.6
258,2024-04-07 19:46:58,1.2,1.22,18.0,19.5,7.8,8.6
259,2024-04-07 19:46:58,1.2,1.22,18.0,19.5,7.8,8.6
260,2024-04-07 19:46:59,1.2,1.22,18.0,19.5,7.8,8.6
261,2024-04-07 19:46:59,1.2,1.22,18.0,19.5,7.8,8.6
262,2024-04-07 19:46:59,1.2,1.22,18.0,19.5,7.8,8.6
263,2024-04-07 19:46:59,1.2,1.22,18.0,19.5,7.8,8.6
264,2024-04-07 19:47:00,1.2,1.22,18.0,19.5,7.8,8.6
265,2024-04-07 19:47:00,1.2,1.22,18.0,19.5,7.8,8.6
266,2024-04-07 19:47:00,1.2,1.22,18.0,19.5,7.8,8.6
267,2024-04-07 19:47:01,1.2,1.22,18.0,19.5,7.8,8.6
268,2024-04-07 19:47:01,1.2,1.22,18.0,19.5,7.8,8.6
269,2024-04-07 19:47:01,1.2,1.22,18.0,19.5,7.8,8.6
270,2024-04-07 19:47:02,1.2,1.22,18.0,19.5,7.8,8.6
271,2024-04-07 19:47:02,1.2,1.22,18.0,19.5,7.8,8.6
272,2024-04-07 19:47:02,1.2,1.22,18.0,19.5,7.8,8.6
273,2024-04-07 19:47:02,1.2,1.22,18.0,19.5,7.8,8.6
274,2024-04-07 19:47:03,1.2,1.22,18.0,19.5,7.8,8.6
275,2024-04-07 19:47:03,1.2,1.22,18.0,19.5,7.8,8.6
276,2024-04-07 19:47:03,1.2,1.22,18.0,19.5,7.8,8.6
277,2024-04-07 19:47:04,1.2,1.22,18.0,19.5,7.8,8.6
278,2024-04-07 19:47:04,1.2,1.22,18.0,19.5,7.8,8.6
279,2024-04-07 19:47:04,1.2,1.22,18.0,19.5,7.8,8.6
280,2024-04-07 19:47:04,1.2,1.22,18.0,19.5,7.8,8.6
281,2024-04-07 19:47:05,1.2,1.22,18.0,19.5,7.8,8.6
282,2024-04-07 19:47:05,1.2,1.22,18.0,19.5,7.8,8.6
283,2024-04-07 19:47:05,1.2,1.22,18.0,19.5,7.8,8.6
284,2024-04-07 19:47:06,1.2,1.22,18.0,19.5,7.8,8.6
285,2024-04-07 19:47:06,1.2,1.22,18.0,19.5,7.8,8.6
286,2024-04-07 19:47:06,1.2,1.22,18.0,19.5,7.8,8.6
287,2024-04-07 19:47:07,1.2,1.22,18.0,19.5,7.8,8.6
288,2024-04-07 19:47:07,1.2,1.22,18.0,19.5,7.8,8.6
289,2024-04-07 19:47:07,1.2,1.22,18.0,19.5,7.8,8.6
290,2024-04-07 19:47:07,1.2,1.22,18.0,19.5,7.8,8.6
291,2024-04-07 19:47:08,1.2,1.22,18.0,19.5,7.8,8.6
292,2024-04-07 19:47:08,1.2,1.22,18.0,19.5,7.8,8.6
293,2024-04-07 19:47:08,1.2,1.22,18.0,19.5,7.8,8.6
294,2024-04-07 19:47:09,1.2,1.22,18.0,19.5,7.8,8.6
295,2024-04-07 19:47:09,1.2,1.22,18.0,19.5,7.8,8.6
296,2024-04-07 19:47:09,1.2,1.22,18.0,19.5,7.8,8.6
297,2024-04-07 19:47:10,1.2,1.22,18.0,19.5,7.8,8.6
298,2024-04-07 19:47:10,1.2,1.22,18.0,19.5,7.8,8.6
299,2024-04-07 19:47:10,1.2,1.22,18.0,19.5,7.8,8.6
300,2024-04-07 19:47:10,1.2,1.22,18.0,19.5,7.8,8.6
301,2024-04-07 19:47:11,1.2,1.22,18.0,19.5,7.8,8.6
302,2024-04-07 19:47:11,1.2,1.22,18.0,19.5,7.8,8.6
303,2024-04-07 19:47:11,1.2,1.22,18.0,19.5,7.8,8.6
304,2024-04-07 19:47:12,1.2,1.22,18.0,19.5,7.8,8.6
305,2024-04-07 19:47:12,1.2,1.22,18.0,19.5,7.8,8.6
306,2024-04-07 19:47:12,1.2,1.22,18.0,19.5,7.8,8.6
307,2024-04-07 19:47:12,1.2,1.22,18.0,19.5,7.8,8.6
308,2024-04-07 19:47:13,1.2,1.22,18.0,19.5,7.8,8.6
309,2024-04-07 19:47:13,1.2,1.22,18.0,19.5,7.8,8.6
310,2024-04-07 19:47:13,1.2,1.22,18.0,19.5,7.8,8.6
311,2024-04-07 19:47:14,1.2,1.22,18.0,19.5,7.8,8.6
312,2024-04-07 19:47:14,1.2,1.22,18.0,19.5,7.8,8.6
313,2024-04-07 19:47:14,1.2,1.22,18.0,19.5,7.8,8.6
314,2024-04-07 19:47:15,1.2,1.22,18.0,19.5,7.8,8.6
315,2024-04-07 19:47:15,1.2,1.22,18.0,19.5,7.8,8.6
316,2024-04-07 19:47:15,1.2,1.22,18.0,19.5,7.8,8.6
317,2024-04-07 19:47:15,1.2,1.22,18.0,19.5,7.8,8.6
318,2024-04-07 19:47:16,1.2,1.22,18.0,19.5,7.8,8.6
319,2024-04-07 19:47:16,1.2,1.22,18.0,19.5,7.8,8.6
320,2024-04-07 19:47:16,1.2,1.22,18.0,19.5,7.8,8.6
321,2024-04-07 19:47:17,1.2,1.22,18.0,19.5,7.8,8.6
322,2024-04-07 19:47:17,1.2,1.22,18.0,19.5,7.8,8.6
323,2024-04-07 19:47:17,1.2,1.22,18.0,19.5,7.8,8.6
324,2024-04-07 19:47:18,1.2,1.22,18.0,19.5,7.8,8.6
325,2024-04-07 19:47:18,1.2,1.22,18.0,19.5,7.8,8.6
326,2024-04-07 19:47:18,1.2,1.22,18.0,19.5,7.8,8.6
327,2024-04-07 19:47:18,1.2,1.22,18.0,19.5,7.8,8.6
328,2024-04-07 19:47:19,1.2,1.22,18.0,19.5,7.8,8.6
329,2024-04-07 19:47:19,1.2,1.22,18.0,19.5,7.8,8.6
330,2024-04-07 19:47:19,1.2,1.22,18.0,19.5,7.8,8.6
331,2024-04-07 19:47:20,1.2,1.22,18.0,19.5,7.8,8.6
332,2024-04-07 19:47:20,1.2,1.22,18.0,19.5,7.8,8.6
333,2024-04-07 19:47:20,1.2,1.22,18.0,19.5,7.8,8.6
334,2024-04-07 19:47:21,1.2,1.22,18.0,19.5,7.8,8.6
335,2024-04-07 19:47:21,1.2,1.22,18.0,19.5,7.8,8.6
336,2024-04-07 19:47:21,1.2,1.22,18.0,19.5,7.8,8.6
337,2024-04-07 19:47:21,1.2,1.22,18.0,19.5,7.8,8.6
338,2024-04-07 19:47:22,1.2,1.22,18.0,19.5,7.8,8.6
339,2024-04-07 19:47:22,1.2,1.22,18.0,19.5,7.8,8.6
340,2024-04-07 19:47:22,1.2,1.22,18.0,19.5,7.8,8.6
341,2024-04-07 19:47:23,1.2,1.22,18.0,19.5,7.8,8.6
342,2024-04-07 19:47:23,1.2,1.22,18.0,19.5,8.0,8.6
343,2024-04-07 19:47:23,1.2,1.22,18.0,19.5,8.0,8.6
344,2024-04-07 19:47:24,1.2,1.22,18.0,19.5,8.0,8.6
345,2024-04-07 19:47:24,1.2,1.22,18.0,19.5,8.0,8.6
346,2024-04-07 19:47:24,1.2,1.22,18.0,19.5,7.8,8.6
347,2024-04-07 19:47:25,1.2,1.22,18.0,19.5,7.8,8.6
348,2024-04-07 19:47:25,1.2,1.22,18.0,19.5,7.8,8.6
349,2024-04-07 19:47:26,1.2,1.22,18.0,19.5,7.8,8.6
350,2024-04-07 19:47:26,1.2,1.22,18.0,19.5,7.8,8.6
351,2024-04-07 19:47:27,1.2,1.22,18.0,19.5,7.8,8.6
352,2024-04-07 19:47:27,1.2,1.22,18.0,19.5,7.8,8.6
353,2024-04-07 19:47:27,1.2,1.22,18.0,19.5,7.8,8.6
354,2024-04-07 19:47:28,1.2,1.22,18.0,19.5,7.8,8.6
355,2024-04-07 19:47:28,1.2,1.22,18.0,19.5,7.8,8.6
356,2024-04-07 19:47:28,1.2,1.22,18.0,19.5,7.8,8.6
357,2024-04-07 19:47:29,1.2,1.22,18.0,19.5,7.8,8.6
358,2024-04-07 19:47:29,1.2,1.22,18.0,19.5,7.8,8.6
359,2024-04-07 19:47:29,1.2,1.22,18.0,19.5,7.8,8.6
360,2024-04-07 19:47:30,1.2,1.22,18.0,19.5,7.8,8.6
361,2024-04-07 19:47:30,1.2,1.22,18.0,19.5,7.8,8.6
362,2024-04-07 19:47:30,1.2,1.22,18.0,19.5,7.8,8.6
363,2024-04-07 19:47:31,1.2,1.22,18.0,19.5,7.8,8.6
364,2024-04-07 19:47:31,1.2,1.22,18.0,19.5,7.8,8.6
365,2024-04-07 19:47:35,1.2,1.22,18.0,19.5,7.8,8.6
366,2024-04-07 19:47:39,1.2,1.22,18.0,19.5,7.8,8.6
367,2024-04-07 19:47:42,1.2,1.34,7.2,19.5,7.8,8.6
368,2024-04-07 19:47:46,1.2,1.23,17.0,19.5,7.8,8.6
369,2024-04-07 19:47:49,1.2,1.23,17.0,19.5,7.8,8.6
370,2024-04-07 19:47:51,1.2,1.23,17.5,19.0,7.8,8.6
371,2024-04-07 19:47:55,1.2,1.23,17.5,19.0,7.8,8.6
372,2024-04-07 19:47:59,1.2,1.23,17.5,19.0,7.8,8.6
373,2024-04-07 19:48:02,1.2,1.23,17.5,19.0,7.8,8.6
374,2024-04-07 19:48:05,1.2,1.23,17.0,19.0,7.8,8.6
375,2024-04-07 19:48:08,1.2,1.23,17.0,19.0,7.8,8.6
376,2024-04-07 19:48:12,1.2,1.23,17.0,19.0,7.8,8.6
377,2024-04-07 19:48:16,1.2,1.22,17.0,19.0,7.8,8.6
378,2024-04-07 19:48:19,1.2,1.22,17.0,19.0,7.8,8.6
379,2024-04-07 19:48:22,1.2,1.22,17.0,19.0,7.8,8.6
380,2024-04-07 19:48:26,1.2,1.23,17.0,19.0,7.8,8.6
381,2024-04-07 19:48:29,1.2,1.23,17.0,19.0,7.8,8.6
382,2024-04-07 19:48:32,1.2,1.23,17.0,19.0,7.8,8.6
383,2024-04-07 19:48:36,1.2,1.23,17.0,19.0,7.8,8.6
384,2024-04-07 19:48:39,1.2,1.23,17.0,19.0,7.8,8.6
385,2024-04-07 19:48:43,1.2,1.23,17.0,19.0,7.8,8.6
386,2024-04-07 19:48:46,1.2,1.23,17.0,19.0,7.8,8.6
387,2024-04-07 19:48:50,1.2,1.23,17.0,19.0,7.8,8.6
388,2024-04-07 19:48:53,1.2,1.23,17.0,19.0,7.8,8.6
389,2024-04-07 19:48:57,1.2,1.23,17.0,19.0,7.8,8.6
390,2024-04-07 19:49:00,1.2,1.23,17.0,19.0,7.8,8.6
391,2024-04-07 19:49:04,1.2,1.23,17.0,19.0,7.8,8.6
392,2024-04-07 19:49:07,1.2,1.23,17.0,19.0,7.8,8.6
393,2024-04-07 19:49:11,1.2,1.23,17.0,19.0,7.8,8.6
394,2024-04-07 19:49:14,1.2,1.23,17.0,19.0,7.8,8.6
395,2024-04-07 19:49:17,1.2,1.23,17.0,25.0,7.8,8.6
396,2024-04-07 19:49:20,1.2,1.23,17.0,25.0,7.8,8.6
397,2024-04-07 19:49:24,1.2,1.23,17.0,20.0,7.8,8.6
398,2024-04-07 19:49:28,1.2,1.23,17.0,19.5,7.8,8.6
399,2024-04-07 19:49:31,1.2,1.23,17.0,19.5,7.8,8.6
400,2024-04-07 19:49:34,1.2,1.23,17.0,19.5,8.0,8.6
401,2024-04-07 19:49:37,1.2,1.23,17.0,19.5,8.0,8.6
402,2024-04-07 19:49:40,1.12,1.23,17.0,25.0,7.6,21.0
403,2024-04-07 19:49:44,1.18,1.23,17.0,21.0,7.6,9.0
404,2024-04-07 19:49:47,1.18,1.23,17.0,21.0,7.6,9.0
405,2024-04-07 19:49:50,1.19,1.23,17.5,20.0,7.8,8.8
406,2024-04-07 19:49:54,1.19,1.23,17.5,20.0,7.8,8.8
407,2024-04-07 19:49:57,1.19,1.23,17.5,20.0,7.8,8.8
408,2024-04-07 19:50:00,1.19,1.23,17.5,21.0,7.8,8.8
409,2024-04-07 19:50:04,1.19,1.23,17.5,21.0,7.8,8.8
410,2024-04-07 19:50:08,1.19,1.23,17.5,21.0,7.8,8.8
411,2024-04-07 19:50:11,1.19,1.23,17.5,21.0,7.8,8.8
412,2024-04-07 19:50:14,1.19,1.23,17.5,21.0,7.8,8.8
413,2024-04-07 19:50:18,1.18,1.23,17.5,42.0,7.8,8.8
414,2024-04-07 19:50:21,1.18,1.23,17.5,36.0,7.8,9.2
415,2024-04-07 19:50:25,1.18,1.23,17.5,24.0,7.8,9.2
416,2024-04-07 19:50:29,1.18,1.23,17.5,24.0,7.8,9.0
417,2024-04-07 19:50:32,1.18,1.23,18.0,22.0,7.8,9.0
418,2024-04-07 19:50:36,1.19,1.23,18.0,21.0,7.8,8.8
419,2024-04-07 19:50:39,1.19,1.23,18.0,20.0,7.8,8.8
420,2024-04-07 19:50:43,1.19,1.23,18.0,21.0,7.8,8.8
421,2024-04-07 19:50:46,1.19,1.23,18.0,21.0,7.8,8.8
422,2024-04-07 19:50:49,1.19,1.23,18.0,21.0,7.8,8.8
423,2024-04-07 19:50:53,1.19,1.23,18.0,21.0,7.8,8.8
424,2024-04-07 19:50:56,1.19,1.23,18.0,21.0,7.8,8.8
425,2024-04-07 19:50:59,1.14,1.23,18.0,20.0,7.8,12.5
426,2024-04-07 19:51:03,1.12,1.23,18.0,990.0,7.8,12.5
427,2024-04-07 19:51:05,1.17,1.34,11.0,25.0,4.6,7.0
428,2024-04-07 19:51:09,1.12,1.34,11.0,990.0,3.95,9.4
429,2024-04-07 19:51:12,0.0,970.0,0.0,990.0,0.0,970.0
430,2024-04-07 19:51:15,0.0,970.0,0.0,990.0,0.0,970.0
431,2024-04-07 19:51:19,0.0,970.0,0.0,990.0,0.0,990.0
432,2024-04-07 19:51:22,0.0,970.0,0.0,990.0,0.0,990.0
433,2024-04-07 19:51:26,0.0,970.0,0.0,990.0,0.0,990.0
434,2024-04-07 19:51:30,0.0,970.0,0.0,990.0,0.0,990.0
435,2024-04-07 19:51:33,0.0,970.0,0.0,990.0,0.0,990.0
436,2024-04-07 19:51:36,0.0,970.0,0.0,990.0,0.0,990.0
437,2024-04-07 19:51:39,0.0,970.0,0.0,990.0,0.0,990.0
438,2024-04-07 19:51:43,0.0,970.0,0.0,990.0,0.0,990.0
439,2024-04-07 19:51:46,0.0,970.0,0.0,990.0,0.0,990.0
440,2024-04-07 19:51:49,0.0,970.0,0.0,990.0,0.0,990.0
441,2024-04-07 19:51:53,0.0,970.0,0.0,990.0,0.0,990.0
442,2024-04-07 19:51:56,0.0,970.0,0.0,990.0,0.0,990.0
443,2024-04-07 19:52:00,0.0,970.0,0.0,990.0,0.0,990.0
444,2024-04-07 19:52:03,0.0,970.0,0.0,990.0,0.0,990.0
445,2024-04-07 19:52:07,0.0,970.0,0.0,990.0,0.0,990.0
446,2024-04-07 19:52:11,0.0,970.0,0.0,990.0,0.0,990.0
447,2024-04-07 19:52:14,0.0,970.0,0.0,990.0,0.0,970.0
448,2024-04-07 19:52:18,0.0,970.0,0.0,990.0,0.0,970.0
449,2024-04-07 19:52:21,0.0,970.0,0.0,990.0,0.0,970.0
450,2024-04-07 19:52:25,0.0,970.0,0.0,990.0,0.0,970.0
451,2024-04-07 19:52:29,0.0,970.0,0.0,990.0,0.0,970.0
452,2024-04-07 19:52:32,0.0,970.0,0.0,990.0,0.0,970.0
453,2024-04-07 19:52:36,0.0,970.0,0.0,990.0,0.0,970.0
454,2024-04-07 19:52:39,0.0,970.0,0.0,990.0,0.0,970.0
455,2024-04-07 19:52:43,1.11,1.32,4.1,10.5,4.1,10.5
456,2024-04-07 19:52:46,1.11,1.32,4.1,10.5,4.1,10.5
457,2024-04-07 19:52:50,1.11,1.32,4.1,10.5,4.1,10.5
458,2024-04-07 19:52:54,1.11,1.32,4.1,10.5,4.1,10.5
459,2024-04-07 19:52:57,1.11,1.32,4.1,10.5,4.1,10.5
460,2024-04-07 19:53:00,1.11,1.32,4.1,10.5,4.1,10.5
461,2024-04-07 19:53:03,1.11,1.32,4.1,10.5,4.1,10.5
462,2024-04-07 19:53:06,1.11,1.32,4.1,10.5,4.1,10.5
463,2024-04-07 19:53:10,1.11,1.32,4.1,10.5,4.1,10.5
464,2024-04-07 19:53:13,1.11,1.32,4.1,10.5,4.1,10.5
465,2024-04-07 19:53:17,1.11,1.32,4.1,10.5,4.1,10.5
466,2024-04-07 19:53:20,1.11,1.32,4.1,10.5,4.1,10.5
467,2024-04-07 19:53:23,1.11,1.32,4.1,10.5,4.1,10.5
468,2024-04-07 19:53:27,1.11,1.32,4.1,10.5,4.1,10.5
469,2024-04-07 19:53:31,1.11,1.32,4.1,10.5,4.1,10.5
470,2024-04-07 19:53:35,1.11,1.32,4.1,10.5,4.1,10.5
471,2024-04-07 19:53:38,1.11,1.32,4.1,10.5,4.1,10.5
472,2024-04-07 19:53:42,1.11,1.32,4.1,10.5,4.1,10.5
473,2024-04-07 19:53:45,1.11,1.32,4.1,10.5,4.1,10.5
474,2024-04-07 19:53:49,1.11,1.32,4.1,10.5,4.1,10.5
475,2024-04-07 19:53:52,1.11,1.32,4.1,10.5,4.1,10.5
476,2024-04-07 19:53:55,1.11,1.32,4.1,10.5,4.1,10.5
477,2024-04-07 19:53:59,1.11,1.32,4.1,10.5,4.1,10.5
478,2024-04-07 19:54:03,1.11,1.23,6.0,990.0,5.4,10.5
479,2024-04-07 19:54:06,1.11,1.23,6.0,990.0,5.4,10.5
480,2024-04-07 19:54:10,1.11,1.23,6.0,990.0,5.4,10.5
481,2024-04-07 19:54:13,1.11,1.23,6.0,990.0,5.4,10.5
482,2024-04-07 19:54:17,1.11,1.23,6.0,990.0,5.4,10.5
483,2024-04-07 19:54:20,1.11,1.23,6.0,990.0,5.4,10.5
484,2024-04-07 19:54:23,1.11,1.23,6.0,990.0,5.4,10.5
485,2024-04-07 19:54:27,1.11,1.23,6.0,990.0,5.4,10.5
486,2024-04-07 19:54:30,1.11,1.23,6.0,990.0,5.4,10.5
487,2024-04-07 19:54:34,1.11,1.23,6.0,990.0,5.4,10.5
488,2024-04-07 19:54:38,1.11,1.23,6.0,990.0,5.4,10.5
489,2024-04-07 19:54:41,1.11,1.23,6.0,990.0,5.4,10.5
490,2024-04-07 19:54:45,1.11,1.23,6.0,990.0,5.4,10.5
491,2024-04-07 19:54:48,1.11,1.32,4.1,10.5,4.1,10.5
492,2024-04-07 19:54:52,1.11,1.32,4.1,10.5,4.1,10.5
493,2024-04-07 19:54:55,1.11,1.32,4.1,10.5,4.1,10.5
494,2024-04-07 19:54:59,1.11,1.32,4.1,10.5,4.1,10.5
495,2024-04-07 19:55:02,1.11,1.32,4.1,10.5,4.1,10.5
496,2024-04-07 19:55:06,1.11,1.32,4.1,10.5,4.1,10.5
497,2024-04-07 19:55:10,1.11,1.32,4.1,10.5,4.1,10.5
498,2024-04-07 19:55:13,1.11,1.32,4.1,10.5,4.1,10.5
499,2024-04-07 19:55:17,1.11,1.32,4.1,10.5,4.1,10.5
500,2024-04-07 19:55:20,1.11,1.32,4.1,10.5,4.1,10.5
501,2024-04-07 19:55:23,1.11,1.32,4.1,10.5,4.1,10.5
502,2024-04-07 19:55:27,1.11,1.32,4.1,10.5,4.1,10.5
503,2024-04-07 19:55:31,1.11,1.32,4.1,10.5,4.1,10.5
504,2024-04-07 19:55:33,1.11,1.32,4.1,10.5,4.1,10.5
505,2024-04-07 19:55:37,1.11,1.32,4.1,10.5,4.1,10.5
506,2024-04-07 19:55:40,1.11,1.32,4.1,10.5,4.1,10.5
507,2024-04-07 19:55:43,1.11,1.32,4.1,10.5,4.1,10.5
508,2024-04-07 19:55:46,1.16,1.18,16.5,990.0,6.8,7.4
509,2024-04-07 19:55:49,1.16,1.18,16.5,990.0,6.8,7.4
510,2024-04-07 19:55:52,1.17,1.18,16.5,990.0,6.8,10.0
511,2024-04-07 19:55:55,1.17,1.18,16.5,990.0,6.8,10.0
512,2024-04-07 19:55:59,1.17,1.23,16.5,990.0,7.0,9.8
513,2024-04-07 19:56:02,1.17,1.23,16.5,990.0,7.0,9.8
514,2024-04-07 19:56:06,1.17,1.23,11.5,990.0,7.0,9.8
515,2024-04-07 19:56:10,1.17,1.23,11.5,990.0,7.0,9.8
516,2024-04-07 19:56:13,1.17,1.23,18.0,990.0,7.0,9.8
517,2024-04-07 19:56:17,1.16,1.23,18.0,990.0,7.0,9.8
518,2024-04-07 19:56:20,1.16,1.23,18.0,990.0,7.0,9.8
519,2024-04-07 19:56:24,1.16,1.23,18.0,990.0,7.0,9.8
520,2024-04-07 19:56:27,1.16,1.23,18.0,990.0,7.0,9.8
521,2024-04-07 19:56:31,1.16,1.23,18.0,990.0,7.0,9.8
522,2024-04-07 19:56:34,1.16,1.23,18.0,990.0,7.0,9.8
523,2024-04-07 19:56:38,1.16,1.23,18.0,990.0,7.0,9.8
524,2024-04-07 19:56:41,1.16,1.23,18.0,990.0,5.3,9.8
525,2024-04-07 19:56:45,1.16,1.23,18.0,990.0,5.3,9.8
526,2024-04-07 19:56:48,1.16,1.17,18.5,990.0,7.2,9.8
527,2024-04-07 19:56:51,1.16,1.17,18.5,990.0,7.4,9.8
528,2024-04-07 19:56:54,1.16,1.17,18.5,990.0,7.4,9.8
529,2024-04-07 19:56:57,1.16,1.23,11.5,990.0,7.4,9.8
530,2024-04-07 19:57:00,1.16,1.23,11.5,990.0,7.4,9.8
531,2024-04-07 19:57:03,1.16,1.17,19.5,990.0,7.4,9.8
532,2024-04-07 19:57:06,1.16,1.17,19.5,990.0,7.4,9.8
533,2024-04-07 19:57:09,1.16,1.17,19.5,990.0,7.4,9.8
534,2024-04-07 19:57:13,0.0,970.0,0.0,990.0,0.0,970.0
535,2024-04-07 19:57:16,0.0,970.0,0.0,990.0,0.0,970.0
536,2024-04-07 19:57:20,0.0,970.0,0.0,990.0,0.0,970.0
537,2024-04-07 19:57:23,0.0,970.0,0.0,990.0,0.0,990.0
538,2024-04-07 19:57:26,0.0,970.0,0.0,990.0,0.0,990.0
539,2024-04-07 19:57:30,0.0,970.0,0.0,990.0,0.0,990.0
540,2024-04-07 19:57:33,0.0,970.0,0.0,990.0,0.0,990.0
541,2024-04-07 19:57:37,0.0,970.0,0.0,990.0,0.0,990.0
542,2024-04-07 19:57:40,0.0,970.0,0.0,990.0,0.0,990.0
543,2024-04-07 19:57:42,0.0,970.0,0.0,990.0,0.0,990.0
544,2024-04-07 19:57:46,0.0,970.0,0.0,990.0,0.0,990.0
545,2024-04-07 19:57:49,0.0,970.0,0.0,990.0,0.0,990.0
546,2024-04-07 19:57:53,0.0,970.0,0.0,990.0,0.0,990.0
547,2024-04-07 19:57:57,0.0,970.0,0.0,990.0,0.0,990.0
548,2024-04-07 19:58:01,0.0,970.0,0.0,990.0,0.0,990.0
549,2024-04-07 19:58:04,1.11,1.3,4.3,10.5,4.3,10.5
550,2024-04-07 19:58:08,1.11,1.3,4.3,10.5,4.3,10.5
551,2024-04-07 19:58:11,0.0,970.0,0.0,990.0,0.0,990.0
552,2024-04-07 19:58:15,0.0,970.0,0.0,990.0,0.0,990.0
553,2024-04-07 19:58:18,1.15,1.16,20.0,990.0,7.4,7.8
554,2024-04-07 19:58:22,1.15,1.16,20.0,990.0,7.4,7.8
555,2024-04-07 19:58:26,0.0,970.0,0.0,990.0,0.0,990.0
556,2024-04-07 19:58:30,0.0,970.0,0.0,990.0,0.0,970.0
557,2024-04-07 19:58:33,0.0,970.0,0.0,990.0,0.0,970.0
558,2024-04-07 19:58:37,0.0,970.0,0.0,990.0,0.0,970.0
559,2024-04-07 19:58:40,0.0,970.0,0.0,990.0,0.0,970.0
560,2024-04-07 19:58:43,0.0,970.0,0.0,990.0,0.0,970.0
561,2024-04-07 19:58:47,1.15,1.17,19.5,990.0,7.4,7.8
562,2024-04-07 19:58:50,1.15,1.17,19.5,990.0,7.4,7.8
563,2024-04-07 19:58:54,1.15,1.16,19.5,990.0,7.4,7.8
564,2024-04-07 19:58:57,1.15,1.22,19.5,990.0,7.4,7.8
565,2024-04-07 19:59:01,1.15,1.22,19.5,990.0,7.6,10.0
566,2024-04-07 19:59:05,1.15,1.16,19.5,990.0,7.6,10.0
567,2024-04-07 19:59:08,1.15,1.17,19.5,990.0,7.6,10.0
568,2024-04-07 19:59:11,1.15,1.16,19.5,990.0,7.6,7.8
569,2024-04-07 19:59:15,1.15,1.16,19.5,990.0,7.6,7.8
570,2024-04-07 19:59:18,1.15,1.16,20.0,990.0,7.6,10.0
571,2024-04-07 19:59:21,1.15,1.16,20.0,990.0,7.6,10.0
572,2024-04-07 19:59:25,1.15,1.16,20.0,990.0,7.6,10.0
573,2024-04-07 19:59:27,1.15,1.16,20.0,990.0,7.6,10.0
574,2024-04-07 19:59:31,1.15,1.16,20.0,990.0,7.6,10.0
575,2024-04-07 19:59:34,1.15,1.16,20.0,990.0,7.6,10.0
576,2024-04-07 19:59:37,1.15,1.16,20.0,990.0,7.6,10.0
577,2024-04-07 19:59:40,1.15,1.16,20.0,990.0,7.6,10.0
578,2024-04-07 19:59:43,1.15,1.16,20.0,990.0,7.6,10.0
579,2024-04-07 19:59:46,1.15,1.16,20.0,990.0,7.6,10.0
580,2024-04-07 19:59:49,1.15,1.16,20.0,990.0,7.6,10.0
581,2024-04-07 19:59:52,1.15,1.16,20.0,990.0,7.6,10.0
582,2024-04-07 19:59:55,1.15,1.16,20.0,990.0,7.6,10.0
583,2024-04-07 19:59:58,1.15,1.16,20.0,990.0,7.6,10.0
584,2024-04-07 20:00:01,1.15,1.16,20.0,990.0,7.6,10.0
585,2024-04-07 20:00:04,1.15,1.16,20.0,990.0,7.6,10.0
586,2024-04-07 20:00:07,1.15,1.16,20.0,990.0,7.6,10.0
587,2024-04-07 20:00:10,1.15,1.16,20.0,990.0,7.6,10.0
588,2024-04-07 20:00:13,1.15,1.16,20.0,990.0,7.6,10.0
589,2024-04-07 20:00:17,1.15,1.16,20.0,990.0,7.6,10.0
590,2024-04-07 20:00:20,1.15,1.16,20.0,990.0,7.6,10.0
591,2024-04-07 20:00:24,1.15,1.16,20.0,990.0,7.6,10.0
592,2024-04-07 20:00:27,1.15,1.16,20.0,990.0,7.6,10.0
593,2024-04-07 20:00:31,1.15,1.16,20.0,990.0,7.6,10.0
594,2024-04-07 20:00:34,1.15,1.16,20.0,990.0,7.6,10.0
595,2024-04-07 20:00:37,1.15,1.16,20.0,990.0,7.6,10.0
596,2024-04-07 20:00:41,1.15,1.16,20.0,990.0,7.6,10.0
597,2024-04-07 20:00:44,1.15,1.16,20.0,990.0,7.6,7.8
598,2024-04-07 20:00:48,1.15,1.16,21.0,990.0,7.6,7.8
599,2024-04-07 20:00:51,1.15,1.16,21.0,990.0,7.6,7.8
600,2024-04-07 20:00:54,1.15,1.16,21.0,990.0,7.6,7.8
601,2024-04-07 20:00:58,1.15,1.22,21.0,990.0,7.6,7.8
602,2024-04-07 20:01:01,1.15,1.16,21.0,990.0,7.6,7.8
603,2024-04-07 20:01:04,1.16,1.22,21.0,990.0,7.6,10.0
604,2024-04-07 20:01:07,1.16,1.22,21.0,360.0,7.6,10.0
605,2024-04-07 20:01:11,1.16,1.22,21.0,360.0,7.6,10.0
606,2024-04-07 20:01:14,1.16,1.22,21.0,360.0,7.6,10.0
607,2024-04-07 20:01:18,1.16,1.22,21.0,360.0,7.6,7.8
608,2024-04-07 20:01:22,1.16,1.22,21.0,360.0,7.6,10.0
609,2024-04-07 20:01:25,1.16,1.22,21.0,360.0,7.6,10.0
610,2024-04-07 20:01:28,1.16,1.22,21.0,360.0,7.6,10.0
611,2024-04-07 20:01:31,1.16,1.22,21.0,360.0,7.6,10.0
612,2024-04-07 20:01:35,1.16,1.22,21.0,40.0,7.4,10.0
613,2024-04-07 20:01:39,1.16,1.22,21.0,40.0,7.4,10.0
614,2024-04-07 20:01:42,1.16,1.22,20.0,40.0,7.4,10.0
615,2024-04-07 20:01:45,1.16,1.22,20.0,40.0,7.4,10.0
616,2024-04-07 20:01:49,1.16,1.17,20.0,40.0,7.4,10.0
617,2024-04-07 20:01:52,1.16,1.17,20.0,40.0,7.4,10.0
618,2024-04-07 20:01:55,1.16,1.17,20.0,40.0,7.4,10.0
619,2024-04-07 20:01:58,1.16,1.17,20.0,40.0,7.4,10.0
620,2024-04-07 20:02:02,1.16,1.17,20.0,40.0,7.4,10.0
621,2024-04-07 20:02:05,1.16,1.17,20.0,40.0,7.4,10.0
622,2024-04-07 20:02:09,1.16,1.17,20.0,40.0,7.4,10.0
623,2024-04-07 20:02:11,1.16,1.22,20.0,40.0,7.4,10.0
624,2024-04-07 20:02:14,1.16,1.22,20.0,40.0,7.4,10.0
625,2024-04-07 20:02:18,1.16,1.17,20.0,40.0,7.4,10.0
626,2024-04-07 20:02:21,1.16,1.17,20.0,990.0,7.4,10.0
627,2024-04-07 20:02:24,1.16,1.17,20.0,990.0,7.4,10.0
628,2024-04-07 20:02:27,1.16,1.17,20.0,990.0,7.4,10.0
629,2024-04-07 20:02:31,1.16,1.17,20.0,990.0,7.4,10.0
630,2024-04-07 20:02:34,1.16,1.17,20.0,990.0,7.4,10.0
631,2024-04-07 20:02:38,1.16,1.17,20.0,990.0,7.4,10.0
632,2024-04-07 20:02:41,1.16,1.17,20.0,990.0,7.4,10.0
633,2024-04-07 20:02:45,1.19,1.22,20.0,42.0,7.4,9.2
634,2024-04-07 20:02:48,1.19,1.22,20.0,42.0,7.4,9.2
635,2024-04-07 20:02:52,1.19,1.22,20.0,42.0,7.4,9.2
636,2024-04-07 20:02:55,1.19,1.22,20.0,42.0,7.4,9.2
637,2024-04-07 20:02:58,1.19,1.22,20.0,42.0,7.4,9.2
638,2024-04-07 20:03:01,1.19,1.22,20.0,42.0,7.4,9.2
639,2024-04-07 20:03:05,1.19,1.22,20.0,42.0,7.4,9.2
640,2024-04-07 20:03:09,1.19,1.22,20.0,42.0,7.4,9.2
641,2024-04-07 20:03:12,1.19,1.22,20.0,42.0,7.4,9.2
642,2024-04-07 20:03:15,1.19,1.22,20.0,42.0,7.4,9.2
643,2024-04-07 20:03:18,1.19,1.22,20.0,42.0,7.4,9.2
644,2024-04-07 20:03:22,1.19,1.22,20.0,42.0,7.4,9.2
645,2024-04-07 20:03:25,1.19,1.22,20.0,42.0,7.4,9.2
646,2024-04-07 20:03:29,1.19,1.22,20.0,42.0,7.4,9.2
647,2024-04-07 20:03:32,1.19,1.22,20.0,42.0,7.4,9.2
648,2024-04-07 20:03:36,1.19,1.22,20.0,42.0,7.4,9.2
649,2024-04-07 20:03:39,1.19,1.22,20.0,42.0,7.4,9.2
650,2024-04-07 20:03:43,1.19,1.22,20.0,42.0,7.4,9.2
651,2024-04-07 20:03:46,1.19,1.22,20.0,42.0,7.4,9.2
652,2024-04-07 20:03:49,1.19,1.22,20.0,42.0,7.4,9.2
653,2024-04-07 20:03:52,1.19,1.22,20.0,42.0,7.4,9.2
654,2024-04-07 20:03:55,1.19,1.22,20.0,42.0,7.4,9.2
655,2024-04-07 20:03:59,1.19,1.22,20.0,42.0,7.4,9.2
656,2024-04-07 20:04:02,1.19,1.22,20.0,42.0,7.4,9.2
657,2024-04-07 20:04:06,1.19,1.22,20.0,42.0,7.4,9.2
658,2024-04-07 20:04:09,1.19,1.22,20.0,42.0,7.4,9.2
659,2024-04-07 20:04:12,1.19,1.22,20.0,42.0,7.4,9.2
660,2024-04-07 20:04:16,1.19,1.22,20.0,42.0,7.4,9.2
661,2024-04-07 20:04:20,1.19,1.22,20.0,42.0,7.4,9.2
662,2024-04-07 20:04:23,1.19,1.22,20.0,42.0,7.4,9.2
663,2024-04-07 20:04:26,1.19,1.22,20.0,42.0,7.4,9.2
664,2024-04-07 20:04:30,1.19,1.22,21.0,42.0,7.4,9.0
665,2024-04-07 20:04:33,1.19,1.22,21.0,42.0,7.4,9.0
666,2024-04-07 20:04:37,1.19,1.22,21.0,42.0,7.4,9.0
667,2024-04-07 20:04:41,1.19,1.22,21.0,42.0,7.4,9.0
668,2024-04-07 20:04:44,1.19,1.22,21.0,42.0,7.4,9.0
669,2024-04-07 20:04:48,1.19,1.22,21.0,42.0,7.4,9.0
670,2024-04-07 20:04:51,1.19,1.22,21.0,42.0,7.4,9.0
671,2024-04-07 20:04:55,1.19,1.22,21.0,42.0,7.4,9.0
672,2024-04-07 20:04:59,1.19,1.22,21.0,42.0,7.4,9.0
673,2024-04-07 20:05:03,1.18,1.22,21.0,60.0,7.4,9.2
674,2024-04-07 20:05:06,1.16,1.17,21.0,990.0,7.4,9.6
675,2024-04-07 20:05:10,1.16,1.17,21.0,990.0,7.4,9.4
676,2024-04-07 20:05:14,1.16,1.17,21.0,990.0,7.4,9.4
677,2024-04-07 20:05:17,1.16,1.17,21.0,990.0,7.4,9.4
678,2024-04-07 20:05:20,1.16,1.17,21.0,990.0,7.4,9.4
679,2024-04-07 20:05:24,1.16,1.17,21.0,990.0,7.4,9.4
680,2024-04-07 20:05:28,1.16,1.17,21.0,990.0,7.4,9.6
681,2024-04-07 20:05:31,1.16,1.17,22.0,990.0,7.4,9.6
682,2024-04-07 20:05:35,1.16,1.17,22.0,990.0,7.4,9.6
683,2024-04-07 20:05:38,1.16,1.2,22.0,990.0,7.4,9.6
684,2024-04-07 20:05:42,1.15,1.2,22.0,990.0,7.4,9.6
685,2024-04-07 20:05:45,1.15,1.2,22.0,990.0,7.4,9.6
686,2024-04-07 20:05:48,1.15,1.2,22.0,990.0,7.4,9.6
687,2024-04-07 20:05:52,1.15,1.2,22.0,990.0,7.4,9.6
688,2024-04-07 20:05:55,1.15,1.2,22.0,990.0,7.4,9.6
689,2024-04-07 20:05:59,1.15,1.2,22.0,990.0,7.4,9.6
690,2024-04-07 20:06:02,1.16,1.2,22.0,990.0,7.4,9.6
691,2024-04-07 20:06:05,0.0,970.0,0.0,990.0,0.0,970.0
692,2024-04-07 20:06:08,0.0,970.0,0.0,990.0,0.0,970.0
693,2024-04-07 20:06:12,0.0,970.0,0.0,990.0,0.0,970.0
694,2024-04-07 20:06:16,0.0,970.0,0.0,990.0,0.0,970.0
695,2024-04-07 20:06:19,0.0,970.0,0.0,990.0,0.0,970.0
696,2024-04-07 20:06:22,0.0,970.0,0.0,990.0,0.0,990.0
697,2024-04-07 20:06:26,0.0,970.0,0.0,990.0,0.0,990.0
698,2024-04-07 20:06:29,0.0,970.0,0.0,990.0,0.0,990.0
699,2024-04-07 20:06:32,0.0,970.0,0.0,990.0,0.0,990.0
700,2024-04-07 20:06:36,0.0,970.0,0.0,990.0,0.0,990.0
701,2024-04-07 20:06:40,0.0,970.0,0.0,990.0,0.0,990.0
702,2024-04-07 20:06:43,0.0,970.0,0.0,990.0,0.0,990.0
703,2024-04-07 20:06:47,0.0,970.0,0.0,990.0,0.0,990.0
704,2024-04-07 20:06:50,0.0,970.0,0.0,990.0,0.0,990.0
705,2024-04-07 20:06:54,1.04,1.1,11.0,26.0,11.0,26.0
706,2024-04-07 20:06:57,1.04,1.1,11.0,26.0,11.0,26.0
707,2024-04-07 20:07:01,1.04,1.1,11.0,26.0,11.0,26.0
708,2024-04-07 20:07:04,1.04,1.1,11.0,26.0,11.0,26.0
709,2024-04-07 20:07:07,1.04,1.1,11.0,26.0,11.0,26.0
710,2024-04-07 20:07:10,1.04,1.1,11.0,26.0,11.0,26.0
711,2024-04-07 20:07:13,1.04,1.1,11.0,26.0,11.0,26.0
712,2024-04-07 20:07:17,1.04,1.1,11.0,26.0,11.0,26.0
713,2024-04-07 20:07:20,1.04,1.1,11.0,26.0,11.0,26.0
714,2024-04-07 20:07:24,1.04,1.1,11.0,26.0,11.0,26.0
715,2024-04-07 20:07:27,1.04,1.1,11.0,26.0,11.0,26.0
716,2024-04-07 20:07:31,1.04,1.08,13.5,990.0,15.0,26.0
717,2024-04-07 20:07:34,1.04,1.08,13.5,990.0,15.0,26.0
718,2024-04-07 20:07:37,1.04,1.08,13.5,990.0,15.0,26.0
719,2024-04-07 20:07:41,1.04,1.08,13.5,990.0,15.0,26.0
720,2024-04-07 20:07:44,1.04,1.08,13.5,26.0,13.5,26.0
721,2024-04-07 20:07:47,1.04,1.07,13.5,990.0,16.0,26.0
722,2024-04-07 20:07:51,1.04,1.07,13.5,990.0,16.0,26.0
723,2024-04-07 20:07:54,1.04,1.07,15.5,990.0,16.0,26.0
724,2024-04-07 20:07:57,1.04,1.07,15.5,990.0,16.0,26.0
725,2024-04-07 20:08:01,1.05,1.07,15.5,990.0,16.0,21.0
726,2024-04-07 20:08:04,1.05,1.07,15.5,990.0,16.0,21.0
727,2024-04-07 20:08:08,1.05,1.07,15.5,990.0,16.0,21.0
728,2024-04-07 20:08:11,1.04,1.08,13.5,26.0,13.5,26.0
729,2024-04-07 20:08:15,1.04,1.08,13.5,26.0,13.5,26.0
730,2024-04-07 20:08:18,1.04,1.07,13.5,990.0,17.0,26.0
731,2024-04-07 20:08:21,1.04,1.07,15.5,990.0,17.0,26.0
732,2024-04-07 20:08:24,1.04,1.07,15.5,990.0,17.0,26.0
733,2024-04-07 20:08:28,1.04,1.07,15.5,990.0,17.0,26.0
734,2024-04-07 20:08:31,1.04,1.07,15.5,990.0,17.0,26.0
735,2024-04-07 20:08:35,1.04,1.07,15.5,990.0,17.0,26.0
736,2024-04-07 20:08:38,1.04,1.07,15.5,990.0,17.0,26.0
737,2024-04-07 20:08:41,1.04,1.07,15.5,26.0,15.5,26.0
738,2024-04-07 20:08:45,1.04,1.07,15.5,26.0,15.5,26.0
739,2024-04-07 20:08:48,1.04,1.06,15.5,990.0,18.0,26.0
740,2024-04-07 20:08:52,1.04,1.06,15.5,990.0,18.0,26.0
741,2024-04-07 20:08:55,1.04,1.06,15.5,990.0,18.0,26.0
742,2024-04-07 20:08:58,1.04,1.06,15.5,990.0,18.0,26.0
743,2024-04-07 20:09:02,1.04,1.06,15.5,990.0,18.0,26.0
744,2024-04-07 20:09:05,1.04,1.06,15.5,990.0,18.0,26.0
745,2024-04-07 20:09:09,1.04,1.06,15.5,990.0,18.0,26.0
746,2024-04-07 20:09:12,1.04,1.06,15.5,990.0,18.0,26.0
747,2024-04-07 20:09:16,1.04,1.06,15.5,990.0,18.0,26.0
748,2024-04-07 20:09:19,1.04,1.06,15.5,990.0,18.0,26.0
749,2024-04-07 20:09:22,1.04,1.06,15.5,990.0,18.0,26.0
750,2024-04-07 20:09:26,1.04,1.07,15.5,26.0,15.5,26.0
751,2024-04-07 20:09:29,1.04,1.1,11.0,26.0,11.0,26.0
752,2024-04-07 20:09:33,1.04,1.07,13.5,990.0,17.5,26.0
753,2024-04-07 20:09:36,1.04,1.07,15.5,990.0,17.5,26.0
754,2024-04-07 20:09:40,1.04,1.07,15.5,990.0,17.5,26.0
755,2024-04-07 20:09:43,1.04,1.07,15.5,990.0,17.5,26.0
756,2024-04-07 20:09:46,1.04,1.07,15.5,990.0,17.5,26.0
757,2024-04-07 20:09:50,1.04,1.07,15.5,990.0,17.5,26.0
758,2024-04-07 20:09:53,1.04,1.07,15.5,990.0,17.5,26.0
759,2024-04-07 20:09:56,1.04,1.07,15.5,990.0,17.5,26.0
760,2024-04-07 20:09:59,1.04,1.07,11.0,990.0,17.5,26.0
761,2024-04-07 20:10:03,1.04,1.06,15.5,990.0,18.5,26.0
762,2024-04-07 20:10:05,1.04,1.06,15.5,990.0,18.5,26.0
763,2024-04-07 20:10:08,1.04,1.06,15.5,990.0,18.5,26.0
764,2024-04-07 20:10:12,1.04,1.06,15.5,990.0,18.5,26.0
765,2024-04-07 20:10:15,1.04,1.06,15.5,990.0,18.5,26.0
766,2024-04-07 20:10:18,1.04,1.06,15.5,990.0,18.5,26.0
767,2024-04-07 20:10:21,1.04,1.06,15.5,990.0,18.5,26.0
768,2024-04-07 20:10:25,1.04,1.06,15.5,990.0,18.5,26.0
769,2024-04-07 20:10:29,1.04,1.06,15.5,990.0,18.5,26.0
770,2024-04-07 20:10:32,1.04,1.06,15.5,990.0,18.5,26.0
771,2024-04-07 20:10:35,1.04,1.06,15.5,990.0,18.5,26.0
772,2024-04-07 20:10:39,1.04,1.06,15.5,990.0,18.5,26.0
773,2024-04-07 20:10:43,1.04,1.06,15.5,990.0,18.5,26.0
774,2024-04-07 20:10:46,1.04,1.06,15.5,990.0,18.5,26.0
775,2024-04-07 20:10:50,1.04,1.06,15.5,990.0,18.5,26.0
776,2024-04-07 20:10:54,1.04,1.06,15.5,990.0,18.5,26.0
777,2024-04-07 20:10:57,1.04,1.06,15.5,990.0,18.5,26.0
778,2024-04-07 20:11:01,1.04,1.06,15.5,990.0,18.5,26.0
779,2024-04-07 20:11:04,1.04,1.06,15.5,990.0,18.5,26.0
780,2024-04-07 20:11:08,1.04,1.06,15.5,990.0,18.5,26.0
781,2024-04-07 20:11:11,1.04,1.06,15.5,990.0,18.5,26.0
782,2024-04-07 20:11:15,1.04,1.06,15.5,990.0,18.5,26.0
783,2024-04-07 20:11:18,1.04,1.06,15.5,990.0,18.5,26.0
784,2024-04-07 20:11:22,1.04,1.06,15.5,990.0,18.5,26.0
785,2024-04-07 20:11:25,1.04,1.06,15.5,990.0,18.5,26.0
786,2024-04-07 20:11:28,1.04,1.06,15.5,990.0,18.5,26.0
787,2024-04-07 20:11:32,1.04,1.06,15.5,990.0,18.5,26.0
788,2024-04-07 20:11:36,1.04,1.06,15.5,990.0,18.5,26.0
789,2024-04-07 20:11:39,1.04,1.06,15.5,990.0,18.5,26.0
790,2024-04-07 20:11:43,1.04,1.06,15.5,990.0,18.5,26.0
791,2024-04-07 20:11:47,1.04,1.06,15.5,990.0,19.0,26.0
792,2024-04-07 20:11:50,1.04,1.06,15.5,990.0,19.0,26.0
793,2024-04-07 20:11:53,1.04,1.06,15.5,990.0,19.0,26.0
794,2024-04-07 20:11:57,1.04,1.06,15.5,990.0,19.0,26.0
795,2024-04-07 20:12:00,1.04,1.06,15.5,990.0,19.0,26.0
796,2024-04-07 20:12:03,1.04,1.06,15.5,990.0,19.0,26.0
797,2024-04-07 20:12:07,1.04,1.06,15.5,990.0,19.0,26.0
798,2024-04-07 20:12:10,1.04,1.06,15.5,990.0,19.0,26.0
799,2024-04-07 20:12:13,1.04,1.06,15.5,990.0,18.5,26.0
800,2024-04-07 20:12:17,1.04,1.06,15.5,990.0,18.5,26.0
801,2024-04-07 20:12:20,1.04,1.06,15.5,990.0,18.5,26.0
802,2024-04-07 20:12:23,1.04,1.06,15.5,990.0,18.5,26.0
803,2024-04-07 20:12:27,1.04,1.06,15.5,990.0,18.5,26.0
804,2024-04-07 20:12:31,1.04,1.06,15.5,990.0,18.5,26.0
805,2024-04-07 20:12:34,1.04,1.06,15.5,990.0,18.5,26.0
806,2024-04-07 20:12:37,1.04,1.06,15.5,990.0,18.5,26.0
807,2024-04-07 20:12:41,1.04,1.06,15.5,990.0,18.0,26.0
808,2024-04-07 20:12:45,1.04,1.06,15.5,990.0,18.0,26.0
809,2024-04-07 20:12:48,1.04,1.06,15.5,990.0,18.0,26.0
810,2024-04-07 20:12:52,1.04,1.06,15.5,990.0,18.0,26.0
811,2024-04-07 20:12:55,1.04,1.06,15.5,990.0,18.0,26.0
812,2024-04-07 20:12:59,1.04,1.06,15.5,990.0,18.0,26.0
813,2024-04-07 20:13:02,1.04,1.06,15.5,990.0,18.5,26.0
814,2024-04-07 20:13:05,1.04,1.06,15.5,990.0,18.5,26.0
815,2024-04-07 20:13:09,1.04,1.06,15.5,990.0,18.5,26.0
816,2024-04-07 20:13:12,1.04,1.06,15.5,990.0,18.5,26.0
817,2024-04-07 20:13:16,1.04,1.06,15.5,990.0,18.5,26.0
818,2024-04-07 20:13:19,1.04,1.06,15.5,990.0,18.5,26.0
819,2024-04-07 20:13:23,1.04,1.06,15.5,990.0,18.5,26.0
820,2024-04-07 20:13:26,1.04,1.06,15.5,990.0,18.5,26.0
821,2024-04-07 20:13:29,1.04,1.06,15.5,990.0,18.5,26.0
822,2024-04-07 20:13:32,1.04,1.06,15.5,990.0,18.5,26.0
823,2024-04-07 20:13:36,1.04,1.06,15.5,990.0,18.5,26.0
824,2024-04-07 20:13:39,1.04,1.06,15.5,990.0,18.5,26.0
825,2024-04-07 20:13:43,1.04,1.06,15.5,990.0,18.5,26.0
826,2024-04-07 20:13:46,1.04,1.06,15.5,990.0,18.5,26.0
827,2024-04-07 20:13:49,1.04,1.06,15.5,990.0,18.5,26.0
828,2024-04-07 20:13:53,1.04,1.06,15.5,990.0,18.5,26.0
829,2024-04-07 20:13:56,1.04,1.06,15.5,990.0,18.5,26.0
830,2024-04-07 20:14:00,1.04,1.06,15.5,990.0,18.5,26.0
831,2024-04-07 20:14:03,1.04,1.06,15.5,990.0,18.5,26.0
832,2024-04-07 20:14:07,1.04,1.06,15.5,990.0,18.5,26.0
833,2024-04-07 20:14:10,1.04,1.06,15.5,990.0,18.5,26.0
834,2024-04-07 20:14:13,1.04,1.06,15.5,990.0,18.5,26.0
835,2024-04-07 20:14:17,1.04,1.06,15.5,990.0,18.5,26.0
836,2024-04-07 20:14:20,1.04,1.06,15.5,990.0,18.5,26.0
837,2024-04-07 20:14:23,1.04,1.06,15.5,990.0,18.5,26.0
838,2024-04-07 20:14:27,1.04,1.06,15.5,990.0,18.5,26.0
839,2024-04-07 20:14:30,1.04,1.06,15.5,990.0,18.5,26.0
840,2024-04-07 20:14:34,1.04,1.07,15.5,26.0,15.5,26.0
841,2024-04-07 20:14:37,1.04,1.07,15.5,26.0,15.5,26.0
842,2024-04-07 20:14:41,1.04,1.07,15.5,26.0,15.5,26.0
843,2024-04-07 20:14:44,1.04,1.07,15.5,26.0,15.5,26.0
844,2024-04-07 20:14:47,1.04,1.06,15.5,990.0,18.0,26.0
845,2024-04-07 20:14:50,1.04,1.06,15.5,990.0,18.0,26.0
846,2024-04-07 20:14:53,1.04,1.06,15.5,990.0,18.0,26.0
847,2024-04-07 20:14:57,1.04,1.06,15.5,990.0,18.0,26.0
848,2024-04-07 20:15:00,1.04,1.06,15.5,990.0,18.0,26.0
849,2024-04-07 20:15:02,1.04,1.06,15.5,990.0,18.0,26.0
850,2024-04-07 20:15:06,1.04,1.06,15.5,990.0,18.0,26.0
851,2024-04-07 20:15:10,1.04,1.06,15.5,990.0,18.0,26.0
852,2024-04-07 20:15:13,1.04,1.06,15.5,990.0,18.0,26.0
853,2024-04-07 20:15:16,1.04,1.06,15.5,990.0,18.0,26.0
854,2024-04-07 20:15:19,1.04,1.06,15.5,990.0,18.0,26.0
855,2024-04-07 20:15:22,1.04,1.06,15.5,990.0,18.0,26.0
856,2024-04-07 20:15:25,1.04,1.06,15.5,990.0,18.0,26.0
857,2024-04-07 20:15:29,1.04,1.06,15.5,990.0,18.0,26.0
858,2024-04-07 20:15:32,1.04,1.06,15.5,990.0,18.0,26.0
859,2024-04-07 20:15:35,1.04,1.06,15.5,990.0,18.0,26.0
860,2024-04-07 20:15:39,1.04,1.06,15.5,990.0,18.0,26.0
861,2024-04-07 20:15:43,1.04,1.06,15.5,990.0,18.0,26.0
862,2024-04-07 20:15:47,1.04,1.06,15.5,990.0,18.0,26.0
863,2024-04-07 20:15:51,1.04,1.06,15.5,990.0,18.0,26.0
864,2024-04-07 20:15:54,1.04,1.06,15.5,990.0,18.0,26.0
865,2024-04-07 20:15:57,1.04,1.06,15.5,990.0,18.0,26.0
866,2024-04-07 20:16:01,1.04,1.06,15.5,990.0,18.0,26.0
867,2024-04-07 20:16:04,1.04,1.06,15.5,990.0,18.0,26.0
868,2024-04-07 20:16:08,1.04,1.06,15.5,990.0,18.0,26.0
869,2024-04-07 20:16:11,1.04,1.06,15.5,990.0,18.0,26.0
870,2024-04-07 20:16:15,1.04,1.06,15.5,990.0,18.0,26.0
871,2024-04-07 20:16:18,1.04,1.06,15.5,990.0,18.0,26.0
872,2024-04-07 20:16:22,1.04,1.06,15.5,990.0,18.0,26.0
873,2024-04-07 20:16:25,1.04,1.06,15.5,990.0,18.0,26.0
874,2024-04-07 20:16:29,1.04,1.06,15.5,990.0,18.0,26.0
875,2024-04-07 20:16:32,1.04,1.06,15.5,990.0,18.0,26.0
876,2024-04-07 20:16:35,1.04,1.06,15.5,990.0,18.0,26.0
877,2024-04-07 20:16:38,1.04,1.06,15.5,990.0,18.0,26.0
878,2024-04-07 20:16:42,1.04,1.06,15.5,990.0,18.0,26.0
879,2024-04-07 20:16:46,1.04,1.06,15.5,990.0,18.0,26.0
880,2024-04-07 20:16:48,1.04,1.06,15.5,990.0,18.0,26.0
881,2024-04-07 20:16:52,1.04,1.06,15.5,990.0,18.0,26.0
882,2024-04-07 20:16:55,1.04,1.06,100.0,990.0,18.0,26.0
883,2024-04-07 20:16:59,1.04,1.07,15.5,26.0,15.5,26.0
884,2024-04-07 20:17:03,0.0,980.0,0.0,990.0,0.0,990.0
885,2024-04-07 20:17:06,0.0,980.0,0.0,990.0,0.0,990.0
886,2024-04-07 20:17:09,0.0,980.0,0.0,990.0,0.0,990.0
887,2024-04-07 20:17:13,0.0,990.0,0.0,990.0,0.0,990.0
888,2024-04-07 20:17:17,0.0,990.0,0.0,990.0,0.0,990.0
889,2024-04-07 20:17:20,0.0,990.0,0.0,990.0,0.0,990.0
890,2024-04-07 20:17:23,0.0,990.0,0.0,990.0,0.0,990.0
891,2024-04-07 20:17:25,0.0,990.0,0.0,990.0,0.0,990.0
892,2024-04-07 20:17:29,0.0,990.0,0.0,990.0,0.0,990.0
893,2024-04-07 20:17:32,0.0,990.0,0.0,990.0,0.0,990.0
894,2024-04-07 20:17:35,0.0,990.0,0.0,990.0,0.0,990.0
895,2024-04-07 20:17:38,0.0,990.0,0.0,990.0,0.0,990.0
896,2024-04-07 20:17:41,0.0,990.0,0.0,990.0,0.0,990.0
897,2024-04-07 20:17:45,0.0,990.0,0.0,990.0,0.0,990.0
898,2024-04-07 20:17:49,0.0,990.0,0.0,990.0,0.0,990.0
899,2024-04-07 20:17:52,0.0,990.0,0.0,990.0,0.0,990.0
900,2024-04-07 20:17:56,0.0,990.0,0.0,990.0,0.0,990.0
901,2024-04-07 20:17:59,0.0,990.0,0.0,990.0,0.0,990.0
902,2024-04-07 20:18:02,0.0,990.0,0.0,990.0,0.0,990.0
903,2024-04-07 20:18:06,0.0,990.0,0.0,990.0,0.0,990.0
904,2024-04-07 20:18:10,0.0,990.0,0.0,990.0,0.0,990.0
905,2024-04-07 20:18:13,0.0,990.0,0.0,990.0,0.0,990.0
906,2024-04-07 20:18:17,0.0,990.0,0.0,990.0,0.0,990.0
907,2024-04-07 20:18:20,0.0,990.0,0.0,990.0,0.0,990.0
908,2024-04-07 20:18:23,0.0,990.0,0.0,990.0,0.0,990.0
909,2024-04-07 20:18:26,0.0,990.0,0.0,990.0,0.0,990.0
910,2024-04-07 20:18:30,0.0,990.0,0.0,990.0,0.0,990.0
911,2024-04-07 20:18:34,0.0,990.0,0.0,990.0,0.0,990.0
912,2024-04-07 20:18:37,0.0,990.0,0.0,990.0,0.0,990.0
913,2024-04-07 20:18:41,0.0,990.0,0.0,990.0,0.0,990.0
914,2024-04-07 20:18:44,0.0,990.0,0.0,990.0,0.0,990.0
915,2024-04-07 20:18:48,1.04,1.07,15.5,990.0,16.0,26.0
916,2024-04-07 20:18:52,1.04,1.07,15.5,990.0,16.0,26.0
917,2024-04-07 20:18:54,1.04,1.07,15.5,990.0,16.0,26.0
918,2024-04-07 20:18:57,1.04,1.07,15.5,990.0,16.0,26.0
919,2024-04-07 20:19:01,1.04,1.07,15.5,990.0,16.0,26.0
920,2024-04-07 20:19:04,1.04,1.07,15.5,990.0,16.0,26.0
921,2024-04-07 20:19:08,1.04,1.07,15.5,990.0,16.0,26.0
922,2024-04-07 20:19:12,1.04,1.07,15.5,990.0,16.5,26.0
923,2024-04-07 20:19:15,1.04,1.07,15.5,990.0,16.5,26.0
924,2024-04-07 20:19:19,1.04,1.07,15.5,990.0,17.0,26.0
925,2024-04-07 20:19:22,1.04,1.06,17.5,990.0,17.5,26.0
926,2024-04-07 20:19:25,1.04,1.06,17.5,990.0,17.5,26.0
927,2024-04-07 20:19:28,1.04,1.06,17.5,990.0,17.5,26.0
928,2024-04-07 20:19:31,1.04,1.07,15.5,990.0,17.5,26.0
929,2024-04-07 20:19:35,1.04,1.05,15.5,990.0,22.0,26.0
930,2024-04-07 20:19:38,1.04,1.05,100.0,990.0,22.0,26.0
931,2024-04-07 20:19:42,1.04,1.05,100.0,170.0,22.0,26.0
932,2024-04-07 20:19:46,1.04,1.05,100.0,170.0,22.0,26.0
933,2024-04-07 20:19:49,1.04,1.05,100.0,150.0,23.0,26.0
934,2024-04-07 20:19:53,1.04,1.05,100.0,150.0,23.0,26.0
935,2024-04-07 20:19:56,1.04,1.05,100.0,150.0,23.0,26.0
936,2024-04-07 20:19:59,1.04,1.05,100.0,150.0,23.0,26.0
937,2024-04-07 20:20:03,1.04,1.05,100.0,150.0,23.0,26.0
938,2024-04-07 20:20:06,1.04,1.05,100.0,150.0,23.0,26.0
939,2024-04-07 20:20:10,1.04,1.05,100.0,150.0,23.0,26.0
940,2024-04-07 20:20:14,1.04,1.05,100.0,150.0,23.0,26.0
941,2024-04-07 20:20:17,1.04,1.05,100.0,150.0,23.0,26.0
942,2024-04-07 20:20:21,1.04,1.05,100.0,150.0,23.0,26.0
943,2024-04-07 20:20:24,1.04,1.05,100.0,150.0,23.0,26.0
944,2024-04-07 20:20:27,1.04,1.05,100.0,150.0,23.0,26.0
945,2024-04-07 20:20:30,1.04,1.05,100.0,150.0,23.0,26.0
946,2024-04-07 20:20:34,1.04,1.05,100.0,150.0,23.0,26.0
947,2024-04-07 20:20:37,1.04,1.05,100.0,150.0,23.0,26.0
948,2024-04-07 20:20:41,1.04,1.05,100.0,150.0,23.0,26.0
949,2024-04-07 20:20:44,1.04,1.05,100.0,150.0,23.0,26.0
950,2024-04-07 20:20:48,1.04,1.05,100.0,150.0,23.0,26.0
951,2024-04-07 20:20:51,1.04,1.05,100.0,150.0,23.0,26.0
952,2024-04-07 20:20:54,1.04,1.05,100.0,150.0,23.0,26.0
953,2024-04-07 20:20:58,1.04,1.05,100.0,150.0,23.0,26.0
954,2024-04-07 20:21:01,1.04,1.05,100.0,150.0,23.0,26.0
955,2024-04-07 20:21:05,1.04,1.05,100.0,150.0,23.0,26.0
956,2024-04-07 20:21:09,1.04,1.05,100.0,150.0,23.0,26.0
957,2024-04-07 20:21:12,1.04,1.05,100.0,150.0,23.0,26.0
958,2024-04-07 20:21:16,1.04,1.05,100.0,150.0,23.0,26.0
959,2024-04-07 20:21:19,1.04,1.06,50.0,150.0,20.0,26.0
960,2024-04-07 20:21:22,1.04,1.06,50.0,150.0,20.0,26.0
961,2024-04-07 20:21:26,1.04,1.06,50.0,150.0,20.0,26.0
962,2024-04-07 20:21:29,1.04,1.06,110.0,150.0,20.0,26.0
963,2024-04-07 20:21:33,1.04,1.06,110.0,150.0,20.0,26.0
964,2024-04-07 20:21:36,1.04,1.06,110.0,150.0,20.0,26.0
965,2024-04-07 20:21:39,1.04,1.06,110.0,150.0,20.0,26.0
966,2024-04-07 20:21:43,1.04,1.06,110.0,150.0,20.0,26.0
967,2024-04-07 20:21:46,1.04,1.06,110.0,150.0,20.0,26.0
968,2024-04-07 20:21:49,1.04,1.06,50.0,150.0,20.0,26.0
969,2024-04-07 20:21:53,1.04,1.05,50.0,150.0,23.0,26.0
970,2024-04-07 20:21:56,1.04,1.06,50.0,150.0,20.0,26.0
971,2024-04-07 20:21:59,1.04,1.06,50.0,150.0,20.0,26.0
972,2024-04-07 20:22:03,1.04,1.06,50.0,150.0,20.0,26.0
973,2024-04-07 20:22:07,1.04,1.06,75.0,150.0,20.0,26.0
974,2024-04-07 20:22:09,1.04,1.06,75.0,150.0,20.0,26.0
975,2024-04-07 20:22:13,1.04,1.05,110.0,150.0,23.0,26.0
976,2024-04-07 20:22:16,1.04,1.05,110.0,150.0,23.0,26.0
977,2024-04-07 20:22:20,1.04,1.05,110.0,150.0,23.0,26.0
978,2024-04-07 20:22:23,1.04,1.05,110.0,150.0,23.0,26.0
979,2024-04-07 20:22:26,1.04,1.05,110.0,150.0,23.0,26.0
980,2024-04-07 20:22:30,1.04,1.05,110.0,150.0,23.0,26.0
981,2024-04-07 20:22:33,1.04,1.05,110.0,150.0,23.0,26.0
982,2024-04-07 20:22:37,1.04,1.05,110.0,150.0,23.0,26.0
983,2024-04-07 20:22:40,1.04,1.05,110.0,150.0,23.0,26.0
984,2024-04-07 20:22:44,1.04,1.05,110.0,150.0,23.0,26.0
985,2024-04-07 20:22:48,1.04,1.05,110.0,150.0,23.0,26.0
986,2024-04-07 20:22:51,1.04,1.06,50.0,150.0,20.0,26.0
987,2024-04-07 20:22:55,1.04,1.06,80.0,150.0,20.0,26.0
988,2024-04-07 20:22:58,1.04,1.06,80.0,150.0,20.0,26.0
989,2024-04-07 20:23:02,1.04,1.06,80.0,150.0,20.0,26.0
990,2024-04-07 20:23:05,1.04,1.06,80.0,150.0,20.0,26.0
991,2024-04-07 20:23:09,1.04,1.06,80.0,150.0,20.0,26.0
992,2024-04-07 20:23:13,1.04,1.06,80.0,150.0,20.0,26.0
993,2024-04-07 20:23:16,1.04,1.06,80.0,150.0,20.0,26.0
994,2024-04-07 20:23:20,1.04,1.06,80.0,150.0,20.0,26.0
995,2024-04-07 20:23:23,1.04,1.06,80.0,150.0,20.0,26.0
996,2024-04-07 20:23:26,1.04,1.06,80.0,150.0,20.0,26.0
997,2024-04-07 20:23:30,1.04,1.06,80.0,150.0,20.0,26.0
998,2024-04-07 20:23:33,1.04,1.06,110.0,150.0,20.0,26.0
999,2024-04-07 20:23:36,1.04,1.06,110.0,150.0,20.0,26.0
1000,2024-04-07 20:23:40,1.04,1.05,110.0,150.0,23.0,26.0
1001,2024-04-07 20:23:43,1.04,1.05,110.0,150.0,24.0,26.0
1002,2024-04-07 20:23:47,1.04,1.05,110.0,150.0,24.0,26.0
1003,2024-04-07 20:23:51,1.04,1.05,110.0,150.0,24.0,26.0
1004,2024-04-07 20:23:54,1.04,1.06,50.0,150.0,20.0,26.0
1005,2024-04-07 20:23:57,1.04,1.06,80.0,150.0,20.0,26.0
1006,2024-04-07 20:24:01,1.04,1.06,80.0,150.0,20.0,26.0
1007,2024-04-07 20:24:04,1.04,1.06,80.0,150.0,20.0,26.0
1008,2024-04-07 20:24:08,1.04,1.06,80.0,150.0,20.0,26.0
1009,2024-04-07 20:24:11,1.04,1.06,80.0,150.0,20.0,26.0
1010,2024-04-07 20:24:15,1.04,1.06,80.0,150.0,20.0,26.0
1011,2024-04-07 20:24:18,1.04,1.06,80.0,150.0,20.0,26.0
1012,2024-04-07 20:24:22,1.04,1.06,110.0,150.0,20.0,26.0
1013,2024-04-07 20:24:25,1.04,1.06,110.0,150.0,20.0,26.0
1014,2024-04-07 20:24:29,1.04,1.06,110.0,150.0,20.0,26.0
1015,2024-04-07 20:24:32,1.04,1.06,110.0,990.0,19.5,26.0
1016,2024-04-07 20:24:36,1.04,1.06,110.0,180.0,19.5,26.0
1017,2024-04-07 20:24:38,1.04,1.06,110.0,180.0,19.5,26.0
1018,2024-04-07 20:24:42,1.04,1.06,110.0,180.0,19.5,26.0
1019,2024-04-07 20:24:45,1.04,1.06,110.0,180.0,19.5,26.0
1020,2024-04-07 20:24:49,1.04,1.06,110.0,180.0,19.5,26.0
1021,2024-04-07 20:24:52,1.04,1.06,110.0,170.0,19.5,26.0
1022,2024-04-07 20:24:56,1.04,1.06,110.0,170.0,19.5,26.0
1023,2024-04-07 20:24:59,1.04,1.06,110.0,170.0,19.5,26.0
1024,2024-04-07 20:25:03,1.04,1.06,110.0,170.0,19.5,26.0
1025,2024-04-07 20:25:06,1.04,1.06,110.0,170.0,19.5,26.0
1026,2024-04-07 20:25:10,1.04,1.06,110.0,170.0,19.5,26.0
1027,2024-04-07 20:25:13,1.04,1.06,110.0,170.0,19.5,26.0
1028,2024-04-07 20:25:17,1.04,1.06,110.0,170.0,19.5,26.0
1029,2024-04-07 20:25:21,1.04,1.06,110.0,170.0,19.5,26.0
1030,2024-04-07 20:25:24,1.04,1.06,110.0,170.0,19.5,26.0
1031,2024-04-07 20:25:27,1.04,1.06,110.0,170.0,19.5,26.0
1032,2024-04-07 20:25:30,1.04,1.06,110.0,170.0,19.5,26.0
1033,2024-04-07 20:25:34,1.04,1.06,110.0,170.0,19.5,26.0
1034,2024-04-07 20:25:37,1.04,1.06,110.0,170.0,19.5,26.0
1035,2024-04-07 20:25:40,1.04,1.06,110.0,170.0,19.5,26.0
1036,2024-04-07 20:25:44,1.04,1.06,110.0,170.0,19.5,26.0
1037,2024-04-07 20:25:47,1.04,1.06,110.0,170.0,19.5,26.0
1038,2024-04-07 20:25:51,1.04,1.06,110.0,170.0,19.5,26.0
1039,2024-04-07 20:25:55,1.04,1.06,110.0,170.0,19.5,26.0
1040,2024-04-07 20:25:59,1.04,1.06,110.0,170.0,19.5,26.0
1041,2024-04-07 20:26:02,1.04,1.06,110.0,170.0,19.5,26.0
1042,2024-04-07 20:26:06,1.04,1.06,110.0,170.0,19.5,26.0
1043,2024-04-07 20:26:10,1.04,1.06,110.0,170.0,19.5,26.0
1044,2024-04-07 20:26:13,1.04,1.06,46.0,170.0,19.5,26.0
1045,2024-04-07 20:26:17,1.04,1.06,46.0,170.0,19.5,26.0
1046,2024-04-07 20:26:20,1.04,1.06,85.0,170.0,19.5,26.0
1047,2024-04-07 20:26:23,1.04,1.06,85.0,170.0,19.5,26.0
1048,2024-04-07 20:26:27,1.04,1.06,85.0,170.0,19.5,26.0
1049,2024-04-07 20:26:31,1.04,1.06,85.0,170.0,19.5,26.0
1050,2024-04-07 20:26:34,1.04,1.06,85.0,170.0,19.5,26.0
1051,2024-04-07 20:26:37,1.04,1.06,85.0,170.0,19.5,26.0
1052,2024-04-07 20:26:41,1.04,1.06,85.0,170.0,19.5,26.0
1053,2024-04-07 20:26:44,1.04,1.06,85.0,170.0,19.5,26.0
1054,2024-04-07 20:26:48,1.04,1.06,85.0,170.0,19.5,26.0
1055,2024-04-07 20:26:52,1.04,1.06,46.0,170.0,19.5,26.0
1056,2024-04-07 20:26:55,1.04,1.06,46.0,170.0,19.5,26.0
1057,2024-04-07 20:26:59,1.04,1.05,110.0,170.0,23.0,26.0
1058,2024-04-07 20:27:02,1.04,1.05,110.0,170.0,23.0,26.0
1059,2024-04-07 20:27:06,1.04,1.05,110.0,170.0,24.0,26.0
1060,2024-04-07 20:27:09,1.04,1.05,110.0,170.0,24.0,26.0
1061,2024-04-07 20:27:13,1.04,1.05,110.0,170.0,24.0,26.0
1062,2024-04-07 20:27:16,1.04,1.05,110.0,170.0,24.0,26.0
1063,2024-04-07 20:27:20,1.04,1.06,46.0,170.0,19.5,26.0
1064,2024-04-07 20:27:23,1.04,1.06,80.0,170.0,19.5,26.0
1065,2024-04-07 20:27:26,1.04,1.06,80.0,170.0,19.5,26.0
1066,2024-04-07 20:27:30,1.04,1.06,80.0,170.0,19.5,26.0
1067,2024-04-07 20:27:33,1.04,1.06,80.0,170.0,19.5,26.0
1068,2024-04-07 20:27:37,1.04,1.06,110.0,170.0,19.5,26.0
1069,2024-04-07 20:27:40,1.04,1.06,110.0,170.0,19.5,26.0
1070,2024-04-07 20:27:44,1.04,1.06,110.0,170.0,19.5,26.0
1071,2024-04-07 20:27:47,1.04,1.06,110.0,170.0,19.5,26.0
1072,2024-04-07 20:27:51,1.04,1.06,110.0,170.0,19.5,26.0
1073,2024-04-07 20:27:54,1.04,1.06,110.0,170.0,19.5,26.0
1074,2024-04-07 20:27:57,1.04,1.06,110.0,170.0,19.5,26.0
1075,2024-04-07 20:28:00,1.04,1.06,110.0,170.0,19.5,26.0
1076,2024-04-07 20:28:04,1.04,1.06,110.0,170.0,19.5,26.0
1077,2024-04-07 20:28:07,1.04,1.06,110.0,170.0,19.5,26.0
1078,2024-04-07 20:28:10,1.04,1.06,110.0,170.0,19.5,26.0
1079,2024-04-07 20:28:13,1.04,1.06,110.0,170.0,19.5,26.0
1080,2024-04-07 20:28:17,1.04,1.06,110.0,170.0,19.5,26.0
1081,2024-04-07 20:28:20,1.04,1.06,110.0,170.0,19.5,26.0
1082,2024-04-07 20:28:24,1.04,1.06,110.0,170.0,19.5,26.0
1083,2024-04-07 20:28:28,1.04,1.06,110.0,170.0,19.5,26.0
1084,2024-04-07 20:28:31,1.04,1.06,110.0,170.0,19.5,26.0
1085,2024-04-07 20:28:35,1.04,1.06,110.0,170.0,19.5,26.0
1086,2024-04-07 20:28:38,1.04,1.06,110.0,160.0,19.5,26.0
1087,2024-04-07 20:28:42,1.04,1.06,110.0,160.0,19.5,26.0
1088,2024-04-07 20:28:45,1.04,1.06,46.0,160.0,19.5,26.0
1089,2024-04-07 20:28:49,1.04,1.06,80.0,160.0,19.5,26.0
1090,2024-04-07 20:28:52,1.04,1.06,80.0,160.0,19.5,26.0
1091,2024-04-07 20:28:56,1.04,1.06,80.0,160.0,19.5,26.0
1092,2024-04-07 20:28:59,1.04,1.06,80.0,160.0,19.5,26.0
1093,2024-04-07 20:29:02,1.04,1.06,80.0,160.0,19.5,26.0
1094,2024-04-07 20:29:06,1.04,1.06,80.0,160.0,19.5,26.0
1095,2024-04-07 20:29:09,1.04,1.06,120.0,160.0,19.5,26.0
1096,2024-04-07 20:29:12,1.04,1.06,120.0,160.0,19.5,26.0
1097,2024-04-07 20:29:16,1.04,1.06,120.0,160.0,19.5,26.0
1098,2024-04-07 20:29:20,1.04,1.06,120.0,160.0,19.5,26.0
1099,2024-04-07 20:29:23,1.04,1.06,120.0,160.0,19.5,26.0
1100,2024-04-07 20:29:26,1.04,1.06,120.0,160.0,19.5,26.0
1101,2024-04-07 20:29:29,1.04,1.06,120.0,160.0,19.5,26.0
1102,2024-04-07 20:29:32,1.04,1.06,120.0,160.0,19.5,26.0
1103,2024-04-07 20:29:35,1.04,1.06,120.0,160.0,19.5,26.0
1104,2024-04-07 20:29:38,1.04,1.06,120.0,160.0,19.5,26.0
1105,2024-04-07 20:29:42,1.04,1.06,120.0,160.0,19.5,26.0
1106,2024-04-07 20:29:45,1.04,1.06,120.0,160.0,19.5,26.0
1107,2024-04-07 20:29:49,1.04,1.06,120.0,160.0,19.5,26.0
1108,2024-04-07 20:29:52,1.04,1.06,120.0,160.0,19.5,26.0
1109,2024-04-07 20:29:56,1.04,1.06,120.0,160.0,19.5,26.0
1110,2024-04-07 20:29:59,1.04,1.06,120.0,160.0,19.5,26.0
1111,2024-04-07 20:30:03,1.04,1.06,120.0,160.0,19.5,26.0
1112,2024-04-07 20:30:05,1.04,1.06,120.0,160.0,19.5,26.0
1113,2024-04-07 20:30:08,1.04,1.06,120.0,160.0,19.5,26.0
1114,2024-04-07 20:30:12,1.04,1.06,120.0,160.0,19.5,26.0
1115,2024-04-07 20:30:15,1.04,1.06,120.0,160.0,19.5,26.0
1116,2024-04-07 20:30:19,1.04,1.06,120.0,160.0,19.5,26.0
1117,2024-04-07 20:30:23,1.04,1.06,46.0,160.0,19.5,26.0
1118,2024-04-07 20:30:26,1.04,1.06,80.0,160.0,19.5,26.0
1119,2024-04-07 20:30:30,1.04,1.06,80.0,160.0,19.5,26.0
1120,2024-04-07 20:30:34,1.04,1.06,80.0,160.0,19.5,26.0
1121,2024-04-07 20:30:37,1.04,1.06,80.0,160.0,19.5,26.0
1122,2024-04-07 20:30:39,1.04,1.06,80.0,160.0,19.5,26.0
1123,2024-04-07 20:30:42,1.04,1.06,80.0,160.0,19.5,26.0
1124,2024-04-07 20:30:46,1.04,1.06,80.0,160.0,19.5,26.0
1125,2024-04-07 20:30:49,1.04,1.06,80.0,160.0,19.5,26.0
1126,2024-04-07 20:30:53,1.04,1.06,80.0,160.0,19.5,26.0
1127,2024-04-07 20:30:56,1.04,1.06,80.0,160.0,19.5,26.0
1128,2024-04-07 20:31:00,1.04,1.06,80.0,160.0,19.5,26.0
1129,2024-04-07 20:31:04,1.04,1.06,120.0,160.0,19.5,26.0
1130,2024-04-07 20:31:07,1.04,1.06,120.0,160.0,19.5,26.0
1131,2024-04-07 20:31:11,1.04,1.06,120.0,160.0,19.5,26.0
1132,2024-04-07 20:31:14,1.04,1.06,120.0,160.0,19.5,26.0
1133,2024-04-07 20:31:17,1.04,1.06,120.0,160.0,19.5,26.0
1134,2024-04-07 20:31:21,1.04,1.06,120.0,160.0,19.5,26.0
1135,2024-04-07 20:31:25,1.04,1.06,120.0,160.0,19.5,26.0
1136,2024-04-07 20:31:29,1.04,1.06,120.0,160.0,19.5,26.0
1137,2024-04-07 20:31:32,1.04,1.06,120.0,990.0,19.5,26.0
1138,2024-04-07 20:31:35,1.04,1.06,120.0,190.0,19.5,26.0
1139,2024-04-07 20:31:39,1.04,1.06,120.0,190.0,19.5,26.0
1140,2024-04-07 20:31:43,1.04,1.06,120.0,190.0,19.5,26.0
1141,2024-04-07 20:31:46,1.04,1.06,120.0,190.0,19.5,28.0
1142,2024-04-07 20:31:50,1.04,1.06,120.0,190.0,19.5,34.0
1143,2024-04-07 20:31:53,1.04,1.06,120.0,190.0,19.5,34.0
1144,2024-04-07 20:31:56,1.04,1.06,120.0,190.0,19.5,34.0
1145,2024-04-07 20:32:00,1.04,1.05,120.0,190.0,24.0,34.0
1146,2024-04-07 20:32:04,1.04,1.05,120.0,190.0,24.0,32.0
1147,2024-04-07 20:32:07,1.04,1.05,120.0,990.0,24.0,32.0
1148,2024-04-07 20:32:11,1.04,1.05,120.0,990.0,24.0,32.0
1149,2024-04-07 20:32:15,1.04,1.05,120.0,990.0,24.0,34.0
1150,2024-04-07 20:32:17,1.04,1.05,120.0,990.0,24.0,34.0
1151,2024-04-07 20:32:21,1.04,1.05,120.0,220.0,24.0,34.0
1152,2024-04-07 20:32:24,1.04,1.05,120.0,220.0,24.0,34.0
1153,2024-04-07 20:32:27,1.04,1.05,120.0,220.0,24.0,34.0
1154,2024-04-07 20:32:31,1.04,1.05,120.0,220.0,24.0,34.0
1155,2024-04-07 20:32:34,1.04,1.05,120.0,220.0,24.0,34.0
1156,2024-04-07 20:32:38,1.04,1.05,120.0,220.0,24.0,34.0
1157,2024-04-07 20:32:41,1.04,1.05,120.0,220.0,24.0,34.0
1158,2024-04-07 20:32:44,0.0,1.05,17.5,1.05,24.0,990.0
1159,2024-04-07 20:32:47,0.0,980.0,0.0,990.0,0.0,990.0
1160,2024-04-07 20:32:51,1.03,1.06,17.5,36.0,17.5,36.0
1161,2024-04-07 20:32:54,1.03,1.06,17.5,36.0,17.5,36.0
1162,2024-04-07 20:32:58,1.03,1.06,17.5,36.0,17.5,36.0
1163,2024-04-07 20:33:01,1.03,1.06,17.5,36.0,17.5,36.0
1164,2024-04-07 20:33:05,1.03,1.06,17.5,36.0,17.5,36.0
1165,2024-04-07 20:33:09,1.03,1.06,17.5,36.0,17.5,36.0
1166,2024-04-07 20:33:12,1.03,1.06,17.5,36.0,17.5,36.0
1167,2024-04-07 20:33:15,1.03,1.06,17.5,36.0,17.5,36.0
1168,2024-04-07 20:33:19,1.03,980.0,0.0,36.0,0.0,36.0
1169,2024-04-07 20:33:23,1.03,980.0,0.0,36.0,0.0,36.0
1170,2024-04-07 20:33:26,1.03,1.08,13.5,36.0,13.5,36.0
1171,2024-04-07 20:33:30,1.03,1.08,13.5,36.0,13.5,36.0
1172,2024-04-07 20:33:33,1.03,1.08,13.5,36.0,13.5,36.0
1173,2024-04-07 20:33:36,1.03,1.08,13.5,36.0,13.5,36.0
1174,2024-04-07 20:33:39,1.03,1.07,19.5,990.0,16.0,36.0
1175,2024-04-07 20:33:43,1.03,1.07,19.5,990.0,16.0,36.0
1176,2024-04-07 20:33:46,1.03,1.08,13.5,36.0,13.5,36.0
1177,2024-04-07 20:33:49,1.03,1.08,13.5,36.0,13.5,36.0
1178,2024-04-07 20:33:53,1.03,1.05,130.0,990.0,24.0,48.0
1179,2024-04-07 20:33:56,1.03,1.05,130.0,990.0,24.0,48.0
1180,2024-04-07 20:34:00,1.04,1.05,130.0,190.0,24.0,26.0
1181,2024-04-07 20:34:04,1.04,1.05,130.0,190.0,24.0,26.0
1182,2024-04-07 20:34:07,1.04,1.05,130.0,190.0,24.0,26.0
1183,2024-04-07 20:34:11,1.04,1.05,130.0,190.0,24.0,26.0
1184,2024-04-07 20:34:14,1.04,1.05,130.0,190.0,24.0,26.0
1185,2024-04-07 20:34:18,1.04,1.05,130.0,190.0,24.0,26.0
1186,2024-04-07 20:34:22,1.04,1.05,130.0,190.0,24.0,26.0
1187,2024-04-07 20:34:25,1.04,1.05,130.0,190.0,24.0,26.0
1188,2024-04-07 20:34:29,1.04,1.05,130.0,190.0,24.0,26.0
1189,2024-04-07 20:34:32,1.04,1.05,130.0,190.0,24.0,26.0
1190,2024-04-07 20:34:36,1.04,1.05,130.0,190.0,24.0,26.0
1191,2024-04-07 20:34:39,1.04,1.05,130.0,190.0,24.0,26.0
1192,2024-04-07 20:34:43,1.04,1.05,130.0,190.0,24.0,26.0
1193,2024-04-07 20:34:46,1.04,1.05,130.0,190.0,24.0,26.0
1194,2024-04-07 20:34:50,1.04,1.05,130.0,190.0,24.0,26.0
1195,2024-04-07 20:34:53,1.04,1.05,130.0,190.0,24.0,26.0
1196,2024-04-07 20:34:57,1.04,1.05,130.0,190.0,24.0,26.0
1197,2024-04-07 20:35:01,1.04,1.05,130.0,190.0,24.0,26.0
1198,2024-04-07 20:35:04,1.04,1.05,130.0,190.0,24.0,26.0
1199,2024-04-07 20:35:06,1.04,1.05,130.0,190.0,24.0,26.0
1200,2024-04-07 20:35:10,1.04,1.05,130.0,190.0,24.0,26.0
1201,2024-04-07 20:35:14,1.04,1.05,130.0,190.0,24.0,26.0
1202,2024-04-07 20:35:17,1.04,1.05,130.0,190.0,24.0,26.0
1203,2024-04-07 20:35:21,1.04,1.05,130.0,190.0,24.0,26.0
1204,2024-04-07 20:35:24,1.04,1.05,130.0,190.0,24.0,26.0
1205,2024-04-07 20:35:28,1.04,1.05,130.0,190.0,24.0,26.0
1206,2024-04-07 20:35:31,1.04,1.05,130.0,190.0,24.0,26.0
1207,2024-04-07 20:35:35,1.04,1.05,130.0,190.0,24.0,26.0
1208,2024-04-07 20:35:38,1.04,1.05,130.0,190.0,24.0,26.0
1209,2024-04-07 20:35:42,1.04,1.05,130.0,190.0,24.0,26.0
1210,2024-04-07 20:35:46,1.04,1.05,130.0,190.0,24.0,26.0
1211,2024-04-07 20:35:49,1.04,1.05,130.0,190.0,24.0,26.0
1212,2024-04-07 20:35:53,1.04,1.05,130.0,190.0,24.0,26.0
1213,2024-04-07 20:35:57,1.04,1.05,130.0,190.0,24.0,26.0
1214,2024-04-07 20:36:01,1.04,1.05,130.0,190.0,24.0,26.0
1215,2024-04-07 20:36:04,1.04,1.05,130.0,190.0,24.0,26.0
1216,2024-04-07 20:36:08,1.04,1.05,130.0,190.0,24.0,26.0
1217,2024-04-07 20:36:12,1.04,1.05,130.0,190.0,24.0,26.0
1218,2024-04-07 20:36:15,1.04,1.05,130.0,190.0,24.0,26.0
1219,2024-04-07 20:36:19,1.04,1.05,130.0,190.0,24.0,26.0
1220,2024-04-07 20:36:22,1.04,1.05,130.0,190.0,24.0,26.0
1221,2024-04-07 20:36:26,1.04,1.05,130.0,190.0,24.0,26.0
1222,2024-04-07 20:36:29,1.04,1.05,130.0,190.0,24.0,26.0
1223,2024-04-07 20:36:33,1.04,1.05,130.0,190.0,24.0,26.0
1224,2024-04-07 20:36:36,1.04,1.05,130.0,190.0,24.0,26.0
1225,2024-04-07 20:36:40,1.04,1.05,130.0,190.0,24.0,26.0
1226,2024-04-07 20:36:43,1.04,1.05,130.0,190.0,24.0,26.0
1227,2024-04-07 20:36:46,1.04,1.05,130.0,190.0,24.0,26.0
1228,2024-04-07 20:36:50,1.04,1.05,130.0,190.0,24.0,26.0
1229,2024-04-07 20:36:53,1.04,1.05,130.0,190.0,24.0,26.0
1230,2024-04-07 20:36:57,1.04,1.05,130.0,190.0,24.0,26.0
1231,2024-04-07 20:37:00,1.04,1.05,130.0,190.0,24.0,26.0
1232,2024-04-07 20:37:04,1.04,1.05,130.0,190.0,24.0,26.0
1233,2024-04-07 20:37:08,1.04,1.05,130.0,190.0,24.0,26.0
1234,2024-04-07 20:37:11,1.04,1.05,130.0,190.0,24.0,26.0
1235,2024-04-07 20:37:15,1.04,1.05,130.0,190.0,24.0,26.0
1236,2024-04-07 20:37:19,1.04,1.05,130.0,190.0,24.0,26.0
1237,2024-04-07 20:37:22,1.04,1.05,130.0,190.0,24.0,26.0
1238,2024-04-07 20:37:26,1.04,1.05,130.0,190.0,24.0,26.0
1239,2024-04-07 20:37:29,1.04,1.05,130.0,190.0,24.0,26.0
1240,2024-04-07 20:37:32,1.04,1.05,130.0,190.0,24.0,26.0
1241,2024-04-07 20:37:36,1.04,1.05,130.0,190.0,24.0,26.0
1242,2024-04-07 20:37:39,1.04,1.05,130.0,190.0,24.0,26.0
1243,2024-04-07 20:37:43,1.04,1.05,130.0,190.0,24.0,26.0
1244,2024-04-07 20:37:46,1.04,1.05,130.0,190.0,24.0,26.0
1245,2024-04-07 20:37:50,1.04,1.05,130.0,190.0,24.0,26.0
1246,2024-04-07 20:37:53,1.04,1.05,130.0,190.0,24.0,26.0
1247,2024-04-07 20:37:57,1.04,1.05,130.0,190.0,24.0,26.0
1248,2024-04-07 20:38:00,1.04,1.05,130.0,190.0,24.0,26.0
1249,2024-04-07 20:38:04,1.04,1.05,130.0,190.0,24.0,26.0
1250,2024-04-07 20:38:08,1.04,1.05,130.0,190.0,24.0,26.0
1251,2024-04-07 20:38:12,1.04,1.05,130.0,190.0,24.0,26.0
1252,2024-04-07 20:38:15,1.04,1.05,130.0,190.0,24.0,26.0
1253,2024-04-07 20:38:19,1.04,1.05,130.0,190.0,24.0,26.0
1254,2024-04-07 20:38:23,1.04,1.05,130.0,190.0,24.0,26.0
1255,2024-04-07 20:38:26,1.04,1.05,130.0,190.0,24.0,26.0
1256,2024-04-07 20:38:30,1.04,1.05,130.0,190.0,24.0,26.0
1257,2024-04-07 20:38:33,1.04,1.05,130.0,190.0,24.0,26.0
1258,2024-04-07 20:38:36,1.04,1.05,130.0,190.0,24.0,26.0
1259,2024-04-07 20:38:40,1.04,1.05,130.0,190.0,24.0,26.0
1260,2024-04-07 20:38:43,1.04,1.05,130.0,190.0,24.0,26.0
1261,2024-04-07 20:38:47,1.04,1.05,130.0,190.0,24.0,26.0
1262,2024-04-07 20:38:49,1.04,1.05,130.0,190.0,24.0,26.0
1263,2024-04-07 20:38:53,1.04,1.05,130.0,190.0,24.0,26.0
1264,2024-04-07 20:38:56,1.04,1.05,130.0,190.0,24.0,26.0
1265,2024-04-07 20:39:00,1.04,1.05,130.0,190.0,24.0,26.0
1266,2024-04-07 20:39:03,1.04,1.05,130.0,190.0,24.0,26.0
1267,2024-04-07 20:39:06,1.04,1.05,130.0,190.0,24.0,26.0
1268,2024-04-07 20:39:10,1.04,1.05,130.0,190.0,24.0,26.0
1269,2024-04-07 20:39:13,1.04,1.05,130.0,190.0,24.0,26.0
1270,2024-04-07 20:39:17,1.04,1.05,130.0,190.0,24.0,26.0
1271,2024-04-07 20:39:21,1.04,1.05,130.0,190.0,24.0,26.0
1272,2024-04-07 20:39:25,1.04,1.05,130.0,190.0,24.0,26.0
1273,2024-04-07 20:39:28,1.04,1.05,130.0,190.0,24.0,26.0
1274,2024-04-07 20:39:32,1.04,1.05,130.0,190.0,24.0,26.0
1275,2024-04-07 20:39:35,1.04,1.05,130.0,190.0,24.0,26.0
1276,2024-04-07 20:39:39,1.04,1.05,130.0,190.0,24.0,26.0
1277,2024-04-07 20:39:43,1.04,1.05,130.0,190.0,24.0,26.0
1278,2024-04-07 20:39:46,1.04,1.05,130.0,190.0,24.0,26.0
1279,2024-04-07 20:39:50,1.04,1.05,130.0,190.0,24.0,26.0
1280,2024-04-07 20:39:53,1.04,1.05,130.0,190.0,24.0,26.0
1281,2024-04-07 20:39:57,1.04,1.05,130.0,190.0,24.0,26.0
1282,2024-04-07 20:40:01,1.04,1.05,130.0,190.0,24.0,26.0
1283,2024-04-07 20:40:05,1.04,1.05,130.0,190.0,24.0,26.0
1284,2024-04-07 20:40:09,1.04,1.05,130.0,190.0,24.0,26.0
1285,2024-04-07 20:40:12,1.04,1.05,130.0,190.0,24.0,26.0
1286,2024-04-07 20:40:16,1.04,1.05,130.0,190.0,24.0,26.0
1287,2024-04-07 20:40:19,1.04,1.05,130.0,190.0,24.0,26.0
1288,2024-04-07 20:40:22,1.04,1.05,130.0,190.0,24.0,26.0
1289,2024-04-07 20:40:25,1.04,1.05,130.0,190.0,24.0,26.0
1290,2024-04-07 20:40:29,1.04,1.05,130.0,190.0,24.0,26.0
1291,2024-04-07 20:40:32,1.04,1.05,130.0,190.0,24.0,26.0
1292,2024-04-07 20:40:36,1.04,1.05,130.0,190.0,24.0,26.0
1293,2024-04-07 20:40:39,1.04,1.05,130.0,190.0,24.0,26.0
1294,2024-04-07 20:40:42,1.04,1.05,130.0,190.0,24.0,26.0
1295,2024-04-07 20:40:45,1.04,1.05,130.0,190.0,24.0,26.0
1296,2024-04-07 20:40:49,1.04,1.05,130.0,190.0,24.0,26.0
1297,2024-04-07 20:40:53,1.04,1.05,130.0,190.0,24.0,26.0
1298,2024-04-07 20:40:56,1.04,1.05,130.0,190.0,24.0,26.0
1299,2024-04-07 20:41:00,1.04,1.05,130.0,190.0,24.0,26.0
1300,2024-04-07 20:41:03,1.04,1.05,130.0,190.0,24.0,26.0
1301,2024-04-07 20:41:06,1.04,1.05,130.0,190.0,24.0,26.0
1302,2024-04-07 20:41:10,1.04,1.05,130.0,190.0,24.0,26.0
1303,2024-04-07 20:41:14,1.04,1.05,130.0,190.0,24.0,26.0
1304,2024-04-07 20:41:17,1.04,1.05,130.0,190.0,24.0,26.0
1305,2024-04-07 20:41:21,1.04,1.05,130.0,190.0,24.0,26.0
1306,2024-04-07 20:41:25,1.04,1.05,130.0,190.0,24.0,26.0
1307,2024-04-07 20:41:28,1.04,1.05,130.0,190.0,24.0,26.0
1308,2024-04-07 20:41:32,1.04,1.05,130.0,190.0,24.0,26.0
1309,2024-04-07 20:41:35,1.04,1.05,130.0,190.0,24.0,26.0
1310,2024-04-07 20:41:39,1.04,1.05,130.0,190.0,24.0,26.0
1311,2024-04-07 20:41:42,1.04,1.05,130.0,190.0,24.0,26.0
1312,2024-04-07 20:41:46,1.04,1.05,130.0,190.0,24.0,26.0
1313,2024-04-07 20:41:49,1.04,1.05,130.0,190.0,24.0,26.0
1314,2024-04-07 20:41:53,1.04,1.05,130.0,190.0,24.0,26.0
1315,2024-04-07 20:41:57,1.04,1.05,130.0,190.0,24.0,26.0
1316,2024-04-07 20:42:00,1.04,1.05,130.0,190.0,24.0,26.0
1317,2024-04-07 20:42:04,1.04,1.05,130.0,190.0,24.0,26.0
1318,2024-04-07 20:42:07,1.04,1.05,130.0,190.0,24.0,26.0
1319,2024-04-07 20:42:10,1.04,1.05,130.0,190.0,24.0,26.0
1320,2024-04-07 20:42:14,1.04,1.05,130.0,190.0,24.0,26.0
1321,2024-04-07 20:42:18,1.04,1.05,130.0,190.0,24.0,26.0
1322,2024-04-07 20:42:21,1.04,1.05,130.0,190.0,24.0,26.0
1323,2024-04-07 20:42:25,1.04,1.05,130.0,190.0,24.0,26.0
1324,2024-04-07 20:42:29,1.04,1.05,130.0,190.0,24.0,26.0
1325,2024-04-07 20:42:32,1.04,1.05,130.0,190.0,24.0,26.0
1326,2024-04-07 20:42:35,1.04,1.05,130.0,190.0,24.0,26.0
1327,2024-04-07 20:42:39,1.04,1.05,130.0,190.0,24.0,26.0
1328,2024-04-07 20:42:42,1.04,1.05,130.0,190.0,24.0,26.0
1329,2024-04-07 20:42:45,1.04,1.05,130.0,190.0,24.0,26.0
1330,2024-04-07 20:42:49,1.04,1.05,130.0,190.0,24.0,26.0
1331,2024-04-07 20:42:53,1.04,1.05,130.0,190.0,24.0,26.0
1332,2024-04-07 20:42:56,1.04,1.05,130.0,190.0,24.0,26.0
1333,2024-04-07 20:42:59,1.04,1.05,130.0,190.0,24.0,26.0
1334,2024-04-07 20:43:03,1.04,1.05,130.0,190.0,24.0,26.0
1335,2024-04-07 20:43:06,1.04,1.05,130.0,190.0,24.0,26.0
1336,2024-04-07 20:43:10,1.04,1.05,130.0,190.0,24.0,26.0
1337,2024-04-07 20:43:14,1.04,1.05,130.0,190.0,24.0,26.0
1338,2024-04-07 20:43:17,1.04,1.05,130.0,190.0,24.0,26.0
1339,2024-04-07 20:43:21,1.04,1.05,130.0,190.0,24.0,26.0
1340,2024-04-07 20:43:24,1.04,1.05,130.0,190.0,24.0,26.0
1341,2024-04-07 20:43:28,1.04,1.05,130.0,190.0,24.0,26.0
1342,2024-04-07 20:43:31,1.04,1.05,130.0,190.0,24.0,26.0
1343,2024-04-07 20:43:35,1.04,1.05,130.0,190.0,24.0,26.0
1344,2024-04-07 20:43:38,1.04,1.05,130.0,190.0,24.0,26.0
1345,2024-04-07 20:43:42,1.04,1.05,130.0,190.0,24.0,26.0
1346,2024-04-07 20:43:45,1.04,1.05,130.0,190.0,24.0,26.0
1347,2024-04-07 20:43:49,1.04,1.05,130.0,190.0,24.0,26.0
1348,2024-04-07 20:43:53,1.04,1.05,130.0,190.0,23.0,26.0
1349,2024-04-07 20:43:56,1.04,1.05,130.0,190.0,23.0,26.0
1350,2024-04-07 20:44:00,1.04,1.05,130.0,190.0,23.0,28.0
1351,2024-04-07 20:44:03,1.04,1.05,130.0,190.0,23.0,28.0
1352,2024-04-07 20:44:07,1.04,1.05,130.0,190.0,23.0,26.0
1353,2024-04-07 20:44:11,1.04,1.05,80.0,190.0,23.0,26.0
1354,2024-04-07 20:44:14,1.04,1.05,80.0,190.0,23.0,26.0
1355,2024-04-07 20:44:18,1.04,1.05,140.0,190.0,23.0,26.0
1356,2024-04-07 20:44:22,1.04,1.05,140.0,190.0,23.0,26.0
1357,2024-04-07 20:44:25,1.04,1.05,140.0,190.0,23.0,26.0
1358,2024-04-07 20:44:29,1.04,1.05,140.0,190.0,23.0,26.0
1359,2024-04-07 20:44:32,1.04,1.05,140.0,190.0,23.0,26.0
1360,2024-04-07 20:44:36,1.04,1.05,140.0,190.0,23.0,26.0
1361,2024-04-07 20:44:40,1.04,1.05,140.0,190.0,23.0,26.0
1362,2024-04-07 20:44:43,1.04,1.05,140.0,190.0,23.0,26.0
1363,2024-04-07 20:44:47,1.04,1.05,140.0,190.0,23.0,26.0
1364,2024-04-07 20:44:51,1.04,1.05,140.0,990.0,23.0,26.0
1365,2024-04-07 20:44:54,1.04,1.05,140.0,990.0,23.0,26.0
1366,2024-04-07 20:44:57,1.04,1.05,140.0,200.0,23.0,26.0
1367,2024-04-07 20:45:01,1.04,1.05,140.0,200.0,23.0,26.0
1368,2024-04-07 20:45:05,1.04,1.05,140.0,200.0,23.0,26.0
1369,2024-04-07 20:45:08,1.04,1.05,140.0,200.0,23.0,26.0
1370,2024-04-07 20:45:11,1.04,1.05,140.0,200.0,23.0,26.0
1371,2024-04-07 20:45:15,1.04,1.05,140.0,200.0,23.0,26.0
1372,2024-04-07 20:45:18,1.04,1.05,140.0,200.0,23.0,26.0
1373,2024-04-07 20:45:21,1.04,1.05,140.0,200.0,23.0,26.0
1374,2024-04-07 20:45:25,1.04,1.05,140.0,200.0,23.0,26.0
1375,2024-04-07 20:45:29,1.04,1.05,140.0,200.0,23.0,26.0
1376,2024-04-07 20:45:32,1.04,1.05,140.0,200.0,23.0,26.0
1377,2024-04-07 20:45:36,1.04,1.05,140.0,200.0,23.0,26.0
1378,2024-04-07 20:45:40,1.04,1.05,140.0,200.0,23.0,26.0
1379,2024-04-07 20:45:44,1.04,1.05,140.0,200.0,23.0,26.0
1380,2024-04-07 20:45:47,1.04,1.05,140.0,200.0,23.0,26.0
1381,2024-04-07 20:45:50,1.04,1.05,140.0,200.0,23.0,26.0
1382,2024-04-07 20:45:53,1.04,1.05,140.0,200.0,23.0,26.0
1383,2024-04-07 20:45:56,1.04,1.05,140.0,200.0,23.0,26.0
1384,2024-04-07 20:45:59,1.04,1.05,140.0,200.0,23.0,26.0
1385,2024-04-07 20:46:03,1.04,1.05,140.0,200.0,23.0,26.0
1386,2024-04-07 20:46:07,1.04,1.05,140.0,200.0,23.0,26.0
1387,2024-04-07 20:46:11,1.04,1.05,140.0,200.0,23.0,26.0
1388,2024-04-07 20:46:15,1.04,1.05,140.0,200.0,23.0,26.0
1389,2024-04-07 20:46:18,1.04,1.05,140.0,200.0,23.0,26.0
1390,2024-04-07 20:46:22,1.04,1.05,140.0,200.0,23.0,26.0
1391,2024-04-07 20:46:25,1.04,1.05,140.0,200.0,23.0,26.0
1392,2024-04-07 20:46:29,1.04,1.05,140.0,200.0,23.0,26.0
1393,2024-04-07 20:46:32,1.04,1.05,140.0,200.0,23.0,26.0
1394,2024-04-07 20:46:36,1.04,1.05,140.0,200.0,23.0,26.0
1395,2024-04-07 20:46:40,1.04,1.05,140.0,200.0,23.0,26.0
1396,2024-04-07 20:46:43,1.04,1.05,140.0,200.0,23.0,26.0
1397,2024-04-07 20:46:46,1.04,1.05,140.0,200.0,23.0,26.0
1398,2024-04-07 20:46:50,1.04,1.05,140.0,200.0,23.0,26.0
1399,2024-04-07 20:46:53,1.04,1.05,140.0,200.0,23.0,26.0
1400,2024-04-07 20:46:57,1.04,1.05,140.0,200.0,23.0,26.0
1401,2024-04-07 20:47:01,1.04,1.05,140.0,200.0,23.0,26.0
1402,2024-04-07 20:47:04,1.04,1.05,140.0,200.0,23.0,26.0
1403,2024-04-07 20:47:08,1.04,1.05,140.0,200.0,23.0,26.0
1404,2024-04-07 20:47:11,1.04,1.05,140.0,200.0,23.0,26.0
1405,2024-04-07 20:47:16,1.04,1.05,140.0,200.0,23.0,26.0
1406,2024-04-07 20:47:19,1.04,1.05,140.0,200.0,23.0,26.0
1407,2024-04-07 20:47:22,1.04,1.05,140.0,200.0,23.0,26.0
1408,2024-04-07 20:47:26,1.04,1.05,140.0,200.0,23.0,26.0
1409,2024-04-07 20:47:29,1.04,1.05,140.0,200.0,23.0,26.0
1410,2024-04-07 20:47:32,1.04,1.05,140.0,200.0,23.0,26.0
1411,2024-04-07 20:47:36,1.04,1.05,140.0,200.0,23.0,26.0
1412,2024-04-07 20:47:39,1.04,1.05,140.0,200.0,23.0,26.0
1413,2024-04-07 20:47:42,1.04,1.05,140.0,200.0,23.0,26.0
1414,2024-04-07 20:47:46,1.04,1.05,140.0,200.0,23.0,26.0
1415,2024-04-07 20:47:49,1.04,1.05,140.0,200.0,23.0,26.0
1416,2024-04-07 20:47:53,1.04,1.05,140.0,200.0,23.0,26.0
1417,2024-04-07 20:47:56,1.04,1.05,140.0,200.0,23.0,26.0
1418,2024-04-07 20:48:00,1.04,1.05,140.0,200.0,23.0,26.0
1419,2024-04-07 20:48:03,1.04,1.05,140.0,200.0,23.0,26.0
1420,2024-04-07 20:48:07,1.04,1.05,140.0,200.0,23.0,26.0
1421,2024-04-07 20:48:11,1.04,1.05,140.0,200.0,23.0,26.0
1422,2024-04-07 20:48:14,1.04,1.05,140.0,200.0,23.0,26.0
1423,2024-04-07 20:48:18,1.04,1.05,140.0,200.0,23.0,26.0
1424,2024-04-07 20:48:22,1.04,1.05,140.0,200.0,23.0,26.0
1425,2024-04-07 20:48:26,1.04,1.05,140.0,200.0,23.0,26.0
1426,2024-04-07 20:48:29,1.04,1.05,140.0,200.0,23.0,26.0
1427,2024-04-07 20:48:32,1.04,1.05,140.0,200.0,23.0,26.0
1428,2024-04-07 20:48:35,1.04,1.05,140.0,200.0,23.0,26.0
1429,2024-04-07 20:48:39,1.04,1.05,140.0,200.0,23.0,26.0
1430,2024-04-07 20:48:43,1.04,1.05,140.0,200.0,23.0,26.0
1431,2024-04-07 20:48:47,1.04,1.05,140.0,200.0,23.0,26.0
1432,2024-04-07 20:48:50,1.04,1.05,140.0,200.0,23.0,26.0
1433,2024-04-07 20:48:54,1.03,1.08,13.5,990.0,13.5,36.0
1434,2024-04-07 20:48:58,1.03,1.08,13.5,990.0,13.5,36.0
1435,2024-04-07 20:49:01,1.03,1.08,13.5,990.0,13.5,36.0
1436,2024-04-07 20:49:05,1.03,1.08,13.5,990.0,13.5,36.0
1437,2024-04-07 20:49:09,1.03,1.08,13.5,990.0,13.5,36.0
1438,2024-04-07 20:49:13,1.03,1.08,13.5,990.0,13.5,36.0
1439,2024-04-07 20:49:17,1.03,1.06,17.5,990.0,19.0,36.0
1440,2024-04-07 20:49:20,1.03,1.06,17.5,990.0,19.0,36.0
1441,2024-04-07 20:49:25,1.04,1.05,21.0,220.0,23.0,26.0
1442,2024-04-07 20:49:28,1.04,1.05,150.0,220.0,23.0,26.0
1443,2024-04-07 20:49:32,1.04,1.05,150.0,220.0,23.0,26.0
1444,2024-04-07 20:49:36,1.04,1.05,150.0,220.0,23.0,26.0
1445,2024-04-07 20:49:39,1.04,1.05,150.0,210.0,23.0,26.0
1446,2024-04-07 20:49:43,1.04,1.05,150.0,210.0,23.0,26.0
1447,2024-04-07 20:49:46,1.04,1.05,150.0,210.0,23.0,26.0
1448,2024-04-07 20:49:49,1.04,1.05,150.0,210.0,23.0,26.0
1449,2024-04-07 20:49:53,1.04,1.05,150.0,210.0,23.0,26.0
1450,2024-04-07 20:49:57,1.04,1.05,150.0,210.0,23.0,26.0
1451,2024-04-07 20:50:00,1.04,1.05,150.0,210.0,23.0,26.0
1452,2024-04-07 20:50:04,1.04,1.05,150.0,210.0,23.0,26.0
1453,2024-04-07 20:50:08,1.04,1.05,150.0,210.0,23.0,26.0
1454,2024-04-07 20:50:12,1.04,1.05,150.0,210.0,23.0,26.0
1455,2024-04-07 20:50:15,1.04,1.05,150.0,210.0,23.0,26.0
1456,2024-04-07 20:50:19,1.04,1.05,150.0,210.0,23.0,26.0
1457,2024-04-07 20:50:23,1.04,1.05,150.0,210.0,23.0,26.0
1458,2024-04-07 20:50:26,1.04,1.05,150.0,210.0,23.0,26.0
1459,2024-04-07 20:50:30,1.04,1.05,150.0,210.0,23.0,26.0
1460,2024-04-07 20:50:34,1.04,1.05,150.0,210.0,23.0,26.0
1461,2024-04-07 20:50:37,1.04,1.05,150.0,210.0,23.0,26.0
1462,2024-04-07 20:50:41,1.04,1.05,150.0,210.0,23.0,26.0
1463,2024-04-07 20:50:44,1.04,1.05,150.0,210.0,23.0,26.0
1464,2024-04-07 20:50:48,1.04,1.05,150.0,210.0,23.0,26.0
1465,2024-04-07 20:50:52,1.04,1.05,150.0,210.0,23.0,26.0
1466,2024-04-07 20:50:56,1.04,1.05,150.0,210.0,23.0,26.0
1467,2024-04-07 20:50:59,1.04,1.05,150.0,210.0,23.0,26.0
1468,2024-04-07 20:51:03,1.04,1.05,70.0,210.0,23.0,26.0
1469,2024-04-07 20:51:06,1.04,1.05,100.0,210.0,23.0,26.0
1470,2024-04-07 20:51:10,1.04,1.05,100.0,210.0,25.0,26.0
1471,2024-04-07 20:51:13,1.04,1.05,100.0,210.0,25.0,26.0
1472,2024-04-07 20:51:17,1.04,1.05,100.0,210.0,25.0,26.0
1473,2024-04-07 20:51:21,1.04,1.05,100.0,210.0,23.0,26.0
1474,2024-04-07 20:51:24,1.04,1.05,100.0,210.0,23.0,26.0
1475,2024-04-07 20:51:28,1.04,1.05,100.0,210.0,25.0,26.0
1476,2024-04-07 20:51:31,1.04,1.05,100.0,210.0,25.0,26.0
1477,2024-04-07 20:51:35,1.04,1.05,100.0,210.0,25.0,26.0
1478,2024-04-07 20:51:39,1.03,1.05,100.0,990.0,26.0,55.0
1479,2024-04-07 20:51:42,1.03,1.05,100.0,990.0,26.0,55.0
1480,2024-04-07 20:51:46,1.03,1.05,100.0,250.0,26.0,36.0
1481,2024-04-07 20:51:49,1.03,1.05,100.0,230.0,26.0,36.0
1482,2024-04-07 20:51:53,1.03,1.05,100.0,230.0,26.0,36.0
1483,2024-04-07 20:51:57,1.04,1.05,100.0,230.0,26.0,36.0
1484,2024-04-07 20:52:00,1.04,1.05,100.0,230.0,26.0,36.0
1485,2024-04-07 20:52:04,1.04,1.05,100.0,230.0,26.0,36.0
1486,2024-04-07 20:52:07,1.04,1.05,100.0,230.0,23.0,26.0
1487,2024-04-07 20:52:11,1.04,1.05,100.0,230.0,23.0,26.0
1488,2024-04-07 20:52:14,1.04,1.05,100.0,230.0,23.0,26.0
1489,2024-04-07 20:52:18,1.04,1.05,100.0,230.0,23.0,26.0
1490,2024-04-07 20:52:22,1.04,1.05,100.0,230.0,23.0,26.0
1491,2024-04-07 20:52:26,1.04,1.05,100.0,230.0,23.0,26.0
1492,2024-04-07 20:52:30,1.04,1.05,100.0,230.0,23.0,26.0
1493,2024-04-07 20:52:33,1.04,1.05,100.0,230.0,23.0,26.0
1494,2024-04-07 20:52:37,1.04,1.05,100.0,230.0,23.0,26.0
1495,2024-04-07 20:52:41,1.04,1.05,100.0,230.0,23.0,26.0
1496,2024-04-07 20:52:45,1.04,1.05,100.0,230.0,23.0,26.0
1497,2024-04-07 20:52:48,1.04,1.05,100.0,230.0,23.0,26.0
1498,2024-04-07 20:52:52,1.04,1.05,100.0,230.0,23.0,26.0
1499,2024-04-07 20:52:55,1.04,1.05,100.0,230.0,23.0,26.0
1500,2024-04-07 20:52:59,1.04,1.05,100.0,230.0,23.0,26.0
1501,2024-04-07 20:53:03,1.04,1.05,100.0,230.0,23.0,26.0
1502,2024-04-07 20:53:06,1.04,1.05,100.0,230.0,25.0,26.0
1503,2024-04-07 20:53:10,1.03,1.05,100.0,990.0,25.0,36.0
1504,2024-04-07 20:53:13,1.03,1.05,100.0,990.0,26.0,36.0
1505,2024-04-07 20:53:17,1.03,1.05,100.0,260.0,26.0,36.0
1506,2024-04-07 20:53:21,1.03,1.05,100.0,260.0,26.0,36.0
1507,2024-04-07 20:53:24,1.03,1.05,100.0,240.0,26.0,36.0
1508,2024-04-07 20:53:27,1.03,1.05,100.0,240.0,26.0,36.0
1509,2024-04-07 20:53:31,1.03,1.05,100.0,240.0,26.0,36.0
1510,2024-04-07 20:53:35,1.03,1.05,100.0,240.0,26.0,36.0
1511,2024-04-07 20:53:38,1.03,1.05,100.0,240.0,26.0,36.0
1512,2024-04-07 20:53:42,1.03,1.05,100.0,240.0,26.0,36.0
1513,2024-04-07 20:53:45,1.03,1.05,100.0,240.0,26.0,36.0
1514,2024-04-07 20:53:49,1.03,1.05,100.0,240.0,26.0,36.0
1515,2024-04-07 20:53:53,1.03,1.05,100.0,240.0,26.0,36.0
1516,2024-04-07 20:53:56,1.03,1.05,100.0,240.0,26.0,36.0
1517,2024-04-07 20:53:59,1.03,1.05,100.0,240.0,26.0,36.0
1518,2024-04-07 20:54:03,1.03,1.05,100.0,240.0,24.0,36.0
1519,2024-04-07 20:54:06,1.03,1.05,100.0,240.0,24.0,36.0
1520,2024-04-07 20:54:10,1.03,1.05,100.0,240.0,24.0,36.0
1521,2024-04-07 20:54:14,1.03,1.05,100.0,240.0,24.0,36.0
1522,2024-04-07 20:54:18,1.03,1.04,100.0,240.0,27.0,36.0
1523,2024-04-07 20:54:21,1.03,1.04,100.0,240.0,27.0,36.0
1524,2024-04-07 20:54:25,1.03,1.04,100.0,240.0,27.0,36.0
1525,2024-04-07 20:54:28,1.03,1.04,100.0,240.0,27.0,36.0
1526,2024-04-07 20:54:31,1.03,1.04,100.0,240.0,27.0,36.0
1527,2024-04-07 20:54:35,1.03,1.04,100.0,240.0,27.0,36.0
1528,2024-04-07 20:54:38,1.03,1.04,100.0,240.0,27.0,36.0
1529,2024-04-07 20:54:42,1.03,1.04,100.0,240.0,27.0,36.0
1530,2024-04-07 20:54:46,1.03,1.04,100.0,240.0,27.0,36.0
1531,2024-04-07 20:54:50,1.03,1.04,100.0,240.0,27.0,36.0
1532,2024-04-07 20:54:54,1.03,1.04,100.0,240.0,27.0,36.0
1533,2024-04-07 20:54:57,1.03,1.05,100.0,240.0,27.0,36.0
1534,2024-04-07 20:55:01,1.03,1.05,100.0,240.0,27.0,36.0
1535,2024-04-07 20:55:05,1.03,1.05,100.0,240.0,24.0,36.0
1536,2024-04-07 20:55:08,1.03,1.05,100.0,240.0,24.0,36.0
1537,2024-04-07 20:55:12,1.03,1.05,100.0,240.0,24.0,36.0
1538,2024-04-07 20:55:15,1.03,1.04,100.0,240.0,26.0,36.0
1539,2024-04-07 20:55:19,1.03,1.05,100.0,240.0,24.0,36.0
1540,2024-04-07 20:55:22,1.03,1.05,100.0,240.0,24.0,36.0
1541,2024-04-07 20:55:26,1.03,1.05,100.0,240.0,24.0,36.0
1542,2024-04-07 20:55:30,1.03,1.05,100.0,240.0,26.0,36.0
1543,2024-04-07 20:55:33,1.03,1.04,100.0,240.0,26.0,36.0
1544,2024-04-07 20:55:37,1.03,1.04,100.0,240.0,27.0,36.0
1545,2024-04-07 20:55:40,1.03,1.04,100.0,240.0,27.0,36.0
1546,2024-04-07 20:55:43,1.03,1.04,100.0,240.0,27.0,36.0
1547,2024-04-07 20:55:46,1.03,1.04,100.0,240.0,27.0,36.0
1548,2024-04-07 20:55:49,1.03,1.04,100.0,240.0,27.0,36.0
1549,2024-04-07 20:55:52,1.03,1.04,100.0,240.0,27.0,36.0
1550,2024-04-07 20:55:56,1.03,1.04,100.0,240.0,27.0,36.0
1551,2024-04-07 20:55:59,1.03,1.04,100.0,240.0,27.0,36.0
1552,2024-04-07 20:56:02,1.03,1.04,100.0,240.0,27.0,36.0
1553,2024-04-07 20:56:05,1.03,1.04,100.0,240.0,27.0,36.0
1554,2024-04-07 20:56:08,1.03,1.04,100.0,240.0,27.0,36.0
1555,2024-04-07 20:56:11,1.03,1.04,100.0,240.0,27.0,36.0
1556,2024-04-07 20:56:14,1.03,1.04,100.0,240.0,27.0,36.0
1557,2024-04-07 20:56:17,1.03,1.05,100.0,240.0,24.0,36.0
1558,2024-04-07 20:56:21,1.03,1.05,100.0,240.0,24.0,36.0
1559,2024-04-07 20:56:24,1.03,1.05,100.0,240.0,24.0,36.0
1560,2024-04-07 20:56:27,1.03,1.05,100.0,240.0,25.0,36.0
1561,2024-04-07 20:56:30,1.03,1.05,100.0,240.0,25.0,36.0
1562,2024-04-07 20:56:33,1.03,1.05,100.0,240.0,25.0,36.0
1563,2024-04-07 20:56:36,1.03,1.05,100.0,240.0,25.0,36.0
1564,2024-04-07 20:56:39,1.03,1.05,100.0,240.0,25.0,36.0
1565,2024-04-07 20:56:42,1.03,1.05,100.0,240.0,25.0,36.0
1566,2024-04-07 20:56:45,1.03,1.05,100.0,240.0,25.0,36.0
1567,2024-04-07 20:56:49,1.03,1.05,100.0,240.0,25.0,36.0
1568,2024-04-07 20:56:51,1.03,1.05,100.0,240.0,25.0,36.0
1569,2024-04-07 20:56:55,1.03,1.04,100.0,240.0,26.0,36.0
1570,2024-04-07 20:56:58,1.03,1.04,100.0,240.0,26.0,36.0
1571,2024-04-07 20:57:00,1.03,1.04,100.0,240.0,27.0,36.0
1572,2024-04-07 20:57:03,1.03,1.04,100.0,240.0,27.0,36.0
1573,2024-04-07 20:57:06,1.03,1.04,100.0,240.0,27.0,36.0
1574,2024-04-07 20:57:09,1.03,1.04,100.0,240.0,27.0,36.0
1575,2024-04-07 20:57:13,1.03,1.04,100.0,240.0,27.0,36.0
1576,2024-04-07 20:57:16,1.03,1.04,100.0,240.0,27.0,36.0
1577,2024-04-07 20:57:19,1.03,1.04,100.0,240.0,27.0,36.0
1578,2024-04-07 20:57:22,1.03,1.04,100.0,240.0,27.0,36.0
1579,2024-04-07 20:57:25,1.03,1.04,100.0,240.0,27.0,36.0
1580,2024-04-07 20:57:28,1.03,1.04,100.0,240.0,27.0,36.0
1581,2024-04-07 20:57:32,1.03,1.04,100.0,240.0,27.0,36.0
1582,2024-04-07 20:57:35,1.03,1.04,100.0,240.0,27.0,36.0
1583,2024-04-07 20:57:38,1.03,1.04,100.0,990.0,27.0,36.0
1584,2024-04-07 20:57:41,1.03,1.04,100.0,990.0,27.0,36.0
1585,2024-04-07 20:57:44,1.03,1.04,100.0,310.0,27.0,36.0
1586,2024-04-07 20:57:47,1.03,1.04,100.0,310.0,27.0,36.0
1587,2024-04-07 20:57:50,1.03,1.04,100.0,290.0,27.0,36.0
1588,2024-04-07 20:57:54,1.03,1.04,100.0,290.0,27.0,36.0
1589,2024-04-07 20:57:56,1.03,1.04,100.0,290.0,27.0,36.0
1590,2024-04-07 20:57:59,1.03,1.04,100.0,290.0,27.0,36.0
1591,2024-04-07 20:58:02,1.03,1.04,100.0,290.0,27.0,36.0
1592,2024-04-07 20:58:05,1.03,1.04,100.0,290.0,27.0,36.0
1593,2024-04-07 20:58:09,1.03,1.04,100.0,290.0,27.0,36.0
1594,2024-04-07 20:58:11,1.03,1.04,100.0,280.0,27.0,36.0
1595,2024-04-07 20:58:14,1.03,1.04,100.0,280.0,27.0,36.0
1596,2024-04-07 20:58:18,1.03,1.04,100.0,280.0,27.0,36.0
1597,2024-04-07 20:58:21,1.03,1.04,100.0,280.0,27.0,36.0
1598,2024-04-07 20:58:24,1.03,1.04,100.0,280.0,27.0,36.0
1599,2024-04-07 20:58:28,1.03,1.04,100.0,280.0,27.0,36.0
1600,2024-04-07 20:58:30,1.03,1.04,100.0,280.0,27.0,36.0
1601,2024-04-07 20:58:32,1.03,1.04,100.0,280.0,27.0,36.0
1602,2024-04-07 20:58:35,1.03,1.04,100.0,280.0,27.0,36.0
1603,2024-04-07 20:58:37,1.03,1.04,100.0,280.0,27.0,36.0
1604,2024-04-07 20:58:40,1.03,1.04,100.0,280.0,28.0,36.0
1605,2024-04-07 20:58:42,1.03,1.04,100.0,280.0,28.0,36.0
1606,2024-04-07 20:58:45,1.03,1.04,100.0,280.0,28.0,36.0
1607,2024-04-07 20:58:48,1.03,1.04,100.0,280.0,28.0,36.0
1608,2024-04-07 20:58:50,1.03,1.04,100.0,280.0,28.0,36.0
1609,2024-04-07 20:58:53,1.03,1.04,100.0,280.0,28.0,36.0
1610,2024-04-07 20:58:55,1.03,1.04,100.0,280.0,28.0,36.0
1611,2024-04-07 20:58:58,1.03,1.04,100.0,280.0,28.0,36.0
1612,2024-04-07 20:59:00,1.03,1.05,100.0,280.0,25.0,36.0
1613,2024-04-07 20:59:03,1.03,1.05,100.0,280.0,26.0,36.0
1614,2024-04-07 20:59:06,1.03,1.04,100.0,280.0,28.0,36.0
1615,2024-04-07 20:59:08,1.03,1.04,100.0,280.0,28.0,36.0
1616,2024-04-07 20:59:10,1.03,1.04,100.0,280.0,29.0,36.0
1617,2024-04-07 20:59:13,1.03,1.04,100.0,280.0,29.0,36.0
1618,2024-04-07 20:59:15,1.03,1.04,100.0,280.0,29.0,36.0
1619,2024-04-07 20:59:17,1.03,1.04,100.0,280.0,29.0,36.0
1620,2024-04-07 20:59:20,1.03,1.04,100.0,280.0,29.0,36.0
1621,2024-04-07 20:59:23,1.03,1.04,100.0,280.0,29.0,36.0
1622,2024-04-07 20:59:25,1.03,1.04,100.0,280.0,29.0,36.0
1623,2024-04-07 20:59:28,1.03,1.04,100.0,280.0,29.0,36.0
1624,2024-04-07 20:59:31,1.03,1.04,100.0,280.0,29.0,36.0
1625,2024-04-07 20:59:34,1.03,1.04,100.0,280.0,29.0,36.0
1626,2024-04-07 20:59:36,1.03,1.04,100.0,280.0,29.0,36.0
1627,2024-04-07 20:59:38,1.03,1.04,100.0,990.0,29.0,36.0
1628,2024-04-07 20:59:41,1.03,1.04,100.0,990.0,29.0,36.0
1629,2024-04-07 20:59:43,1.03,1.04,100.0,330.0,29.0,36.0
1630,2024-04-07 20:59:46,1.03,1.04,100.0,330.0,29.0,36.0
1631,2024-04-07 20:59:48,1.03,1.04,100.0,330.0,29.0,36.0
1632,2024-04-07 20:59:50,1.03,1.04,100.0,330.0,29.0,36.0
1633,2024-04-07 20:59:52,1.03,1.04,100.0,330.0,29.0,36.0
1634,2024-04-07 20:59:55,1.03,1.04,100.0,330.0,29.0,36.0
1635,2024-04-07 20:59:57,1.03,1.04,100.0,330.0,29.0,36.0
1636,2024-04-07 20:59:59,1.03,1.04,100.0,330.0,29.0,36.0
1637,2024-04-07 21:00:02,1.03,1.04,100.0,330.0,29.0,36.0
1638,2024-04-07 21:00:04,1.03,1.04,100.0,330.0,29.0,36.0
1639,2024-04-07 21:00:06,1.03,1.04,100.0,330.0,29.0,36.0
1640,2024-04-07 21:00:09,1.03,1.04,100.0,330.0,29.0,36.0
1641,2024-04-07 21:00:11,1.03,1.04,100.0,330.0,29.0,36.0
1642,2024-04-07 21:00:13,1.03,1.04,100.0,330.0,29.0,36.0
1643,2024-04-07 21:00:16,1.03,1.04,100.0,330.0,29.0,36.0
1644,2024-04-07 21:00:19,1.03,1.04,100.0,330.0,29.0,36.0
1645,2024-04-07 21:00:21,1.03,1.04,100.0,330.0,29.0,36.0
1646,2024-04-07 21:00:26,1.03,1.04,100.0,330.0,29.0,36.0
1647,2024-04-07 21:00:29,1.03,1.04,100.0,330.0,29.0,36.0
1648,2024-04-07 21:00:32,1.03,1.04,50.0,330.0,29.0,36.0
1649,2024-04-07 21:00:34,1.03,1.04,50.0,330.0,29.0,36.0
1650,2024-04-07 21:00:37,1.03,1.04,21.0,990.0,28.0,36.0
1651,2024-04-07 21:00:39,1.03,1.04,220.0,990.0,28.0,36.0
1652,2024-04-07 21:00:42,1.03,1.04,220.0,990.0,28.0,36.0
1653,2024-04-07 21:00:44,1.03,1.04,220.0,360.0,28.0,36.0
1654,2024-04-07 21:00:47,1.03,1.04,220.0,360.0,28.0,36.0
1655,2024-04-07 21:00:49,1.03,1.04,220.0,990.0,28.0,36.0
1656,2024-04-07 21:00:52,1.03,1.04,220.0,990.0,28.0,36.0
1657,2024-04-07 21:00:54,1.03,1.04,220.0,990.0,28.0,36.0
1658,2024-04-07 21:00:57,1.03,1.04,220.0,330.0,28.0,36.0
1659,2024-04-07 21:00:59,1.03,1.04,220.0,330.0,28.0,36.0
1660,2024-04-07 21:01:01,1.03,1.04,220.0,330.0,28.0,36.0
1661,2024-04-07 21:01:04,1.03,1.04,220.0,330.0,28.0,36.0
1662,2024-04-07 21:01:07,1.03,1.04,220.0,330.0,28.0,36.0
1663,2024-04-07 21:01:09,1.03,1.04,220.0,330.0,28.0,36.0
1664,2024-04-07 21:01:11,1.03,1.04,220.0,330.0,28.0,36.0
1665,2024-04-07 21:01:14,1.03,1.05,42.0,330.0,25.0,36.0
1666,2024-04-07 21:01:17,1.03,1.05,42.0,330.0,25.0,36.0
1667,2024-04-07 21:01:19,1.03,1.05,140.0,330.0,25.0,36.0
1668,2024-04-07 21:01:22,1.03,1.05,140.0,330.0,25.0,36.0
1669,2024-04-07 21:01:25,1.03,1.05,140.0,330.0,25.0,36.0
1670,2024-04-07 21:01:28,1.03,1.05,140.0,330.0,26.0,36.0
1671,2024-04-07 21:01:31,1.03,1.05,140.0,330.0,26.0,36.0
1672,2024-04-07 21:01:33,1.03,1.05,140.0,330.0,26.0,36.0
1673,2024-04-07 21:01:36,1.03,1.05,140.0,330.0,26.0,36.0
1674,2024-04-07 21:01:39,1.03,1.05,140.0,330.0,26.0,36.0
1675,2024-04-07 21:01:41,1.03,1.05,140.0,330.0,26.0,36.0
1676,2024-04-07 21:01:44,1.03,1.05,140.0,330.0,26.0,36.0
1677,2024-04-07 21:01:47,1.03,1.05,140.0,330.0,26.0,36.0
1678,2024-04-07 21:01:49,1.03,1.05,140.0,330.0,26.0,36.0
1679,2024-04-07 21:01:52,1.03,1.05,140.0,330.0,26.0,36.0
1680,2024-04-07 21:01:55,1.03,1.05,140.0,330.0,26.0,36.0
1681,2024-04-07 21:01:57,1.03,1.05,140.0,330.0,26.0,36.0
1682,2024-04-07 21:02:00,1.03,1.05,140.0,330.0,26.0,36.0
1683,2024-04-07 21:02:02,1.03,1.05,140.0,330.0,26.0,36.0
1684,2024-04-07 21:02:05,1.03,1.05,140.0,330.0,26.0,36.0
1685,2024-04-07 21:02:07,1.03,1.05,140.0,330.0,26.0,36.0
1686,2024-04-07 21:02:10,1.03,1.05,140.0,330.0,26.0,36.0
