,rowIndex,matchOddsTime,Lyon_back,Lyon_lay,Nantes_back,Nantes_lay,drawBackPrice,drawLayPrice
1,2024-04-07 19:45:01,0.0,990.0,0.0,990.0,0.0,990.0
2,2024-04-07 19:45:01,0.0,990.0,0.0,990.0,0.0,990.0
3,2024-04-07 19:45:02,0.0,990.0,0.0,990.0,0.0,990.0
4,2024-04-07 19:45:02,0.0,990.0,0.0,990.0,0.0,990.0
5,2024-04-07 19:45:02,0.0,990.0,0.0,990.0,0.0,990.0
6,2024-04-07 19:45:02,0.0,990.0,0.0,990.0,0.0,990.0
7,2024-04-07 19:45:03,0.0,990.0,0.0,990.0,0.0,990.0
8,2024-04-07 19:45:03,0.0,990.0,0.0,990.0,0.0,990.0
9,2024-04-07 19:45:03,0.0,990.0,0.0,990.0,0.0,990.0
10,2024-04-07 19:45:04,0.0,990.0,0.0,990.0,0.0,990.0
11,2024-04-07 19:45:04,0.0,990.0,0.0,990.0,0.0,990.0
12,2024-04-07 19:45:04,0.0,990.0,0.0,990.0,0.0,990.0
13,2024-04-07 19:45:05,0.0,990.0,0.0,990.0,0.0,990.0
14,2024-04-07 19:45:05,0.0,990.0,0.0,990.0,0.0,990.0
15,2024-04-07 19:45:05,0.0,990.0,0.0,990.0,0.0,990.0
16,2024-04-07 19:45:05,0.0,990.0,0.0,990.0,0.0,990.0
17,2024-04-07 19:45:06,0.0,990.0,0.0,990.0,0.0,990.0
18,2024-04-07 19:45:06,0.0,990.0,0.0,990.0,0.0,990.0
19,2024-04-07 19:45:06,0.0,990.0,0.0,990.0,0.0,990.0
20,2024-04-07 19:45:07,0.0,990.0,0.0,990.0,0.0,990.0
21,2024-04-07 19:45:07,0.0,990.0,0.0,990.0,0.0,990.0
22,2024-04-07 19:45:07,0.0,990.0,0.0,990.0,0.0,990.0
23,2024-04-07 19:45:07,0.0,990.0,0.0,990.0,0.0,990.0
24,2024-04-07 19:45:08,0.0,990.0,0.0,990.0,0.0,990.0
25,2024-04-07 19:45:08,0.0,990.0,0.0,990.0,0.0,990.0
26,2024-04-07 19:45:08,0.0,990.0,0.0,990.0,0.0,990.0
27,2024-04-07 19:45:09,1.09,990.0,1.09,990.0,0.0,11.5
28,2024-04-07 19:45:09,1.09,990.0,1.09,990.0,0.0,11.5
29,2024-04-07 19:45:09,0.0,990.0,0.0,990.0,0.0,990.0
30,2024-04-07 19:45:10,0.0,990.0,0.0,990.0,0.0,990.0
31,2024-04-07 19:45:10,0.0,990.0,0.0,990.0,0.0,990.0
32,2024-04-07 19:45:10,0.0,990.0,0.0,990.0,0.0,990.0
33,2024-04-07 19:45:10,0.0,990.0,0.0,990.0,0.0,990.0
34,2024-04-07 19:45:11,0.0,990.0,0.0,990.0,0.0,990.0
35,2024-04-07 19:45:11,0.0,990.0,0.0,990.0,0.0,990.0
36,2024-04-07 19:45:11,0.0,990.0,0.0,990.0,0.0,990.0
37,2024-04-07 19:45:12,0.0,990.0,0.0,990.0,0.0,990.0
38,2024-04-07 19:45:12,0.0,990.0,0.0,990.0,0.0,990.0
39,2024-04-07 19:45:12,0.0,990.0,0.0,990.0,0.0,990.0
40,2024-04-07 19:45:12,0.0,990.0,0.0,990.0,0.0,990.0
41,2024-04-07 19:45:13,0.0,990.0,0.0,990.0,0.0,990.0
42,2024-04-07 19:45:13,0.0,990.0,0.0,990.0,0.0,990.0
43,2024-04-07 19:45:13,0.0,990.0,0.0,990.0,0.0,990.0
44,2024-04-07 19:45:14,0.0,990.0,0.0,990.0,0.0,990.0
45,2024-04-07 19:45:14,0.0,990.0,0.0,990.0,0.0,990.0
46,2024-04-07 19:45:14,0.0,990.0,0.0,990.0,0.0,990.0
47,2024-04-07 19:45:15,0.0,990.0,0.0,990.0,0.0,990.0
48,2024-04-07 19:45:15,0.0,990.0,0.0,990.0,0.0,990.0
49,2024-04-07 19:45:15,0.0,990.0,0.0,990.0,0.0,990.0
50,2024-04-07 19:45:15,0.0,990.0,0.0,990.0,0.0,990.0
51,2024-04-07 19:45:16,0.0,990.0,0.0,990.0,0.0,990.0
52,2024-04-07 19:45:16,0.0,990.0,0.0,990.0,0.0,990.0
53,2024-04-07 19:45:16,0.0,990.0,0.0,990.0,0.0,990.0
54,2024-04-07 19:45:17,0.0,990.0,0.0,990.0,0.0,990.0
55,2024-04-07 19:45:17,0.0,990.0,0.0,990.0,0.0,990.0
56,2024-04-07 19:45:17,0.0,990.0,0.0,990.0,0.0,990.0
57,2024-04-07 19:45:17,0.0,990.0,0.0,990.0,0.0,990.0
58,2024-04-07 19:45:18,1.09,990.0,1.09,990.0,0.0,12.0
59,2024-04-07 19:45:18,1.09,990.0,1.09,990.0,0.0,12.0
60,2024-04-07 19:45:18,1.09,990.0,1.09,990.0,0.0,12.0
61,2024-04-07 19:45:19,1.09,990.0,1.09,990.0,0.0,12.0
62,2024-04-07 19:45:19,1.09,990.0,1.09,990.0,0.0,12.0
63,2024-04-07 19:45:19,1.09,990.0,1.09,990.0,0.0,12.0
64,2024-04-07 19:45:20,1.09,990.0,1.09,990.0,0.0,12.0
65,2024-04-07 19:45:20,1.09,990.0,1.09,990.0,0.0,12.0
66,2024-04-07 19:45:20,1.09,990.0,1.09,990.0,0.0,12.0
67,2024-04-07 19:45:20,1.09,990.0,1.09,990.0,0.0,12.0
68,2024-04-07 19:45:21,1.09,990.0,1.09,990.0,0.0,12.0
69,2024-04-07 19:45:21,1.09,990.0,1.09,990.0,0.0,12.0
70,2024-04-07 19:45:21,1.09,990.0,1.09,990.0,0.0,12.0
71,2024-04-07 19:45:22,1.09,990.0,1.09,990.0,0.0,12.0
72,2024-04-07 19:45:22,1.09,990.0,1.09,990.0,0.0,12.0
73,2024-04-07 19:45:22,1.09,990.0,1.09,990.0,0.0,12.0
74,2024-04-07 19:45:22,1.09,990.0,1.09,990.0,0.0,12.0
75,2024-04-07 19:45:23,1.09,990.0,1.09,990.0,0.0,12.0
76,2024-04-07 19:45:23,1.09,990.0,1.09,990.0,0.0,12.0
77,2024-04-07 19:45:23,1.09,990.0,1.09,990.0,0.0,12.0
78,2024-04-07 19:45:24,1.09,990.0,1.09,990.0,0.0,12.0
79,2024-04-07 19:45:24,1.09,990.0,1.09,990.0,0.0,12.0
80,2024-04-07 19:45:24,1.09,990.0,1.09,990.0,0.0,12.0
81,2024-04-07 19:45:25,1.09,990.0,1.09,990.0,0.0,12.0
82,2024-04-07 19:45:25,1.09,990.0,1.09,990.0,0.0,12.0
83,2024-04-07 19:45:25,1.09,990.0,1.09,990.0,0.0,12.0
84,2024-04-07 19:45:25,1.09,990.0,1.09,990.0,0.0,12.0
85,2024-04-07 19:45:26,1.09,990.0,1.09,990.0,0.0,12.0
86,2024-04-07 19:45:26,1.09,990.0,1.09,990.0,0.0,12.0
87,2024-04-07 19:45:26,1.09,990.0,1.09,990.0,0.0,12.0
88,2024-04-07 19:45:27,1.09,990.0,1.09,990.0,0.0,12.0
89,2024-04-07 19:45:27,1.09,990.0,1.09,990.0,0.0,12.0
90,2024-04-07 19:45:27,1.09,990.0,1.09,990.0,0.0,12.0
91,2024-04-07 19:45:28,1.09,990.0,1.09,990.0,0.0,12.0
92,2024-04-07 19:45:28,1.09,990.0,1.09,990.0,0.0,12.0
93,2024-04-07 19:45:28,0.0,990.0,0.0,990.0,0.0,990.0
94,2024-04-07 19:45:28,0.0,990.0,0.0,990.0,0.0,990.0
95,2024-04-07 19:45:29,0.0,990.0,0.0,990.0,0.0,990.0
96,2024-04-07 19:45:29,0.0,990.0,0.0,990.0,0.0,990.0
97,2024-04-07 19:45:29,0.0,990.0,0.0,990.0,0.0,990.0
98,2024-04-07 19:45:30,0.0,990.0,0.0,990.0,0.0,990.0
99,2024-04-07 19:45:30,0.0,990.0,0.0,990.0,0.0,990.0
100,2024-04-07 19:45:30,0.0,990.0,0.0,990.0,0.0,990.0
101,2024-04-07 19:45:30,0.0,990.0,0.0,990.0,0.0,990.0
102,2024-04-07 19:45:31,0.0,990.0,0.0,990.0,0.0,990.0
103,2024-04-07 19:45:31,0.0,990.0,0.0,990.0,0.0,990.0
104,2024-04-07 19:45:31,0.0,990.0,0.0,990.0,0.0,990.0
105,2024-04-07 19:45:32,0.0,990.0,0.0,990.0,0.0,990.0
106,2024-04-07 19:45:32,0.0,990.0,0.0,990.0,0.0,990.0
107,2024-04-07 19:45:32,0.0,990.0,0.0,990.0,0.0,990.0
108,2024-04-07 19:45:33,0.0,990.0,0.0,990.0,0.0,990.0
109,2024-04-07 19:45:33,0.0,990.0,0.0,990.0,0.0,990.0
110,2024-04-07 19:45:33,0.0,990.0,0.0,990.0,0.0,990.0
111,2024-04-07 19:45:33,0.0,1.25,8.4,990.0,5.0,990.0
112,2024-04-07 19:45:34,0.0,1.25,8.4,990.0,5.0,990.0
113,2024-04-07 19:45:34,0.0,1.25,8.4,990.0,5.0,990.0
114,2024-04-07 19:45:34,0.0,1.25,8.4,990.0,5.0,990.0
115,2024-04-07 19:45:35,1.33,1.45,8.4,21.0,5.0,6.6
116,2024-04-07 19:45:35,1.33,1.45,8.4,21.0,5.0,6.6
117,2024-04-07 19:45:35,1.33,1.45,8.4,21.0,5.0,6.6
118,2024-04-07 19:45:35,1.33,1.45,8.4,11.5,5.0,6.6
119,2024-04-07 19:45:36,1.33,1.45,8.4,11.5,5.0,6.6
120,2024-04-07 19:45:36,1.33,1.45,8.4,11.5,5.0,6.6
121,2024-04-07 19:45:36,1.33,1.45,8.4,11.5,5.0,6.6
122,2024-04-07 19:45:37,1.33,1.45,8.4,11.5,5.0,6.6
123,2024-04-07 19:45:37,1.33,1.45,8.4,11.5,5.0,6.6
124,2024-04-07 19:45:37,1.33,1.45,8.4,11.5,5.0,6.6
125,2024-04-07 19:45:38,1.33,1.45,8.4,11.5,5.0,6.6
126,2024-04-07 19:45:38,1.33,1.45,8.4,11.5,5.0,6.6
127,2024-04-07 19:45:38,1.33,1.45,8.4,11.5,5.0,6.6
128,2024-04-07 19:45:38,1.33,1.45,8.4,11.5,5.0,6.6
129,2024-04-07 19:45:39,1.33,1.45,8.4,11.5,5.0,6.6
130,2024-04-07 19:45:39,1.33,1.45,8.4,11.5,5.0,6.6
131,2024-04-07 19:45:39,1.33,1.45,8.4,11.5,5.0,6.6
132,2024-04-07 19:45:40,1.33,1.45,8.4,11.5,5.0,6.6
133,2024-04-07 19:45:40,1.33,1.45,8.4,11.5,5.0,6.6
134,2024-04-07 19:45:40,1.33,1.45,8.4,11.5,5.0,6.6
135,2024-04-07 19:45:40,1.33,1.45,8.4,11.5,5.0,6.6
136,2024-04-07 19:45:41,1.33,1.45,8.4,11.5,5.0,6.6
137,2024-04-07 19:45:41,1.33,1.45,8.4,11.5,5.0,6.6
138,2024-04-07 19:45:41,1.33,1.45,8.4,11.5,5.0,6.6
139,2024-04-07 19:45:42,1.33,1.45,8.4,11.5,5.0,6.6
140,2024-04-07 19:45:42,1.33,1.45,8.4,11.5,5.0,6.6
141,2024-04-07 19:45:42,1.33,1.45,8.4,11.5,5.0,6.6
142,2024-04-07 19:45:43,1.33,1.45,8.4,11.5,5.0,6.4
143,2024-04-07 19:45:43,1.33,1.45,8.4,11.5,5.0,6.4
144,2024-04-07 19:45:43,1.33,1.45,8.4,11.5,5.0,6.4
145,2024-04-07 19:45:43,1.33,1.45,8.4,11.5,5.0,6.4
146,2024-04-07 19:45:44,1.33,1.45,8.4,11.5,5.0,6.4
147,2024-04-07 19:45:44,1.33,1.45,8.4,11.5,5.0,6.4
148,2024-04-07 19:45:44,1.33,1.45,8.4,11.5,5.0,6.4
149,2024-04-07 19:45:45,1.33,1.45,8.4,11.5,5.0,6.4
150,2024-04-07 19:45:45,1.33,1.45,8.4,11.5,5.0,6.4
151,2024-04-07 19:45:45,1.33,1.45,8.4,11.5,5.0,6.4
152,2024-04-07 19:45:46,1.33,1.45,8.4,11.5,5.0,6.4
153,2024-04-07 19:45:46,1.33,1.45,8.4,11.5,5.0,6.4
154,2024-04-07 19:45:46,1.33,1.45,8.4,11.5,5.0,6.4
155,2024-04-07 19:45:46,1.33,1.45,8.4,11.5,5.0,6.4
156,2024-04-07 19:45:47,1.33,1.45,8.4,11.5,5.0,6.4
157,2024-04-07 19:45:47,1.33,1.45,8.4,11.5,5.0,6.4
158,2024-04-07 19:45:47,1.33,1.45,8.4,11.5,5.0,6.4
159,2024-04-07 19:45:48,1.33,1.45,8.4,11.5,5.0,6.4
160,2024-04-07 19:45:48,1.33,1.45,8.4,11.5,5.0,6.4
161,2024-04-07 19:45:48,1.33,1.45,8.4,11.5,5.0,6.4
162,2024-04-07 19:45:49,1.33,1.45,8.4,11.5,5.0,6.4
163,2024-04-07 19:45:49,1.33,1.45,8.4,11.5,5.0,6.4
164,2024-04-07 19:45:49,1.33,1.45,8.4,11.5,5.0,6.4
165,2024-04-07 19:45:49,1.33,1.45,8.4,11.5,5.0,6.4
166,2024-04-07 19:45:50,1.33,1.45,8.4,11.5,5.0,6.4
167,2024-04-07 19:45:50,1.33,1.45,8.4,11.5,5.0,6.4
168,2024-04-07 19:45:50,1.33,1.45,8.4,11.5,5.0,6.4
169,2024-04-07 19:45:51,1.33,1.45,8.4,11.5,5.0,6.4
170,2024-04-07 19:45:51,1.33,1.45,8.4,11.5,5.0,6.4
171,2024-04-07 19:45:51,1.33,1.45,8.4,11.5,5.0,6.4
172,2024-04-07 19:45:52,1.33,1.45,8.4,11.5,5.0,6.4
173,2024-04-07 19:45:52,1.33,1.45,8.4,11.5,5.0,6.4
174,2024-04-07 19:45:52,1.33,1.45,8.4,11.5,5.0,6.4
175,2024-04-07 19:45:52,1.33,1.45,8.4,11.5,5.0,6.4
176,2024-04-07 19:45:53,1.33,1.45,8.4,11.5,5.0,6.4
177,2024-04-07 19:45:53,1.33,1.45,8.4,11.5,5.0,6.4
178,2024-04-07 19:45:53,1.33,1.45,8.4,11.5,5.0,6.4
179,2024-04-07 19:45:54,1.33,1.45,8.4,11.5,5.0,6.4
180,2024-04-07 19:45:54,1.33,1.45,8.4,11.5,5.0,6.4
181,2024-04-07 19:45:54,1.33,1.45,8.4,11.5,5.0,6.4
182,2024-04-07 19:45:54,1.33,1.45,8.4,11.5,5.0,6.4
183,2024-04-07 19:45:55,1.33,1.45,8.4,11.5,5.0,6.4
184,2024-04-07 19:45:55,1.33,1.45,8.4,11.5,5.0,6.4
185,2024-04-07 19:45:55,1.33,1.45,8.4,11.5,5.0,6.4
186,2024-04-07 19:45:56,1.33,1.45,8.4,11.5,5.0,6.4
187,2024-04-07 19:45:56,1.33,1.45,8.4,11.5,5.0,6.4
188,2024-04-07 19:45:56,1.33,1.45,8.4,11.5,5.0,6.4
189,2024-04-07 19:45:57,1.33,1.45,8.4,11.5,5.0,6.4
190,2024-04-07 19:45:57,1.33,1.45,8.4,11.5,5.0,6.4
191,2024-04-07 19:45:57,1.33,1.45,8.4,11.5,5.0,6.4
192,2024-04-07 19:45:57,1.33,1.45,8.4,11.5,5.0,6.4
193,2024-04-07 19:45:58,1.33,1.45,8.4,11.5,5.0,6.4
194,2024-04-07 19:45:58,1.33,1.45,8.4,11.5,5.0,6.4
195,2024-04-07 19:45:58,1.33,1.45,8.4,11.5,5.0,6.4
196,2024-04-07 19:45:59,1.33,1.45,8.4,11.5,5.0,6.4
197,2024-04-07 19:45:59,1.33,1.45,8.4,11.5,5.0,6.4
198,2024-04-07 19:45:59,1.33,1.45,8.4,11.5,5.0,6.4
199,2024-04-07 19:45:59,1.33,1.45,8.4,11.5,5.0,6.4
200,2024-04-07 19:46:00,1.33,1.45,8.4,11.5,5.0,6.4
201,2024-04-07 19:46:00,1.33,1.45,8.4,11.5,5.0,6.4
202,2024-04-07 19:46:00,1.33,1.45,8.4,11.5,5.0,6.4
203,2024-04-07 19:46:01,1.33,1.45,8.4,11.5,5.0,6.4
204,2024-04-07 19:46:01,1.33,1.45,8.4,11.5,5.0,6.4
205,2024-04-07 19:46:01,1.33,1.45,8.4,11.5,5.0,6.4
206,2024-04-07 19:46:02,1.33,1.45,8.4,11.5,5.0,6.4
207,2024-04-07 19:46:02,1.33,1.45,8.4,11.5,5.0,6.4
208,2024-04-07 19:46:02,1.33,1.45,8.4,11.5,5.0,6.4
209,2024-04-07 19:46:02,1.33,1.45,8.4,11.5,5.0,6.4
210,2024-04-07 19:46:03,1.33,1.45,8.4,11.5,5.0,6.4
211,2024-04-07 19:46:03,1.33,1.45,8.4,11.5,5.0,6.4
212,2024-04-07 19:46:03,1.33,1.45,8.4,11.5,5.0,6.4
213,2024-04-07 19:46:04,1.33,1.45,8.4,11.5,5.0,6.4
214,2024-04-07 19:46:04,1.33,1.45,8.4,11.5,5.0,6.4
215,2024-04-07 19:46:04,1.33,1.45,8.4,11.5,5.0,6.4
216,2024-04-07 19:46:05,1.33,1.45,8.4,11.5,5.0,6.4
217,2024-04-07 19:46:05,1.33,1.45,8.4,11.5,5.0,6.4
218,2024-04-07 19:46:05,1.33,1.45,8.4,11.5,5.0,6.4
219,2024-04-07 19:46:05,1.33,1.45,8.4,11.5,5.0,6.4
220,2024-04-07 19:46:06,1.33,1.45,8.4,11.5,5.0,6.4
221,2024-04-07 19:46:06,1.33,1.45,8.4,11.5,5.0,6.4
222,2024-04-07 19:46:06,1.33,1.45,8.4,11.5,5.0,6.4
223,2024-04-07 19:46:07,1.33,1.45,8.4,11.5,5.0,6.4
224,2024-04-07 19:46:07,1.33,1.45,8.4,11.5,5.0,6.4
225,2024-04-07 19:46:07,1.33,1.45,8.4,11.5,5.0,6.4
226,2024-04-07 19:46:07,1.33,1.45,8.4,11.5,5.0,6.4
227,2024-04-07 19:46:08,1.33,1.45,8.4,11.5,5.0,6.4
228,2024-04-07 19:46:08,1.33,1.45,8.4,11.5,5.0,6.4
229,2024-04-07 19:46:08,1.33,1.45,8.4,11.5,5.0,6.4
230,2024-04-07 19:46:09,1.33,1.45,8.4,11.5,5.0,6.4
231,2024-04-07 19:46:09,1.33,1.45,8.4,11.5,5.0,6.4
232,2024-04-07 19:46:09,1.33,1.45,8.4,11.5,5.0,6.4
233,2024-04-07 19:46:10,1.33,1.45,8.4,11.5,5.0,6.4
234,2024-04-07 19:46:10,1.33,1.45,8.4,11.5,5.0,6.4
235,2024-04-07 19:46:10,1.33,1.45,8.4,11.5,5.0,6.4
236,2024-04-07 19:46:10,1.33,1.45,8.4,11.5,5.0,6.4
237,2024-04-07 19:46:11,1.33,1.45,8.4,11.5,5.0,6.4
238,2024-04-07 19:46:11,1.33,1.45,8.4,11.5,5.0,6.4
239,2024-04-07 19:46:11,1.33,1.45,8.4,11.5,5.0,6.4
240,2024-04-07 19:46:12,1.33,1.45,8.4,11.5,5.0,6.4
241,2024-04-07 19:46:12,1.33,1.45,8.4,11.5,5.0,6.4
242,2024-04-07 19:46:12,1.33,1.45,8.4,11.5,5.0,6.4
243,2024-04-07 19:46:13,1.33,1.45,8.4,11.5,5.0,6.4
244,2024-04-07 19:46:13,1.33,1.45,8.4,11.5,5.0,6.4
245,2024-04-07 19:46:13,1.33,1.45,8.4,11.5,5.0,6.4
246,2024-04-07 19:46:13,1.33,1.45,8.4,11.5,5.0,6.4
247,2024-04-07 19:46:14,1.33,1.45,8.4,11.5,5.0,6.4
248,2024-04-07 19:46:14,1.33,1.45,8.4,11.5,5.0,6.4
249,2024-04-07 19:46:14,1.33,1.45,8.4,11.5,5.0,6.4
250,2024-04-07 19:46:15,1.33,1.45,8.4,11.5,5.0,6.4
251,2024-04-07 19:46:15,1.33,1.45,8.4,11.5,5.0,6.4
252,2024-04-07 19:46:15,1.33,1.45,8.4,11.5,5.0,6.4
253,2024-04-07 19:46:15,1.33,1.45,8.4,11.5,5.0,6.4
254,2024-04-07 19:46:16,1.33,1.45,8.4,11.5,5.0,6.4
255,2024-04-07 19:46:16,1.33,1.45,8.4,11.5,5.0,6.4
256,2024-04-07 19:46:16,1.33,1.45,8.4,11.5,5.0,6.4
257,2024-04-07 19:46:17,1.33,1.45,8.4,11.5,5.0,6.4
258,2024-04-07 19:46:17,1.33,1.45,8.4,11.5,5.0,6.4
259,2024-04-07 19:46:17,1.33,1.45,8.4,11.5,5.0,6.4
260,2024-04-07 19:46:18,1.33,1.45,8.4,11.5,5.0,6.4
261,2024-04-07 19:46:18,1.33,1.45,8.4,11.5,5.0,6.4
262,2024-04-07 19:46:18,1.33,1.45,8.4,11.5,5.0,6.4
263,2024-04-07 19:46:18,1.33,1.45,8.4,11.5,5.0,6.4
264,2024-04-07 19:46:19,1.33,1.45,8.4,11.5,5.0,6.4
265,2024-04-07 19:46:19,1.33,1.45,8.4,11.5,5.0,6.4
266,2024-04-07 19:46:19,1.33,1.45,8.4,11.5,5.0,6.4
267,2024-04-07 19:46:20,1.33,1.45,8.4,11.5,5.0,6.4
268,2024-04-07 19:46:20,1.33,1.45,8.4,11.5,5.0,6.4
269,2024-04-07 19:46:20,1.33,1.45,8.4,11.5,5.0,6.4
270,2024-04-07 19:46:21,1.33,1.45,8.4,11.5,5.0,6.4
271,2024-04-07 19:46:21,1.33,1.45,8.4,11.5,5.0,6.4
272,2024-04-07 19:46:21,1.33,1.45,8.4,11.5,5.0,6.4
273,2024-04-07 19:46:21,0.0,990.0,0.0,990.0,0.0,990.0
274,2024-04-07 19:46:22,0.0,990.0,0.0,990.0,0.0,990.0
275,2024-04-07 19:46:22,0.0,990.0,0.0,990.0,0.0,990.0
276,2024-04-07 19:46:22,0.0,990.0,0.0,990.0,0.0,990.0
277,2024-04-07 19:46:23,0.0,990.0,0.0,990.0,0.0,990.0
278,2024-04-07 19:46:23,0.0,990.0,0.0,990.0,0.0,990.0
279,2024-04-07 19:46:23,0.0,990.0,0.0,990.0,0.0,990.0
280,2024-04-07 19:46:23,0.0,990.0,0.0,990.0,0.0,990.0
281,2024-04-07 19:46:24,0.0,990.0,0.0,990.0,0.0,990.0
282,2024-04-07 19:46:24,0.0,990.0,0.0,990.0,0.0,990.0
283,2024-04-07 19:46:24,0.0,990.0,0.0,990.0,0.0,990.0
284,2024-04-07 19:46:25,0.0,990.0,0.0,990.0,0.0,990.0
285,2024-04-07 19:46:25,0.0,990.0,0.0,990.0,0.0,990.0
286,2024-04-07 19:46:25,0.0,990.0,0.0,990.0,0.0,990.0
287,2024-04-07 19:46:26,0.0,990.0,0.0,990.0,0.0,990.0
288,2024-04-07 19:46:26,0.0,990.0,0.0,990.0,0.0,990.0
289,2024-04-07 19:46:26,0.0,990.0,0.0,990.0,0.0,990.0
290,2024-04-07 19:46:26,0.0,990.0,0.0,990.0,0.0,990.0
291,2024-04-07 19:46:27,0.0,990.0,0.0,990.0,0.0,990.0
292,2024-04-07 19:46:27,0.0,990.0,0.0,990.0,0.0,990.0
293,2024-04-07 19:46:27,0.0,990.0,0.0,990.0,0.0,990.0
294,2024-04-07 19:46:28,0.0,990.0,0.0,990.0,0.0,990.0
295,2024-04-07 19:46:28,0.0,990.0,0.0,990.0,0.0,990.0
296,2024-04-07 19:46:28,0.0,990.0,0.0,990.0,0.0,990.0
297,2024-04-07 19:46:29,0.0,990.0,0.0,990.0,0.0,990.0
298,2024-04-07 19:46:29,0.0,990.0,0.0,990.0,0.0,990.0
299,2024-04-07 19:46:29,0.0,990.0,0.0,990.0,0.0,990.0
300,2024-04-07 19:46:29,0.0,990.0,0.0,990.0,0.0,990.0
301,2024-04-07 19:46:30,0.0,990.0,0.0,990.0,0.0,990.0
302,2024-04-07 19:46:30,0.0,990.0,0.0,990.0,0.0,990.0
303,2024-04-07 19:46:30,0.0,990.0,0.0,990.0,0.0,990.0
304,2024-04-07 19:46:31,0.0,990.0,0.0,990.0,0.0,990.0
305,2024-04-07 19:46:31,0.0,990.0,0.0,990.0,0.0,990.0
306,2024-04-07 19:46:31,0.0,990.0,0.0,990.0,0.0,990.0
307,2024-04-07 19:46:32,0.0,990.0,0.0,990.0,0.0,990.0
308,2024-04-07 19:46:32,0.0,990.0,0.0,990.0,0.0,990.0
309,2024-04-07 19:46:32,0.0,990.0,0.0,990.0,0.0,990.0
310,2024-04-07 19:46:32,0.0,990.0,0.0,990.0,0.0,990.0
311,2024-04-07 19:46:33,0.0,990.0,0.0,990.0,0.0,990.0
312,2024-04-07 19:46:33,0.0,990.0,0.0,990.0,0.0,990.0
313,2024-04-07 19:46:33,0.0,990.0,0.0,990.0,0.0,990.0
314,2024-04-07 19:46:34,0.0,990.0,0.0,990.0,0.0,990.0
315,2024-04-07 19:46:34,0.0,990.0,0.0,990.0,0.0,990.0
316,2024-04-07 19:46:34,0.0,990.0,0.0,990.0,0.0,990.0
317,2024-04-07 19:46:35,0.0,990.0,0.0,990.0,0.0,990.0
318,2024-04-07 19:46:35,0.0,990.0,0.0,990.0,0.0,990.0
319,2024-04-07 19:46:35,0.0,990.0,0.0,990.0,0.0,990.0
320,2024-04-07 19:46:35,0.0,990.0,0.0,990.0,0.0,990.0
321,2024-04-07 19:46:36,0.0,990.0,0.0,990.0,0.0,990.0
322,2024-04-07 19:46:36,0.0,990.0,0.0,990.0,0.0,990.0
323,2024-04-07 19:46:36,0.0,990.0,0.0,990.0,0.0,990.0
324,2024-04-07 19:46:37,0.0,990.0,0.0,990.0,0.0,990.0
325,2024-04-07 19:46:37,0.0,990.0,0.0,990.0,0.0,990.0
326,2024-04-07 19:46:37,0.0,990.0,0.0,990.0,0.0,990.0
327,2024-04-07 19:46:37,0.0,990.0,0.0,990.0,0.0,990.0
328,2024-04-07 19:46:38,0.0,990.0,0.0,990.0,0.0,990.0
329,2024-04-07 19:46:38,0.0,990.0,0.0,990.0,0.0,990.0
330,2024-04-07 19:46:38,0.0,990.0,0.0,990.0,0.0,990.0
331,2024-04-07 19:46:39,0.0,990.0,0.0,990.0,0.0,990.0
332,2024-04-07 19:46:39,0.0,990.0,0.0,990.0,0.0,990.0
333,2024-04-07 19:46:39,0.0,990.0,0.0,990.0,0.0,990.0
334,2024-04-07 19:46:40,0.0,990.0,0.0,990.0,0.0,990.0
335,2024-04-07 19:46:40,0.0,990.0,0.0,990.0,0.0,990.0
336,2024-04-07 19:46:40,0.0,990.0,0.0,990.0,0.0,990.0
337,2024-04-07 19:46:40,0.0,990.0,0.0,990.0,0.0,990.0
338,2024-04-07 19:46:41,0.0,990.0,0.0,990.0,0.0,990.0
339,2024-04-07 19:46:41,0.0,990.0,0.0,990.0,0.0,990.0
340,2024-04-07 19:46:41,0.0,990.0,0.0,990.0,0.0,990.0
341,2024-04-07 19:46:42,0.0,990.0,0.0,990.0,0.0,990.0
342,2024-04-07 19:46:42,0.0,990.0,0.0,990.0,0.0,990.0
343,2024-04-07 19:46:42,0.0,990.0,0.0,990.0,0.0,990.0
344,2024-04-07 19:46:42,0.0,990.0,0.0,990.0,0.0,990.0
345,2024-04-07 19:46:43,0.0,990.0,0.0,990.0,0.0,990.0
346,2024-04-07 19:46:43,0.0,990.0,0.0,990.0,0.0,990.0
347,2024-04-07 19:46:43,0.0,990.0,0.0,990.0,0.0,990.0
348,2024-04-07 19:46:44,0.0,990.0,0.0,990.0,0.0,990.0
349,2024-04-07 19:46:44,0.0,990.0,0.0,990.0,0.0,990.0
350,2024-04-07 19:46:44,0.0,990.0,0.0,990.0,0.0,990.0
351,2024-04-07 19:46:45,0.0,990.0,0.0,990.0,0.0,990.0
352,2024-04-07 19:46:45,0.0,990.0,0.0,990.0,0.0,990.0
353,2024-04-07 19:46:45,0.0,990.0,0.0,990.0,0.0,990.0
354,2024-04-07 19:46:45,0.0,990.0,0.0,990.0,0.0,990.0
355,2024-04-07 19:46:46,0.0,990.0,0.0,990.0,0.0,990.0
356,2024-04-07 19:46:46,0.0,990.0,0.0,990.0,0.0,990.0
357,2024-04-07 19:46:46,0.0,990.0,0.0,990.0,0.0,990.0
358,2024-04-07 19:46:47,0.0,990.0,0.0,990.0,0.0,990.0
359,2024-04-07 19:46:47,0.0,990.0,0.0,990.0,0.0,990.0
360,2024-04-07 19:46:47,0.0,990.0,0.0,990.0,0.0,990.0
361,2024-04-07 19:46:48,0.0,990.0,0.0,990.0,0.0,990.0
362,2024-04-07 19:46:48,0.0,990.0,0.0,990.0,0.0,990.0
363,2024-04-07 19:46:48,0.0,990.0,0.0,990.0,0.0,990.0
364,2024-04-07 19:46:48,0.0,990.0,0.0,990.0,0.0,990.0
365,2024-04-07 19:46:49,0.0,990.0,0.0,990.0,0.0,990.0
366,2024-04-07 19:46:49,0.0,990.0,0.0,990.0,0.0,990.0
367,2024-04-07 19:46:49,0.0,990.0,0.0,990.0,0.0,990.0
368,2024-04-07 19:46:50,0.0,990.0,0.0,990.0,0.0,990.0
369,2024-04-07 19:46:50,0.0,990.0,0.0,990.0,0.0,990.0
370,2024-04-07 19:46:50,0.0,990.0,0.0,990.0,0.0,990.0
371,2024-04-07 19:46:51,0.0,990.0,0.0,990.0,0.0,990.0
372,2024-04-07 19:46:51,0.0,990.0,0.0,990.0,0.0,990.0
373,2024-04-07 19:46:51,0.0,990.0,0.0,990.0,0.0,990.0
374,2024-04-07 19:46:51,0.0,990.0,0.0,990.0,0.0,990.0
375,2024-04-07 19:46:52,0.0,990.0,0.0,990.0,0.0,990.0
376,2024-04-07 19:46:52,0.0,990.0,0.0,990.0,0.0,990.0
377,2024-04-07 19:46:52,0.0,990.0,0.0,990.0,0.0,990.0
378,2024-04-07 19:46:53,0.0,990.0,0.0,990.0,0.0,990.0
379,2024-04-07 19:46:53,0.0,990.0,0.0,990.0,0.0,990.0
380,2024-04-07 19:46:53,0.0,990.0,0.0,990.0,0.0,990.0
381,2024-04-07 19:46:53,0.0,990.0,0.0,990.0,0.0,990.0
382,2024-04-07 19:46:54,0.0,990.0,0.0,990.0,0.0,990.0
383,2024-04-07 19:46:54,0.0,990.0,0.0,990.0,0.0,990.0
384,2024-04-07 19:46:54,0.0,990.0,0.0,990.0,0.0,990.0
385,2024-04-07 19:46:55,0.0,990.0,0.0,990.0,0.0,990.0
386,2024-04-07 19:46:55,0.0,990.0,0.0,990.0,0.0,990.0
387,2024-04-07 19:46:55,0.0,990.0,0.0,990.0,0.0,990.0
388,2024-04-07 19:46:56,0.0,990.0,0.0,990.0,0.0,990.0
389,2024-04-07 19:46:56,0.0,990.0,0.0,990.0,0.0,990.0
390,2024-04-07 19:46:56,0.0,990.0,0.0,990.0,0.0,990.0
391,2024-04-07 19:46:56,0.0,990.0,0.0,990.0,0.0,990.0
392,2024-04-07 19:46:57,0.0,990.0,0.0,990.0,0.0,990.0
393,2024-04-07 19:46:57,0.0,990.0,0.0,990.0,0.0,990.0
394,2024-04-07 19:46:57,0.0,990.0,0.0,990.0,0.0,990.0
395,2024-04-07 19:46:58,0.0,990.0,0.0,990.0,0.0,990.0
396,2024-04-07 19:46:58,0.0,990.0,0.0,990.0,0.0,990.0
397,2024-04-07 19:46:58,0.0,990.0,0.0,990.0,0.0,990.0
398,2024-04-07 19:46:59,0.0,990.0,0.0,990.0,0.0,990.0
399,2024-04-07 19:46:59,0.0,990.0,0.0,990.0,0.0,970.0
400,2024-04-07 19:46:59,0.0,990.0,0.0,990.0,0.0,970.0
401,2024-04-07 19:46:59,0.0,990.0,0.0,990.0,0.0,970.0
402,2024-04-07 19:47:00,0.0,990.0,0.0,990.0,0.0,970.0
403,2024-04-07 19:47:00,0.0,990.0,0.0,990.0,0.0,970.0
404,2024-04-07 19:47:00,0.0,990.0,0.0,990.0,0.0,970.0
405,2024-04-07 19:47:01,0.0,990.0,0.0,990.0,0.0,970.0
406,2024-04-07 19:47:01,0.0,990.0,0.0,990.0,0.0,970.0
407,2024-04-07 19:47:01,0.0,990.0,0.0,990.0,0.0,970.0
408,2024-04-07 19:47:02,0.0,990.0,0.0,990.0,0.0,970.0
409,2024-04-07 19:47:02,0.0,990.0,0.0,990.0,0.0,970.0
410,2024-04-07 19:47:02,0.0,990.0,0.0,990.0,0.0,970.0
411,2024-04-07 19:47:02,0.0,990.0,0.0,990.0,0.0,970.0
412,2024-04-07 19:47:03,0.0,990.0,0.0,990.0,0.0,970.0
413,2024-04-07 19:47:03,0.0,990.0,0.0,990.0,0.0,970.0
414,2024-04-07 19:47:03,0.0,990.0,0.0,990.0,0.0,970.0
415,2024-04-07 19:47:04,0.0,990.0,0.0,990.0,0.0,970.0
416,2024-04-07 19:47:04,0.0,990.0,0.0,990.0,0.0,970.0
417,2024-04-07 19:47:04,0.0,990.0,0.0,990.0,0.0,970.0
418,2024-04-07 19:47:04,0.0,990.0,0.0,990.0,0.0,970.0
419,2024-04-07 19:47:05,0.0,990.0,0.0,990.0,0.0,970.0
420,2024-04-07 19:47:05,0.0,990.0,0.0,990.0,0.0,970.0
421,2024-04-07 19:47:05,0.0,990.0,0.0,990.0,0.0,970.0
422,2024-04-07 19:47:06,0.0,990.0,0.0,990.0,0.0,970.0
423,2024-04-07 19:47:06,0.0,990.0,0.0,990.0,0.0,970.0
424,2024-04-07 19:47:06,0.0,990.0,0.0,990.0,0.0,970.0
425,2024-04-07 19:47:07,0.0,990.0,0.0,990.0,0.0,970.0
426,2024-04-07 19:47:07,0.0,990.0,0.0,990.0,0.0,970.0
427,2024-04-07 19:47:07,0.0,990.0,0.0,990.0,0.0,970.0
428,2024-04-07 19:47:07,0.0,990.0,0.0,990.0,0.0,970.0
429,2024-04-07 19:47:08,0.0,990.0,0.0,990.0,0.0,970.0
430,2024-04-07 19:47:08,0.0,990.0,0.0,990.0,0.0,970.0
431,2024-04-07 19:47:08,0.0,990.0,0.0,990.0,0.0,970.0
432,2024-04-07 19:47:09,0.0,990.0,0.0,990.0,0.0,970.0
433,2024-04-07 19:47:09,0.0,990.0,0.0,990.0,0.0,970.0
434,2024-04-07 19:47:09,0.0,990.0,0.0,990.0,0.0,970.0
435,2024-04-07 19:47:10,0.0,990.0,0.0,990.0,0.0,970.0
436,2024-04-07 19:47:10,0.0,990.0,0.0,990.0,0.0,970.0
437,2024-04-07 19:47:10,0.0,990.0,0.0,990.0,0.0,970.0
438,2024-04-07 19:47:10,0.0,990.0,0.0,990.0,0.0,970.0
439,2024-04-07 19:47:11,0.0,990.0,0.0,990.0,0.0,970.0
440,2024-04-07 19:47:11,0.0,990.0,0.0,990.0,0.0,970.0
441,2024-04-07 19:47:11,0.0,990.0,0.0,990.0,0.0,970.0
442,2024-04-07 19:47:12,0.0,990.0,0.0,990.0,0.0,970.0
443,2024-04-07 19:47:12,0.0,990.0,0.0,990.0,0.0,970.0
444,2024-04-07 19:47:12,0.0,990.0,0.0,990.0,0.0,970.0
445,2024-04-07 19:47:12,0.0,990.0,0.0,990.0,0.0,970.0
446,2024-04-07 19:47:13,0.0,990.0,0.0,990.0,0.0,970.0
447,2024-04-07 19:47:13,0.0,990.0,0.0,990.0,0.0,970.0
448,2024-04-07 19:47:13,0.0,990.0,0.0,990.0,0.0,970.0
449,2024-04-07 19:47:14,0.0,990.0,0.0,990.0,0.0,970.0
450,2024-04-07 19:47:14,0.0,990.0,0.0,990.0,0.0,970.0
451,2024-04-07 19:47:14,0.0,990.0,0.0,990.0,0.0,970.0
452,2024-04-07 19:47:15,0.0,990.0,0.0,990.0,0.0,970.0
453,2024-04-07 19:47:15,0.0,990.0,0.0,990.0,0.0,970.0
454,2024-04-07 19:47:15,0.0,990.0,0.0,990.0,0.0,970.0
455,2024-04-07 19:47:15,0.0,990.0,0.0,990.0,0.0,970.0
456,2024-04-07 19:47:16,0.0,990.0,0.0,990.0,0.0,970.0
457,2024-04-07 19:47:16,0.0,990.0,0.0,990.0,0.0,970.0
458,2024-04-07 19:47:16,0.0,990.0,0.0,990.0,0.0,970.0
459,2024-04-07 19:47:17,0.0,990.0,0.0,990.0,0.0,970.0
460,2024-04-07 19:47:17,0.0,990.0,0.0,990.0,0.0,970.0
461,2024-04-07 19:47:17,0.0,990.0,0.0,990.0,0.0,970.0
462,2024-04-07 19:47:18,0.0,990.0,0.0,990.0,0.0,970.0
463,2024-04-07 19:47:18,0.0,990.0,0.0,990.0,0.0,970.0
464,2024-04-07 19:47:18,0.0,990.0,0.0,990.0,0.0,970.0
465,2024-04-07 19:47:18,0.0,990.0,0.0,990.0,0.0,970.0
466,2024-04-07 19:47:19,0.0,990.0,0.0,990.0,0.0,970.0
467,2024-04-07 19:47:19,0.0,990.0,0.0,990.0,0.0,970.0
468,2024-04-07 19:47:19,0.0,990.0,0.0,990.0,0.0,970.0
469,2024-04-07 19:47:20,0.0,990.0,0.0,990.0,0.0,970.0
470,2024-04-07 19:47:20,0.0,990.0,0.0,990.0,0.0,970.0
471,2024-04-07 19:47:20,0.0,990.0,0.0,990.0,0.0,970.0
472,2024-04-07 19:47:21,0.0,990.0,0.0,990.0,0.0,970.0
473,2024-04-07 19:47:21,0.0,990.0,0.0,990.0,0.0,970.0
474,2024-04-07 19:47:21,0.0,990.0,0.0,990.0,0.0,970.0
475,2024-04-07 19:47:21,0.0,990.0,0.0,990.0,0.0,970.0
476,2024-04-07 19:47:22,0.0,990.0,0.0,990.0,0.0,970.0
477,2024-04-07 19:47:22,0.0,990.0,0.0,990.0,0.0,970.0
478,2024-04-07 19:47:22,0.0,990.0,0.0,990.0,0.0,970.0
479,2024-04-07 19:47:23,0.0,1.26,8.4,990.0,4.9,970.0
480,2024-04-07 19:47:23,0.0,1.26,8.4,990.0,4.9,970.0
481,2024-04-07 19:47:23,0.0,1.26,8.4,990.0,4.9,970.0
482,2024-04-07 19:47:24,0.0,1.26,8.4,990.0,4.9,970.0
483,2024-04-07 19:47:24,0.0,1.26,8.4,990.0,4.9,970.0
484,2024-04-07 19:47:24,0.0,1.26,8.4,990.0,4.9,970.0
485,2024-04-07 19:47:25,0.0,1.26,8.4,990.0,4.9,970.0
486,2024-04-07 19:47:25,0.0,1.26,8.4,990.0,4.9,970.0
487,2024-04-07 19:47:26,0.0,1.26,8.4,990.0,4.9,970.0
488,2024-04-07 19:47:26,0.0,1.26,8.4,990.0,4.9,970.0
489,2024-04-07 19:47:27,0.0,1.26,8.4,990.0,4.9,970.0
490,2024-04-07 19:47:27,0.0,1.26,8.4,990.0,4.9,970.0
491,2024-04-07 19:47:27,0.0,1.26,8.4,990.0,4.9,970.0
492,2024-04-07 19:47:28,0.0,1.26,8.4,990.0,4.9,970.0
493,2024-04-07 19:47:28,0.0,1.26,8.4,990.0,4.9,970.0
494,2024-04-07 19:47:28,0.0,1.26,8.4,990.0,4.9,970.0
495,2024-04-07 19:47:29,1.33,1.46,6.2,4.1,4.9,6.4
496,2024-04-07 19:47:29,1.33,1.46,6.2,4.1,4.9,6.4
497,2024-04-07 19:47:29,1.33,1.46,6.2,4.1,4.9,6.4
498,2024-04-07 19:47:30,1.33,1.46,6.2,4.1,4.9,6.4
499,2024-04-07 19:47:30,1.33,1.46,6.2,4.1,4.9,6.4
500,2024-04-07 19:47:30,1.33,1.46,6.2,4.1,4.9,6.4
501,2024-04-07 19:47:31,1.33,1.46,6.2,4.1,4.9,6.4
502,2024-04-07 19:47:31,1.33,1.46,6.2,4.1,4.9,6.4
503,2024-04-07 19:47:35,1.33,1.46,7.2,11.5,4.9,6.4
504,2024-04-07 19:47:39,1.33,1.46,8.4,11.5,4.9,6.4
505,2024-04-07 19:47:42,1.33,1.46,8.4,11.5,4.9,6.4
506,2024-04-07 19:47:46,1.33,1.46,8.4,11.5,4.9,6.4
507,2024-04-07 19:47:49,1.33,1.46,8.4,11.5,4.9,6.4
508,2024-04-07 19:47:51,0.0,990.0,0.0,990.0,0.0,970.0
509,2024-04-07 19:47:55,0.0,990.0,0.0,990.0,0.0,970.0
510,2024-04-07 19:47:59,0.0,990.0,0.0,990.0,0.0,990.0
511,2024-04-07 19:48:02,0.0,990.0,0.0,990.0,0.0,990.0
512,2024-04-07 19:48:05,0.0,990.0,0.0,990.0,0.0,990.0
513,2024-04-07 19:48:08,0.0,990.0,0.0,990.0,0.0,990.0
514,2024-04-07 19:48:12,0.0,990.0,0.0,990.0,0.0,990.0
515,2024-04-07 19:48:16,0.0,990.0,0.0,990.0,0.0,990.0
516,2024-04-07 19:48:19,0.0,990.0,0.0,990.0,0.0,990.0
517,2024-04-07 19:48:22,1.08,990.0,0.0,12.5,1.08,990.0
518,2024-04-07 19:48:26,0.0,990.0,0.0,990.0,0.0,990.0
519,2024-04-07 19:48:29,0.0,990.0,0.0,990.0,0.0,990.0
520,2024-04-07 19:48:32,0.0,990.0,0.0,990.0,0.0,990.0
521,2024-04-07 19:48:36,0.0,990.0,0.0,990.0,0.0,990.0
522,2024-04-07 19:48:39,0.0,990.0,0.0,990.0,0.0,990.0
523,2024-04-07 19:48:43,0.0,990.0,0.0,990.0,0.0,990.0
524,2024-04-07 19:48:46,0.0,990.0,0.0,990.0,0.0,990.0
525,2024-04-07 19:48:50,0.0,990.0,0.0,990.0,0.0,990.0
526,2024-04-07 19:48:53,0.0,990.0,0.0,990.0,0.0,990.0
527,2024-04-07 19:48:57,0.0,990.0,0.0,990.0,0.0,970.0
528,2024-04-07 19:49:00,0.0,990.0,0.0,990.0,0.0,970.0
529,2024-04-07 19:49:04,0.0,990.0,0.0,990.0,0.0,970.0
530,2024-04-07 19:49:07,0.0,990.0,0.0,990.0,0.0,970.0
531,2024-04-07 19:49:11,0.0,990.0,0.0,990.0,0.0,970.0
532,2024-04-07 19:49:14,0.0,990.0,0.0,990.0,0.0,970.0
533,2024-04-07 19:49:17,0.0,990.0,0.0,990.0,0.0,970.0
534,2024-04-07 19:49:20,0.0,990.0,0.0,990.0,0.0,970.0
535,2024-04-07 19:49:24,0.0,990.0,0.0,990.0,0.0,970.0
536,2024-04-07 19:49:28,0.0,990.0,0.0,990.0,0.0,970.0
537,2024-04-07 19:49:31,0.0,990.0,0.0,990.0,0.0,970.0
538,2024-04-07 19:49:34,0.0,1.12,9.4,990.0,3.45,1.12
539,2024-04-07 19:49:37,1.15,1.24,9.4,990.0,5.2,7.4
540,2024-04-07 19:49:40,1.27,1.41,9.4,14.0,5.2,7.4
541,2024-04-07 19:49:44,1.27,1.41,9.4,14.0,5.2,7.4
542,2024-04-07 19:49:47,1.27,1.41,9.4,14.0,5.2,7.4
543,2024-04-07 19:49:50,1.27,1.41,9.4,14.0,5.2,7.4
544,2024-04-07 19:49:54,1.27,1.41,9.4,14.0,5.2,7.4
545,2024-04-07 19:49:57,1.3,1.41,9.4,14.0,5.2,6.8
546,2024-04-07 19:50:00,1.3,1.41,9.4,13.0,5.2,6.8
547,2024-04-07 19:50:04,1.3,1.41,9.4,13.0,5.2,6.8
548,2024-04-07 19:50:08,1.3,1.41,9.4,13.0,5.2,6.8
549,2024-04-07 19:50:11,1.3,1.41,9.4,13.0,5.2,6.8
550,2024-04-07 19:50:14,1.3,1.41,9.4,13.0,5.2,6.8
551,2024-04-07 19:50:18,1.3,1.41,9.6,13.0,5.2,6.8
552,2024-04-07 19:50:21,1.28,1.24,9.6,13.0,5.2,6.8
553,2024-04-07 19:50:25,1.28,1.41,10.0,13.0,5.3,6.8
554,2024-04-07 19:50:29,1.28,1.39,10.0,13.0,5.3,6.8
555,2024-04-07 19:50:32,1.28,1.39,10.0,13.0,5.3,6.8
556,2024-04-07 19:50:36,1.26,1.39,10.0,60.0,5.3,9.6
557,2024-04-07 19:50:39,1.26,990.0,0.0,4.9,0.0,4.9
558,2024-04-07 19:50:43,1.26,1.39,10.0,48.0,5.4,9.6
559,2024-04-07 19:50:46,1.26,1.39,10.0,15.0,5.4,7.6
560,2024-04-07 19:50:49,1.26,1.39,10.0,15.0,5.4,7.6
561,2024-04-07 19:50:53,1.26,1.39,10.0,15.0,5.4,7.6
562,2024-04-07 19:50:56,1.26,1.39,10.0,15.0,5.4,7.6
563,2024-04-07 19:50:59,1.26,1.39,10.0,15.0,5.4,7.6
564,2024-04-07 19:51:03,1.26,1.39,10.0,15.0,5.4,7.6
565,2024-04-07 19:51:05,1.26,1.38,10.0,15.0,5.4,7.6
566,2024-04-07 19:51:09,1.26,1.39,10.5,15.0,5.5,7.6
567,2024-04-07 19:51:12,1.26,1.37,10.5,15.0,5.5,7.6
568,2024-04-07 19:51:15,1.26,1.37,10.5,14.5,5.5,7.4
569,2024-04-07 19:51:19,1.26,1.37,10.5,14.5,5.6,7.4
570,2024-04-07 19:51:22,1.27,1.37,10.5,14.5,5.5,7.2
571,2024-04-07 19:51:26,1.27,1.37,10.5,14.5,5.5,7.4
572,2024-04-07 19:51:30,1.27,1.37,10.5,14.5,5.6,7.4
573,2024-04-07 19:51:33,1.27,1.37,10.5,14.5,5.6,7.4
574,2024-04-07 19:51:36,1.27,1.37,10.5,14.5,5.6,7.4
575,2024-04-07 19:51:39,1.27,1.37,10.5,14.5,5.6,7.4
576,2024-04-07 19:51:43,1.27,1.37,10.5,14.5,5.6,7.4
577,2024-04-07 19:51:46,1.27,1.37,7.4,4.8,5.6,7.4
578,2024-04-07 19:51:49,1.27,1.37,9.0,14.5,5.6,7.4
579,2024-04-07 19:51:53,1.27,1.37,9.0,14.5,5.6,7.4
580,2024-04-07 19:51:56,0.0,1.11,10.5,990.0,0.0,1.11
581,2024-04-07 19:52:00,0.0,1.11,10.5,990.0,0.0,1.11
582,2024-04-07 19:52:03,0.0,990.0,0.0,990.0,0.0,970.0
583,2024-04-07 19:52:07,0.0,990.0,0.0,990.0,0.0,970.0
584,2024-04-07 19:52:11,0.0,990.0,0.0,990.0,0.0,970.0
585,2024-04-07 19:52:14,0.0,990.0,0.0,990.0,0.0,970.0
586,2024-04-07 19:52:18,0.0,990.0,0.0,990.0,0.0,970.0
587,2024-04-07 19:52:21,0.0,990.0,0.0,990.0,0.0,970.0
588,2024-04-07 19:52:25,0.0,990.0,0.0,990.0,0.0,970.0
589,2024-04-07 19:52:29,0.0,990.0,0.0,990.0,0.0,970.0
590,2024-04-07 19:52:32,0.0,990.0,0.0,990.0,0.0,970.0
591,2024-04-07 19:52:36,0.0,990.0,0.0,990.0,0.0,970.0
592,2024-04-07 19:52:39,0.0,990.0,0.0,990.0,0.0,970.0
593,2024-04-07 19:52:43,0.0,990.0,0.0,990.0,0.0,970.0
594,2024-04-07 19:52:46,0.0,990.0,0.0,990.0,0.0,970.0
595,2024-04-07 19:52:50,0.0,990.0,0.0,990.0,0.0,970.0
596,2024-04-07 19:52:54,0.0,990.0,0.0,990.0,0.0,970.0
597,2024-04-07 19:52:57,0.0,990.0,0.0,990.0,0.0,970.0
598,2024-04-07 19:53:00,0.0,990.0,0.0,990.0,0.0,970.0
599,2024-04-07 19:53:03,0.0,990.0,0.0,990.0,0.0,970.0
600,2024-04-07 19:53:06,0.0,990.0,0.0,990.0,0.0,970.0
601,2024-04-07 19:53:10,0.0,990.0,0.0,990.0,0.0,970.0
602,2024-04-07 19:53:13,0.0,990.0,0.0,990.0,0.0,970.0
603,2024-04-07 19:53:17,0.0,990.0,0.0,990.0,0.0,970.0
604,2024-04-07 19:53:20,0.0,990.0,0.0,990.0,0.0,970.0
605,2024-04-07 19:53:23,0.0,990.0,0.0,990.0,0.0,970.0
606,2024-04-07 19:53:27,0.0,970.0,0.0,990.0,0.0,970.0
607,2024-04-07 19:53:31,0.0,970.0,0.0,990.0,0.0,970.0
608,2024-04-07 19:53:35,0.0,970.0,0.0,990.0,0.0,970.0
609,2024-04-07 19:53:38,0.0,970.0,0.0,990.0,0.0,970.0
610,2024-04-07 19:53:42,0.0,970.0,0.0,990.0,0.0,970.0
611,2024-04-07 19:53:45,0.0,970.0,0.0,990.0,0.0,970.0
612,2024-04-07 19:53:49,0.0,970.0,0.0,990.0,0.0,970.0
613,2024-04-07 19:53:52,0.0,970.0,0.0,990.0,0.0,970.0
614,2024-04-07 19:53:55,0.0,970.0,0.0,990.0,0.0,970.0
615,2024-04-07 19:53:59,0.0,970.0,0.0,990.0,0.0,970.0
616,2024-04-07 19:54:03,0.0,970.0,0.0,990.0,0.0,970.0
617,2024-04-07 19:54:06,0.0,970.0,0.0,990.0,0.0,970.0
618,2024-04-07 19:54:10,0.0,970.0,0.0,990.0,0.0,970.0
619,2024-04-07 19:54:13,1.05,970.0,0.0,20.0,1.05,970.0
620,2024-04-07 19:54:17,1.05,970.0,0.0,20.0,1.05,970.0
621,2024-04-07 19:54:20,1.05,970.0,0.0,20.0,1.05,970.0
622,2024-04-07 19:54:23,1.05,970.0,0.0,20.0,1.05,970.0
623,2024-04-07 19:54:27,1.05,970.0,0.0,20.0,1.05,970.0
624,2024-04-07 19:54:30,1.05,970.0,0.0,20.0,1.05,970.0
625,2024-04-07 19:54:34,1.05,970.0,0.0,20.0,1.05,970.0
626,2024-04-07 19:54:38,1.05,970.0,0.0,20.0,1.05,970.0
627,2024-04-07 19:54:41,1.05,970.0,0.0,20.0,1.05,970.0
628,2024-04-07 19:54:45,1.05,970.0,0.0,20.0,1.05,970.0
629,2024-04-07 19:54:48,1.05,970.0,0.0,20.0,1.05,970.0
630,2024-04-07 19:54:52,1.05,970.0,0.0,20.0,1.05,970.0
631,2024-04-07 19:54:55,1.05,970.0,0.0,20.0,1.05,970.0
632,2024-04-07 19:54:59,1.05,970.0,0.0,20.0,1.05,970.0
633,2024-04-07 19:55:02,1.05,970.0,0.0,20.0,1.05,970.0
634,2024-04-07 19:55:06,1.26,1.38,9.6,16.5,5.2,7.4
635,2024-04-07 19:55:10,1.26,1.38,9.6,16.5,5.4,7.4
636,2024-04-07 19:55:13,1.26,1.38,9.6,16.5,5.4,7.4
637,2024-04-07 19:55:17,1.26,1.38,7.0,4.9,5.4,7.4
638,2024-04-07 19:55:20,1.26,1.38,9.8,16.5,5.4,7.4
639,2024-04-07 19:55:23,1.26,1.38,9.8,16.5,5.4,7.4
640,2024-04-07 19:55:27,1.26,1.38,9.8,16.5,5.4,7.4
641,2024-04-07 19:55:31,1.26,1.38,9.8,16.5,5.4,7.4
642,2024-04-07 19:55:33,1.26,1.37,10.5,16.5,5.4,7.4
643,2024-04-07 19:55:37,1.26,1.37,10.5,16.5,5.4,7.4
644,2024-04-07 19:55:40,1.26,1.37,10.5,16.5,5.4,7.4
645,2024-04-07 19:55:43,1.26,1.37,10.5,16.5,5.4,7.4
646,2024-04-07 19:55:46,1.26,1.37,10.5,16.5,5.4,7.4
647,2024-04-07 19:55:49,1.26,1.37,10.5,16.5,5.4,7.4
648,2024-04-07 19:55:52,1.26,1.37,10.5,16.5,5.4,7.4
649,2024-04-07 19:55:55,1.26,1.37,10.5,16.5,5.4,7.4
650,2024-04-07 19:55:59,1.26,1.37,10.5,16.5,5.4,7.4
651,2024-04-07 19:56:02,1.26,1.37,10.5,16.5,5.4,7.4
652,2024-04-07 19:56:06,1.26,1.37,10.5,16.5,5.4,7.4
653,2024-04-07 19:56:10,1.26,1.37,10.5,16.5,5.4,7.4
654,2024-04-07 19:56:13,1.26,1.37,10.5,16.5,5.4,7.4
655,2024-04-07 19:56:17,1.26,1.37,10.5,16.5,5.4,7.4
656,2024-04-07 19:56:20,1.26,1.37,10.5,16.5,5.4,7.4
657,2024-04-07 19:56:24,1.26,1.37,10.5,16.5,5.4,7.4
658,2024-04-07 19:56:27,1.26,1.37,10.5,16.5,5.4,7.4
659,2024-04-07 19:56:31,1.26,1.37,10.5,16.5,5.4,7.4
660,2024-04-07 19:56:34,1.26,1.37,10.5,16.5,5.4,7.4
661,2024-04-07 19:56:38,1.26,1.37,10.5,16.5,5.4,7.4
662,2024-04-07 19:56:41,1.26,1.37,10.5,16.5,5.4,7.4
663,2024-04-07 19:56:45,1.26,1.37,10.5,16.5,5.4,7.4
664,2024-04-07 19:56:48,1.26,1.37,10.5,16.5,5.4,7.4
665,2024-04-07 19:56:51,1.26,1.37,10.5,16.5,5.4,7.4
666,2024-04-07 19:56:54,1.26,1.37,10.5,16.5,5.4,7.4
667,2024-04-07 19:56:57,1.26,1.37,10.5,16.5,5.6,7.4
668,2024-04-07 19:57:00,1.26,1.37,10.5,16.5,5.6,7.4
669,2024-04-07 19:57:03,1.26,1.37,10.5,16.5,5.6,7.4
670,2024-04-07 19:57:06,1.26,1.37,10.5,16.5,5.6,7.4
671,2024-04-07 19:57:09,1.26,1.37,10.5,16.5,5.6,7.4
672,2024-04-07 19:57:13,1.26,1.37,10.5,16.5,5.6,7.4
673,2024-04-07 19:57:16,1.26,1.37,10.5,16.5,5.6,7.4
674,2024-04-07 19:57:20,1.26,1.37,10.5,16.5,5.6,7.4
675,2024-04-07 19:57:23,1.26,1.37,10.5,16.5,5.6,7.4
676,2024-04-07 19:57:26,1.26,1.37,10.5,16.5,5.6,7.4
677,2024-04-07 19:57:30,1.26,1.37,10.5,16.5,5.6,7.4
678,2024-04-07 19:57:33,1.26,1.37,10.5,16.5,5.6,7.4
679,2024-04-07 19:57:37,1.26,1.37,10.5,16.5,5.6,7.4
680,2024-04-07 19:57:40,1.26,1.37,10.5,16.5,5.6,7.4
681,2024-04-07 19:57:42,1.26,1.37,10.5,16.5,5.6,7.4
682,2024-04-07 19:57:46,1.26,1.37,10.5,16.5,5.6,7.4
683,2024-04-07 19:57:49,1.26,1.37,10.5,16.5,5.6,7.4
684,2024-04-07 19:57:53,1.26,1.37,10.5,16.5,5.6,7.4
685,2024-04-07 19:57:57,1.26,1.37,10.5,16.5,5.6,7.4
686,2024-04-07 19:58:01,1.26,1.37,10.5,16.5,5.6,7.4
687,2024-04-07 19:58:04,1.26,1.37,10.5,16.5,5.6,7.2
688,2024-04-07 19:58:08,1.26,1.37,10.5,16.5,5.6,7.2
689,2024-04-07 19:58:11,1.26,1.37,10.5,16.5,5.6,7.2
690,2024-04-07 19:58:15,1.26,1.37,10.5,16.5,5.6,7.2
691,2024-04-07 19:58:18,1.26,1.37,10.5,16.5,5.6,7.2
692,2024-04-07 19:58:22,1.26,1.37,10.5,16.5,5.6,7.2
693,2024-04-07 19:58:26,1.26,1.37,10.5,16.5,5.6,7.2
694,2024-04-07 19:58:30,1.27,1.37,10.5,16.5,5.6,7.0
695,2024-04-07 19:58:33,1.27,1.37,10.5,16.5,5.6,7.0
696,2024-04-07 19:58:37,1.27,1.37,10.5,16.5,5.6,7.0
697,2024-04-07 19:58:40,1.27,1.37,10.5,16.5,5.6,7.0
698,2024-04-07 19:58:43,1.27,1.37,10.5,16.5,5.6,7.0
699,2024-04-07 19:58:47,1.27,1.37,10.5,16.5,5.6,7.0
700,2024-04-07 19:58:50,1.27,1.36,11.0,16.5,5.6,7.0
701,2024-04-07 19:58:54,1.27,1.36,11.0,16.5,5.6,7.0
702,2024-04-07 19:58:57,1.27,1.36,11.0,16.5,5.6,7.0
703,2024-04-07 19:59:01,1.27,1.36,11.0,16.5,5.6,7.0
704,2024-04-07 19:59:05,1.27,1.36,11.0,16.5,5.6,7.0
705,2024-04-07 19:59:08,1.27,1.36,11.0,16.5,5.6,7.0
706,2024-04-07 19:59:11,1.27,1.36,11.0,16.5,5.6,7.0
707,2024-04-07 19:59:15,1.27,1.36,11.0,16.5,5.6,7.0
708,2024-04-07 19:59:18,1.27,1.35,11.0,16.5,5.5,7.0
709,2024-04-07 19:59:21,1.27,1.35,11.0,16.5,5.5,7.0
710,2024-04-07 19:59:25,1.27,1.35,11.0,16.5,5.5,7.0
711,2024-04-07 19:59:27,1.27,1.35,11.0,16.5,5.5,7.0
712,2024-04-07 19:59:31,1.27,1.35,11.0,16.5,5.5,7.0
713,2024-04-07 19:59:34,1.27,1.35,11.0,16.5,5.5,7.0
714,2024-04-07 19:59:37,1.27,1.35,11.0,16.5,5.5,7.0
715,2024-04-07 19:59:40,1.27,1.35,11.0,16.5,5.5,7.0
716,2024-04-07 19:59:43,1.27,1.35,11.0,16.5,5.5,7.0
717,2024-04-07 19:59:46,1.27,1.35,11.5,16.5,5.5,7.0
718,2024-04-07 19:59:49,1.27,1.35,11.5,16.5,5.5,7.0
719,2024-04-07 19:59:52,1.27,1.35,11.5,16.5,5.5,7.0
720,2024-04-07 19:59:55,1.27,1.35,11.5,16.5,5.5,7.0
721,2024-04-07 19:59:58,1.27,1.35,11.5,16.5,5.5,7.0
722,2024-04-07 20:00:01,1.27,1.35,11.5,16.5,5.5,7.0
723,2024-04-07 20:00:04,1.27,1.35,11.5,16.5,5.5,7.0
724,2024-04-07 20:00:07,1.27,1.35,11.5,16.5,5.5,7.0
725,2024-04-07 20:00:10,0.0,970.0,0.0,990.0,0.0,970.0
726,2024-04-07 20:00:13,0.0,970.0,0.0,990.0,0.0,970.0
727,2024-04-07 20:00:17,0.0,970.0,0.0,990.0,0.0,970.0
728,2024-04-07 20:00:20,0.0,970.0,0.0,990.0,0.0,970.0
729,2024-04-07 20:00:24,0.0,970.0,0.0,990.0,0.0,970.0
730,2024-04-07 20:00:27,0.0,990.0,0.0,990.0,0.0,970.0
731,2024-04-07 20:00:31,0.0,990.0,0.0,990.0,0.0,970.0
732,2024-04-07 20:00:34,0.0,990.0,0.0,990.0,0.0,970.0
733,2024-04-07 20:00:37,0.0,990.0,0.0,990.0,0.0,970.0
734,2024-04-07 20:00:41,0.0,990.0,0.0,970.0,0.0,970.0
735,2024-04-07 20:00:44,0.0,990.0,0.0,970.0,0.0,970.0
736,2024-04-07 20:00:48,0.0,990.0,0.0,970.0,0.0,970.0
737,2024-04-07 20:00:51,0.0,990.0,0.0,970.0,0.0,970.0
738,2024-04-07 20:00:54,0.0,990.0,0.0,970.0,0.0,970.0
739,2024-04-07 20:00:58,0.0,990.0,0.0,970.0,0.0,970.0
740,2024-04-07 20:01:01,0.0,990.0,0.0,970.0,0.0,970.0
741,2024-04-07 20:01:04,0.0,990.0,0.0,970.0,0.0,970.0
742,2024-04-07 20:01:07,0.0,990.0,0.0,970.0,0.0,970.0
743,2024-04-07 20:01:11,0.0,990.0,0.0,970.0,0.0,970.0
744,2024-04-07 20:01:14,0.0,990.0,0.0,970.0,0.0,970.0
745,2024-04-07 20:01:18,0.0,990.0,0.0,970.0,0.0,970.0
746,2024-04-07 20:01:22,0.0,990.0,0.0,970.0,0.0,970.0
747,2024-04-07 20:01:25,0.0,990.0,0.0,970.0,0.0,970.0
748,2024-04-07 20:01:28,0.0,990.0,0.0,970.0,0.0,970.0
749,2024-04-07 20:01:31,0.0,990.0,0.0,970.0,0.0,970.0
750,2024-04-07 20:01:35,1.82,2.16,3.9,5.2,3.25,4.2
751,2024-04-07 20:01:39,1.82,2.14,3.95,5.2,3.25,4.2
752,2024-04-07 20:01:42,1.82,2.14,3.95,5.2,3.35,4.2
753,2024-04-07 20:01:45,1.82,2.14,3.95,5.2,3.35,4.2
754,2024-04-07 20:01:49,1.82,2.14,3.95,5.2,3.35,4.2
755,2024-04-07 20:01:52,1.82,2.12,4.1,5.2,3.35,4.2
756,2024-04-07 20:01:55,1.82,2.12,4.1,5.2,3.35,4.2
757,2024-04-07 20:01:58,1.82,2.12,4.1,5.2,3.35,4.2
758,2024-04-07 20:02:02,1.82,2.2,4.1,6.6,3.35,4.2
759,2024-04-07 20:02:05,1.82,2.2,4.1,6.6,3.35,4.2
760,2024-04-07 20:02:09,1.82,2.06,4.3,5.6,3.4,4.2
761,2024-04-07 20:02:11,1.82,2.06,4.3,5.6,3.4,4.2
762,2024-04-07 20:02:14,1.77,2.12,4.3,5.6,3.4,4.2
763,2024-04-07 20:02:18,1.71,1.43,4.3,5.6,3.4,4.2
764,2024-04-07 20:02:21,1.76,2.02,4.5,5.6,3.45,4.2
765,2024-04-07 20:02:24,1.76,2.02,4.5,5.6,3.45,4.2
766,2024-04-07 20:02:27,1.76,2.02,4.5,5.6,3.45,4.2
767,2024-04-07 20:02:31,1.76,2.02,4.5,5.6,3.45,4.2
768,2024-04-07 20:02:34,1.76,2.02,4.5,5.6,3.45,4.2
769,2024-04-07 20:02:38,1.76,2.02,4.5,5.6,3.45,4.2
770,2024-04-07 20:02:41,1.76,2.02,4.5,5.6,3.45,4.2
771,2024-04-07 20:02:45,1.76,2.02,4.5,5.6,3.45,4.2
772,2024-04-07 20:02:48,1.76,2.02,4.5,5.6,3.45,4.2
773,2024-04-07 20:02:52,1.76,2.02,4.5,5.6,3.45,4.2
774,2024-04-07 20:02:55,1.76,2.02,4.5,5.6,3.45,4.2
775,2024-04-07 20:02:58,1.8,2.02,4.5,5.6,3.45,4.2
776,2024-04-07 20:03:01,1.8,2.02,4.5,5.6,3.45,4.2
777,2024-04-07 20:03:05,1.8,2.02,4.5,5.6,3.45,4.2
778,2024-04-07 20:03:09,1.8,2.02,4.5,5.6,3.45,4.2
779,2024-04-07 20:03:12,1.8,2.02,4.5,5.6,3.45,4.2
780,2024-04-07 20:03:15,1.8,2.02,4.5,5.6,3.45,4.2
781,2024-04-07 20:03:18,1.8,2.02,4.3,5.6,3.45,4.2
782,2024-04-07 20:03:22,1.8,2.02,4.3,5.6,3.45,4.2
783,2024-04-07 20:03:25,1.8,2.02,4.3,5.6,3.45,4.2
784,2024-04-07 20:03:29,1.8,2.02,4.3,5.6,3.4,4.2
785,2024-04-07 20:03:32,1.8,2.02,4.4,5.6,3.4,4.2
786,2024-04-07 20:03:36,1.8,2.02,4.4,5.6,3.4,4.2
787,2024-04-07 20:03:39,1.8,2.02,4.4,5.6,3.4,4.2
788,2024-04-07 20:03:43,1.8,2.02,4.4,5.6,3.4,4.2
789,2024-04-07 20:03:46,1.8,2.02,4.4,5.6,3.4,4.2
790,2024-04-07 20:03:49,1.8,2.02,4.4,5.6,3.4,4.2
791,2024-04-07 20:03:52,1.8,2.02,4.4,5.6,3.4,4.2
792,2024-04-07 20:03:55,1.8,2.02,4.4,5.6,3.4,4.2
793,2024-04-07 20:03:59,1.8,2.02,4.4,5.6,3.4,4.2
794,2024-04-07 20:04:02,1.8,2.02,4.4,5.6,3.4,4.2
795,2024-04-07 20:04:06,1.8,2.02,4.4,5.6,3.4,4.2
796,2024-04-07 20:04:09,1.8,2.02,4.4,5.6,3.4,4.2
797,2024-04-07 20:04:12,1.8,2.02,4.4,5.6,3.4,4.2
798,2024-04-07 20:04:16,1.8,2.02,4.4,5.6,3.4,4.2
799,2024-04-07 20:04:20,1.8,2.02,4.4,5.6,3.4,4.2
800,2024-04-07 20:04:23,1.8,2.02,4.4,5.6,3.4,4.2
801,2024-04-07 20:04:26,1.8,2.02,4.4,5.6,3.4,4.2
802,2024-04-07 20:04:30,1.8,2.02,4.4,5.6,3.4,4.2
803,2024-04-07 20:04:33,1.79,2.02,4.4,5.6,3.4,4.2
804,2024-04-07 20:04:37,1.79,2.02,4.5,5.6,3.4,4.2
805,2024-04-07 20:04:41,1.79,2.02,4.5,5.6,3.4,4.2
806,2024-04-07 20:04:44,1.79,2.02,4.5,5.6,3.4,4.2
807,2024-04-07 20:04:48,1.79,2.02,4.5,5.6,3.4,4.2
808,2024-04-07 20:04:51,1.79,2.02,4.5,5.6,3.4,4.2
809,2024-04-07 20:04:55,1.79,2.02,4.5,5.6,3.4,4.2
810,2024-04-07 20:04:59,1.79,2.02,4.6,5.6,3.4,4.2
811,2024-04-07 20:05:03,1.78,2.02,4.6,5.6,3.4,4.2
812,2024-04-07 20:05:06,1.78,2.02,4.7,5.6,3.4,4.2
813,2024-04-07 20:05:10,1.78,2.02,4.7,5.6,3.4,4.2
814,2024-04-07 20:05:14,1.78,2.02,4.7,5.6,3.4,4.2
815,2024-04-07 20:05:17,1.78,2.02,4.7,5.6,3.4,4.2
816,2024-04-07 20:05:20,1.78,2.02,4.7,5.6,3.4,4.2
817,2024-04-07 20:05:24,1.78,2.02,4.7,5.6,3.4,4.2
818,2024-04-07 20:05:28,1.78,2.02,4.7,5.6,3.4,4.2
819,2024-04-07 20:05:31,1.78,2.02,4.7,5.6,3.4,4.2
820,2024-04-07 20:05:35,1.78,2.02,4.7,5.6,3.4,4.2
821,2024-04-07 20:05:38,1.78,2.02,4.7,5.6,3.4,4.2
822,2024-04-07 20:05:42,1.78,2.02,4.7,5.6,3.4,4.2
823,2024-04-07 20:05:45,1.78,2.02,4.7,5.6,3.4,4.2
824,2024-04-07 20:05:48,1.78,2.02,4.6,5.6,3.4,4.2
825,2024-04-07 20:05:52,1.78,2.02,4.6,5.6,3.4,4.2
826,2024-04-07 20:05:55,1.78,2.02,4.6,5.6,3.4,4.2
827,2024-04-07 20:05:59,1.78,2.02,4.6,5.6,3.4,4.2
828,2024-04-07 20:06:02,1.78,2.02,4.6,5.6,3.4,4.2
829,2024-04-07 20:06:05,1.78,2.02,4.6,5.6,3.4,4.2
830,2024-04-07 20:06:08,1.78,2.02,4.6,5.6,3.4,4.2
831,2024-04-07 20:06:12,1.78,2.02,4.6,5.6,3.4,4.2
832,2024-04-07 20:06:16,1.78,2.02,4.6,5.6,3.4,4.2
833,2024-04-07 20:06:19,1.78,2.02,4.6,5.6,3.4,4.2
834,2024-04-07 20:06:22,1.78,2.02,4.6,5.6,3.4,4.2
835,2024-04-07 20:06:26,1.78,2.02,4.6,5.6,3.4,4.2
836,2024-04-07 20:06:29,1.78,2.02,4.6,5.6,3.4,4.2
837,2024-04-07 20:06:32,1.78,2.02,4.6,5.6,3.4,4.2
838,2024-04-07 20:06:36,1.78,2.02,4.6,5.6,3.4,4.2
839,2024-04-07 20:06:40,1.78,2.02,4.6,5.6,3.4,4.2
840,2024-04-07 20:06:43,1.78,2.02,4.6,5.6,3.4,4.2
841,2024-04-07 20:06:47,1.78,2.02,4.6,5.6,3.4,4.2
842,2024-04-07 20:06:50,1.78,1.99,4.6,5.6,3.4,4.2
843,2024-04-07 20:06:54,1.78,1.99,4.6,5.6,3.4,4.2
844,2024-04-07 20:06:57,1.78,1.99,4.6,5.6,3.4,4.2
845,2024-04-07 20:07:01,1.78,1.97,4.6,5.6,3.4,4.2
846,2024-04-07 20:07:04,1.78,1.97,4.7,5.7,3.4,4.2
847,2024-04-07 20:07:07,1.78,1.97,4.7,5.7,3.4,4.2
848,2024-04-07 20:07:10,1.78,1.97,4.7,5.7,3.4,4.2
849,2024-04-07 20:07:13,1.78,1.97,4.7,5.7,3.4,4.2
850,2024-04-07 20:07:17,1.75,1.97,4.7,5.8,3.4,4.2
851,2024-04-07 20:07:20,1.75,1.97,4.7,5.8,3.4,4.2
852,2024-04-07 20:07:24,1.75,1.95,4.8,5.8,3.4,4.2
853,2024-04-07 20:07:27,1.75,1.95,4.8,5.8,3.4,4.2
854,2024-04-07 20:07:31,1.75,1.95,4.8,5.8,3.4,4.2
855,2024-04-07 20:07:34,1.75,1.95,4.8,5.8,3.4,4.2
856,2024-04-07 20:07:37,1.75,1.95,4.8,5.8,3.4,4.2
857,2024-04-07 20:07:41,1.75,1.95,4.8,5.8,3.4,4.2
858,2024-04-07 20:07:44,1.75,1.97,4.8,5.8,3.4,4.2
859,2024-04-07 20:07:47,1.77,1.97,4.8,5.7,3.4,4.2
860,2024-04-07 20:07:51,1.77,1.97,4.8,5.7,3.4,4.2
861,2024-04-07 20:07:54,1.77,1.97,4.8,5.7,3.4,4.2
862,2024-04-07 20:07:57,1.77,1.97,4.8,5.7,3.4,4.2
863,2024-04-07 20:08:01,1.77,1.97,4.8,5.7,3.4,4.2
864,2024-04-07 20:08:04,1.77,1.97,4.8,5.7,3.4,4.2
865,2024-04-07 20:08:08,1.77,1.97,4.8,5.7,3.4,4.2
866,2024-04-07 20:08:11,1.77,1.97,4.8,5.7,3.4,4.2
867,2024-04-07 20:08:15,1.77,1.97,4.8,5.7,3.4,4.2
868,2024-04-07 20:08:18,1.77,1.97,4.8,5.7,3.4,4.2
869,2024-04-07 20:08:21,1.77,1.97,4.8,5.7,3.4,4.2
870,2024-04-07 20:08:24,1.77,1.97,4.8,5.7,3.4,4.2
871,2024-04-07 20:08:28,1.77,1.97,4.8,5.7,3.4,4.2
872,2024-04-07 20:08:31,1.77,1.97,4.8,5.8,3.4,4.2
873,2024-04-07 20:08:35,1.77,1.97,4.8,5.8,3.4,4.2
874,2024-04-07 20:08:38,1.77,1.97,4.8,5.8,3.4,4.2
875,2024-04-07 20:08:41,1.77,1.97,4.8,5.8,3.4,4.2
876,2024-04-07 20:08:45,1.77,1.97,4.8,5.8,3.4,4.2
877,2024-04-07 20:08:48,1.77,1.97,4.8,5.8,3.4,4.2
878,2024-04-07 20:08:52,1.77,1.97,4.8,5.8,3.4,4.2
879,2024-04-07 20:08:55,1.77,1.97,4.8,5.8,3.4,4.2
880,2024-04-07 20:08:58,1.77,1.97,4.8,5.8,3.4,4.2
881,2024-04-07 20:09:02,1.77,1.97,4.8,5.8,3.4,4.2
882,2024-04-07 20:09:05,1.75,1.97,4.8,5.8,3.4,4.2
883,2024-04-07 20:09:09,1.75,1.97,4.8,5.8,3.4,4.2
884,2024-04-07 20:09:12,1.75,1.97,4.8,5.8,3.4,4.2
885,2024-04-07 20:09:16,1.75,1.97,4.8,5.8,3.4,4.2
886,2024-04-07 20:09:19,1.75,1.97,4.8,5.8,3.4,4.2
887,2024-04-07 20:09:22,1.75,1.97,4.8,5.8,3.4,4.2
888,2024-04-07 20:09:26,1.75,1.97,4.8,5.8,3.4,4.2
889,2024-04-07 20:09:29,1.75,1.97,4.8,5.8,3.4,4.2
890,2024-04-07 20:09:33,1.75,1.97,4.8,5.9,3.4,4.2
891,2024-04-07 20:09:36,1.75,1.95,4.9,5.9,3.4,4.2
892,2024-04-07 20:09:40,1.75,1.95,4.9,5.9,3.4,4.2
893,2024-04-07 20:09:43,1.75,1.95,4.9,5.9,3.4,4.2
894,2024-04-07 20:09:46,1.75,1.95,4.9,5.9,3.4,4.2
895,2024-04-07 20:09:50,1.75,1.95,4.9,5.9,3.4,4.2
896,2024-04-07 20:09:53,1.75,1.95,4.9,5.9,3.4,4.2
897,2024-04-07 20:09:56,1.75,1.95,4.9,5.9,3.4,4.2
898,2024-04-07 20:09:59,1.75,1.95,4.9,5.9,3.4,4.2
899,2024-04-07 20:10:03,1.75,1.95,4.9,5.9,3.4,4.2
900,2024-04-07 20:10:05,1.75,1.95,4.9,5.9,3.4,4.2
901,2024-04-07 20:10:08,1.75,1.95,4.9,5.9,3.4,4.2
902,2024-04-07 20:10:12,1.75,1.95,4.9,5.9,3.4,4.2
903,2024-04-07 20:10:15,1.75,1.95,4.9,5.9,3.4,4.2
904,2024-04-07 20:10:18,1.75,1.95,4.9,5.9,3.4,4.2
905,2024-04-07 20:10:21,1.75,1.95,4.9,5.9,3.4,4.2
906,2024-04-07 20:10:25,1.75,1.95,4.9,5.9,3.4,4.2
907,2024-04-07 20:10:29,1.75,1.95,4.9,5.9,3.4,4.2
908,2024-04-07 20:10:32,1.75,1.95,4.9,5.9,3.4,4.2
909,2024-04-07 20:10:35,1.75,1.95,4.9,5.9,3.4,4.2
910,2024-04-07 20:10:39,1.75,1.95,4.9,5.9,3.4,4.2
911,2024-04-07 20:10:43,1.75,1.95,4.9,5.9,3.4,4.2
912,2024-04-07 20:10:46,1.75,1.97,4.9,5.9,3.35,4.2
913,2024-04-07 20:10:50,1.75,1.97,4.9,5.9,3.35,4.2
914,2024-04-07 20:10:54,1.75,1.97,4.9,5.9,3.35,4.2
915,2024-04-07 20:10:57,1.75,1.97,4.9,5.9,3.35,4.2
916,2024-04-07 20:11:01,1.75,1.97,4.8,5.9,3.35,4.2
917,2024-04-07 20:11:04,1.75,1.97,4.8,5.9,3.35,4.2
918,2024-04-07 20:11:08,1.75,1.97,4.8,5.9,3.35,4.2
919,2024-04-07 20:11:11,1.75,1.97,4.8,5.9,3.35,4.2
920,2024-04-07 20:11:15,1.75,1.97,4.8,5.9,3.35,4.2
921,2024-04-07 20:11:18,1.75,1.97,4.8,5.9,3.35,4.2
922,2024-04-07 20:11:22,1.75,1.97,4.8,5.9,3.35,4.2
923,2024-04-07 20:11:25,1.75,1.97,4.8,5.9,3.35,4.1
924,2024-04-07 20:11:28,1.75,1.97,4.8,5.9,3.35,4.1
925,2024-04-07 20:11:32,1.75,1.97,4.8,5.9,3.35,4.1
926,2024-04-07 20:11:36,1.75,1.97,4.8,5.9,3.35,4.1
927,2024-04-07 20:11:39,1.75,1.97,4.8,5.9,3.35,4.1
928,2024-04-07 20:11:43,1.75,1.97,4.8,5.9,3.35,4.1
929,2024-04-07 20:11:47,1.75,1.97,4.8,5.9,3.35,4.1
930,2024-04-07 20:11:50,1.75,1.97,4.8,5.9,3.35,4.1
931,2024-04-07 20:11:53,1.75,1.97,4.8,5.9,3.35,4.1
932,2024-04-07 20:11:57,1.75,1.97,4.9,5.9,3.35,4.1
933,2024-04-07 20:12:00,1.75,1.97,4.9,5.9,3.35,4.0
934,2024-04-07 20:12:03,1.75,1.97,4.9,5.9,3.35,4.0
935,2024-04-07 20:12:07,1.75,1.97,4.9,5.9,3.35,4.0
936,2024-04-07 20:12:10,1.75,1.97,4.9,5.9,3.35,4.0
937,2024-04-07 20:12:13,1.76,1.97,4.9,5.9,3.35,4.0
938,2024-04-07 20:12:17,1.75,1.97,4.9,6.0,3.35,4.0
939,2024-04-07 20:12:20,1.75,1.97,4.9,6.0,3.35,4.0
940,2024-04-07 20:12:23,1.75,1.97,4.9,6.0,3.35,4.0
941,2024-04-07 20:12:27,1.75,1.97,4.9,6.0,3.35,4.0
942,2024-04-07 20:12:31,1.75,1.97,4.9,6.2,3.35,4.0
943,2024-04-07 20:12:34,1.75,1.97,4.9,6.2,3.35,4.0
944,2024-04-07 20:12:37,1.75,1.94,5.1,6.2,3.35,4.0
945,2024-04-07 20:12:41,1.75,1.94,5.1,6.2,3.35,4.0
946,2024-04-07 20:12:45,1.75,1.94,5.1,6.2,3.35,4.0
947,2024-04-07 20:12:48,1.75,1.94,5.1,6.2,3.35,4.0
948,2024-04-07 20:12:52,1.75,1.94,5.1,6.2,3.3,4.0
949,2024-04-07 20:12:55,1.75,1.94,5.1,6.2,3.3,4.0
950,2024-04-07 20:12:59,1.75,1.94,5.1,6.2,3.3,4.0
951,2024-04-07 20:13:02,1.75,1.97,4.9,6.2,3.3,4.0
952,2024-04-07 20:13:05,1.77,1.97,4.9,6.2,3.3,4.0
953,2024-04-07 20:13:09,1.77,2.06,4.8,7.6,3.3,4.0
954,2024-04-07 20:13:12,1.8,2.0,4.8,5.9,3.3,4.0
955,2024-04-07 20:13:16,1.8,2.0,4.8,5.9,3.3,4.0
956,2024-04-07 20:13:19,1.8,2.0,4.8,5.9,3.3,4.0
957,2024-04-07 20:13:23,1.8,2.0,4.8,5.9,3.3,4.0
958,2024-04-07 20:13:26,1.8,2.0,4.8,5.9,3.3,4.0
959,2024-04-07 20:13:29,1.8,2.0,4.8,5.9,3.3,4.0
960,2024-04-07 20:13:32,1.8,2.0,4.8,5.9,3.3,4.0
961,2024-04-07 20:13:36,1.8,2.0,4.8,5.9,3.3,4.0
962,2024-04-07 20:13:39,1.8,2.0,4.8,5.9,3.25,4.0
963,2024-04-07 20:13:43,1.8,2.0,4.8,5.9,3.25,4.0
964,2024-04-07 20:13:46,1.8,2.1,4.7,5.9,3.25,4.0
965,2024-04-07 20:13:49,1.8,2.1,4.7,5.9,3.25,4.0
966,2024-04-07 20:13:53,1.8,2.06,4.8,5.9,3.25,4.0
967,2024-04-07 20:13:56,1.8,2.06,4.8,5.9,3.25,4.0
968,2024-04-07 20:14:00,1.8,2.04,4.8,5.9,3.25,4.0
969,2024-04-07 20:14:03,1.8,2.04,4.8,5.9,3.25,4.0
970,2024-04-07 20:14:07,1.8,2.04,4.8,5.9,3.25,4.0
971,2024-04-07 20:14:10,1.8,2.04,4.8,5.9,3.25,4.0
972,2024-04-07 20:14:13,1.8,2.04,4.8,5.9,3.25,4.0
973,2024-04-07 20:14:17,1.8,2.04,4.8,5.9,3.25,4.0
974,2024-04-07 20:14:20,1.79,2.04,4.8,5.9,3.25,4.0
975,2024-04-07 20:14:23,1.79,2.04,4.9,5.9,3.25,4.0
976,2024-04-07 20:14:27,1.79,2.04,4.9,5.9,3.25,4.0
977,2024-04-07 20:14:30,1.79,2.04,4.9,5.9,3.25,4.0
978,2024-04-07 20:14:34,1.79,2.04,4.9,5.9,3.25,4.0
979,2024-04-07 20:14:37,1.79,2.04,4.9,5.9,3.25,4.0
980,2024-04-07 20:14:41,1.79,2.04,4.9,5.9,3.25,4.0
981,2024-04-07 20:14:44,1.79,2.04,4.9,5.9,3.25,4.0
982,2024-04-07 20:14:47,1.79,2.04,4.8,5.9,3.25,4.0
983,2024-04-07 20:14:50,1.79,2.04,4.8,5.9,3.25,4.0
984,2024-04-07 20:14:53,1.79,2.04,4.8,5.9,3.2,4.0
985,2024-04-07 20:14:57,1.82,2.04,4.7,5.9,3.2,4.0
986,2024-04-07 20:15:00,1.82,2.04,3.8,5.9,3.2,4.0
987,2024-04-07 20:15:02,1.84,2.04,4.5,5.9,3.2,3.85
988,2024-04-07 20:15:06,1.84,2.04,4.5,5.9,3.2,3.85
989,2024-04-07 20:15:10,1.84,2.04,4.5,5.9,3.2,3.85
990,2024-04-07 20:15:13,1.84,2.04,4.5,5.9,3.2,3.85
991,2024-04-07 20:15:16,1.84,2.04,4.5,5.9,3.2,3.85
992,2024-04-07 20:15:19,1.84,2.12,4.5,5.9,3.2,3.85
993,2024-04-07 20:15:22,1.84,2.12,4.5,5.8,3.2,3.85
994,2024-04-07 20:15:25,1.84,2.12,4.5,5.8,3.2,3.85
995,2024-04-07 20:15:29,1.84,2.12,4.5,5.8,3.2,3.8
996,2024-04-07 20:15:32,1.84,2.12,4.5,5.8,3.2,3.8
997,2024-04-07 20:15:35,1.84,2.16,4.5,5.8,3.2,3.8
998,2024-04-07 20:15:39,1.83,2.1,4.7,5.8,3.2,3.8
999,2024-04-07 20:15:43,1.82,2.08,4.7,5.8,3.2,3.8
1000,2024-04-07 20:15:47,1.82,2.12,4.7,5.8,3.2,3.8
1001,2024-04-07 20:15:51,1.82,2.06,4.7,5.8,3.2,3.8
1002,2024-04-07 20:15:54,1.82,2.06,4.7,5.8,3.2,3.8
1003,2024-04-07 20:15:57,1.82,2.06,4.7,5.8,3.2,3.8
1004,2024-04-07 20:16:01,1.82,2.06,4.7,5.8,3.2,3.8
1005,2024-04-07 20:16:04,1.82,2.06,4.7,5.8,3.2,3.8
1006,2024-04-07 20:16:08,1.82,2.06,4.7,5.7,3.2,3.8
1007,2024-04-07 20:16:11,1.82,2.06,4.7,5.7,3.2,3.8
1008,2024-04-07 20:16:15,1.82,2.06,4.7,5.7,3.2,3.8
1009,2024-04-07 20:16:18,1.82,2.06,4.7,5.7,3.2,3.8
1010,2024-04-07 20:16:22,1.82,2.06,4.7,5.7,3.2,3.8
1011,2024-04-07 20:16:25,1.82,2.06,4.7,5.7,3.2,3.8
1012,2024-04-07 20:16:29,1.82,2.06,4.7,5.7,3.2,3.8
1013,2024-04-07 20:16:32,1.82,2.06,4.7,5.8,3.2,3.8
1014,2024-04-07 20:16:35,1.82,2.06,4.7,5.8,3.2,3.8
1015,2024-04-07 20:16:38,1.82,2.06,4.7,5.8,3.2,3.75
1016,2024-04-07 20:16:42,1.82,2.06,4.7,5.8,3.2,3.75
1017,2024-04-07 20:16:46,1.82,2.06,4.7,5.7,3.2,3.75
1018,2024-04-07 20:16:48,1.82,2.06,4.7,5.7,3.2,3.75
1019,2024-04-07 20:16:52,1.83,2.04,4.7,5.7,3.25,3.7
1020,2024-04-07 20:16:55,1.83,2.04,4.8,5.7,3.25,3.7
1021,2024-04-07 20:16:59,1.83,2.06,4.7,5.7,3.25,3.7
1022,2024-04-07 20:17:03,1.83,2.06,4.7,5.7,3.25,3.7
1023,2024-04-07 20:17:06,1.84,2.04,4.8,5.7,3.25,3.7
1024,2024-04-07 20:17:09,1.84,2.04,4.8,5.7,3.25,3.7
1025,2024-04-07 20:17:13,1.85,2.04,4.8,5.7,3.25,3.7
1026,2024-04-07 20:17:17,1.85,2.04,4.8,5.7,3.25,3.7
1027,2024-04-07 20:17:20,1.85,2.04,4.8,5.7,3.25,3.7
1028,2024-04-07 20:17:23,1.85,2.04,4.8,5.6,3.25,3.7
1029,2024-04-07 20:17:25,1.85,2.04,4.8,5.6,3.25,3.7
1030,2024-04-07 20:17:29,1.86,2.04,4.8,5.6,3.25,3.7
1031,2024-04-07 20:17:32,1.86,2.04,4.8,5.6,3.25,3.7
1032,2024-04-07 20:17:35,1.86,2.04,4.8,5.6,3.25,3.7
1033,2024-04-07 20:17:38,1.86,2.04,4.8,5.6,3.25,3.7
1034,2024-04-07 20:17:41,1.87,2.04,4.8,5.6,3.25,3.7
1035,2024-04-07 20:17:45,1.87,2.04,4.8,5.6,3.25,3.7
1036,2024-04-07 20:17:49,1.87,2.04,4.8,5.6,3.25,3.7
1037,2024-04-07 20:17:52,1.87,2.04,4.8,5.6,3.25,3.7
1038,2024-04-07 20:17:56,1.87,2.04,4.8,5.6,3.25,3.7
1039,2024-04-07 20:17:59,1.87,2.04,4.8,5.6,3.25,3.7
1040,2024-04-07 20:18:02,1.87,2.04,4.8,5.6,3.25,3.7
1041,2024-04-07 20:18:06,1.87,2.04,4.8,5.6,3.25,3.7
1042,2024-04-07 20:18:10,1.87,2.04,4.8,5.6,3.25,3.7
1043,2024-04-07 20:18:13,1.87,2.04,4.8,5.6,3.25,3.7
1044,2024-04-07 20:18:17,1.87,2.04,4.8,5.6,3.25,3.7
1045,2024-04-07 20:18:20,1.87,2.04,4.8,5.6,3.25,3.7
1046,2024-04-07 20:18:23,1.87,2.04,4.8,5.6,3.25,3.7
1047,2024-04-07 20:18:26,1.87,2.04,4.8,5.6,3.25,3.7
1048,2024-04-07 20:18:30,1.87,2.04,4.8,5.6,3.25,3.7
1049,2024-04-07 20:18:34,1.87,2.04,4.8,5.6,3.25,3.7
1050,2024-04-07 20:18:37,1.87,2.04,4.8,5.6,3.25,3.7
1051,2024-04-07 20:18:41,1.87,2.04,4.8,5.6,3.25,3.7
1052,2024-04-07 20:18:44,1.87,2.08,4.7,5.6,3.25,3.7
1053,2024-04-07 20:18:48,1.87,2.08,4.6,5.6,3.25,3.7
1054,2024-04-07 20:18:52,1.87,2.12,4.6,5.7,3.25,3.7
1055,2024-04-07 20:18:54,1.87,2.12,4.1,5.7,3.25,3.7
1056,2024-04-07 20:18:57,1.9,2.12,4.4,5.3,3.25,3.65
1057,2024-04-07 20:19:01,1.91,2.12,4.4,5.3,3.25,3.6
1058,2024-04-07 20:19:04,1.91,2.12,4.4,5.7,3.25,3.6
1059,2024-04-07 20:19:08,1.91,2.12,4.4,5.7,3.25,3.6
1060,2024-04-07 20:19:12,1.91,2.12,4.6,5.6,3.25,3.6
1061,2024-04-07 20:19:15,1.91,2.12,4.6,5.6,3.25,3.6
1062,2024-04-07 20:19:19,1.91,2.12,4.6,5.6,3.25,3.6
1063,2024-04-07 20:19:22,1.91,2.1,4.7,5.6,3.25,3.6
1064,2024-04-07 20:19:25,1.91,2.1,4.7,5.6,3.25,3.6
1065,2024-04-07 20:19:28,1.87,2.1,4.7,5.6,3.25,3.65
1066,2024-04-07 20:19:31,1.87,2.1,4.7,5.6,3.25,3.65
1067,2024-04-07 20:19:35,1.88,2.1,4.7,5.6,3.25,3.6
1068,2024-04-07 20:19:38,1.88,2.1,4.7,5.6,3.25,3.6
1069,2024-04-07 20:19:42,1.88,2.1,4.7,5.6,3.25,3.6
1070,2024-04-07 20:19:46,1.88,2.1,4.7,5.6,3.25,3.6
1071,2024-04-07 20:19:49,1.88,2.12,4.7,5.6,3.1,3.6
1072,2024-04-07 20:19:53,1.88,2.12,4.7,5.6,3.1,3.6
1073,2024-04-07 20:19:56,1.88,2.12,4.7,5.6,3.1,3.6
1074,2024-04-07 20:19:59,1.88,2.12,4.7,5.6,3.15,3.6
1075,2024-04-07 20:20:03,1.88,2.12,4.7,5.6,3.15,3.6
1076,2024-04-07 20:20:06,1.88,2.12,4.7,5.6,3.15,3.6
1077,2024-04-07 20:20:10,1.88,2.12,4.7,5.6,3.15,3.6
1078,2024-04-07 20:20:14,1.88,2.12,4.7,5.6,3.15,3.6
1079,2024-04-07 20:20:17,1.88,2.12,4.7,5.6,3.15,3.6
1080,2024-04-07 20:20:21,1.88,2.12,4.7,5.6,3.15,3.6
1081,2024-04-07 20:20:24,1.88,2.12,4.7,5.6,3.15,3.6
1082,2024-04-07 20:20:27,1.88,2.12,4.7,5.6,3.15,3.6
1083,2024-04-07 20:20:30,1.88,2.12,4.7,5.6,3.15,3.6
1084,2024-04-07 20:20:34,1.88,2.12,4.7,5.6,3.15,3.6
1085,2024-04-07 20:20:37,1.88,2.12,4.7,5.6,3.15,3.6
1086,2024-04-07 20:20:41,1.88,2.14,4.6,5.6,3.15,3.6
1087,2024-04-07 20:20:44,1.88,2.14,4.6,5.6,3.15,3.6
1088,2024-04-07 20:20:48,1.88,2.14,4.6,5.6,3.15,3.6
1089,2024-04-07 20:20:51,1.88,2.14,4.6,5.6,3.15,3.6
1090,2024-04-07 20:20:54,1.88,2.14,4.6,5.6,3.15,3.6
1091,2024-04-07 20:20:58,1.88,1.95,4.7,5.5,3.15,3.6
1092,2024-04-07 20:21:01,1.88,2.14,4.7,5.8,3.15,3.6
1093,2024-04-07 20:21:05,1.88,1.96,4.7,5.6,3.2,3.6
1094,2024-04-07 20:21:09,1.88,2.08,4.8,5.6,3.15,3.6
1095,2024-04-07 20:21:12,1.88,2.08,4.8,5.7,3.15,3.6
1096,2024-04-07 20:21:16,1.88,2.06,4.9,5.7,3.15,3.6
1097,2024-04-07 20:21:19,1.88,2.06,4.9,5.7,3.15,3.6
1098,2024-04-07 20:21:22,1.88,2.06,4.9,5.7,3.15,3.6
1099,2024-04-07 20:21:26,1.88,2.06,4.9,5.7,3.15,3.6
1100,2024-04-07 20:21:29,1.88,2.06,4.9,5.7,3.15,3.6
1101,2024-04-07 20:21:33,1.88,2.06,4.9,5.7,3.15,3.6
1102,2024-04-07 20:21:36,1.88,2.06,4.9,5.7,3.15,3.6
1103,2024-04-07 20:21:39,1.88,2.06,4.9,5.7,3.15,3.6
1104,2024-04-07 20:21:43,1.88,2.06,4.9,5.7,3.15,3.6
1105,2024-04-07 20:21:46,1.87,2.08,4.8,5.8,3.05,3.65
1106,2024-04-07 20:21:49,1.87,2.08,4.8,5.8,3.05,3.65
1107,2024-04-07 20:21:53,1.87,2.08,4.8,5.8,3.05,3.65
1108,2024-04-07 20:21:56,1.87,2.08,4.8,5.8,3.05,3.65
1109,2024-04-07 20:21:59,1.87,2.08,4.8,5.8,3.05,3.65
1110,2024-04-07 20:22:03,1.87,2.12,4.8,5.8,3.05,3.65
1111,2024-04-07 20:22:07,1.87,2.1,4.8,5.8,3.05,3.65
1112,2024-04-07 20:22:09,1.88,2.1,4.8,5.7,3.1,3.6
1113,2024-04-07 20:22:13,1.88,2.1,4.9,5.7,3.1,3.6
1114,2024-04-07 20:22:16,1.88,2.1,4.9,5.7,3.1,3.6
1115,2024-04-07 20:22:20,1.88,2.1,4.9,5.7,3.1,3.6
1116,2024-04-07 20:22:23,1.88,2.1,4.9,5.6,3.1,3.55
1117,2024-04-07 20:22:26,1.87,2.1,4.7,5.6,3.05,3.55
1118,2024-04-07 20:22:30,1.87,2.1,4.7,5.6,3.05,3.55
1119,2024-04-07 20:22:33,1.87,2.1,4.7,5.6,3.0,3.55
1120,2024-04-07 20:22:37,1.87,2.1,4.7,5.6,3.0,3.55
1121,2024-04-07 20:22:40,1.87,2.1,4.7,5.6,3.0,3.55
1122,2024-04-07 20:22:44,1.87,2.1,4.7,5.6,3.0,3.55
1123,2024-04-07 20:22:48,1.87,2.1,4.7,5.6,3.0,3.55
1124,2024-04-07 20:22:51,1.87,2.1,4.7,5.5,3.0,3.55
1125,2024-04-07 20:22:55,1.87,2.1,4.7,5.5,3.0,3.55
1126,2024-04-07 20:22:58,1.88,2.08,4.8,5.5,3.05,3.5
1127,2024-04-07 20:23:02,1.88,2.08,4.8,5.5,3.05,3.5
1128,2024-04-07 20:23:05,1.88,2.08,4.8,5.5,3.05,3.5
1129,2024-04-07 20:23:09,1.88,2.08,4.8,5.5,3.05,3.5
1130,2024-04-07 20:23:13,1.88,2.08,4.8,5.5,3.05,3.5
1131,2024-04-07 20:23:16,1.88,2.08,4.8,5.5,3.05,3.5
1132,2024-04-07 20:23:20,1.88,2.08,4.8,5.5,3.05,3.5
1133,2024-04-07 20:23:23,1.88,2.08,4.8,5.5,3.05,3.5
1134,2024-04-07 20:23:26,1.88,2.08,4.8,5.5,3.05,3.5
1135,2024-04-07 20:23:30,1.88,2.08,4.8,5.5,3.05,3.5
1136,2024-04-07 20:23:33,1.88,2.08,4.8,5.5,3.05,3.5
1137,2024-04-07 20:23:36,1.91,2.08,4.8,5.5,3.05,3.5
1138,2024-04-07 20:23:40,1.91,2.08,4.8,5.5,3.05,3.5
1139,2024-04-07 20:23:43,1.91,2.08,4.8,5.5,3.05,3.5
1140,2024-04-07 20:23:47,1.92,2.08,4.8,5.5,3.05,3.5
1141,2024-04-07 20:23:51,1.91,2.08,4.8,5.6,3.05,3.55
1142,2024-04-07 20:23:54,1.91,2.08,4.8,5.6,3.05,3.55
1143,2024-04-07 20:23:57,1.91,2.08,4.8,5.6,3.05,3.55
1144,2024-04-07 20:24:01,1.91,2.08,4.8,5.6,3.05,3.55
1145,2024-04-07 20:24:04,1.91,2.08,4.8,5.6,3.05,3.55
1146,2024-04-07 20:24:08,1.91,2.08,4.8,5.6,3.05,3.55
1147,2024-04-07 20:24:11,1.91,2.08,4.8,5.6,3.05,3.55
1148,2024-04-07 20:24:15,1.91,2.08,4.8,5.6,3.05,3.55
1149,2024-04-07 20:24:18,1.92,2.08,4.8,5.6,3.05,3.5
1150,2024-04-07 20:24:22,1.91,2.08,4.8,5.6,3.05,3.5
1151,2024-04-07 20:24:25,1.92,2.08,4.8,5.6,3.05,3.5
1152,2024-04-07 20:24:29,1.92,2.08,4.8,5.6,3.05,3.5
1153,2024-04-07 20:24:32,1.92,2.08,4.8,5.8,3.05,3.5
1154,2024-04-07 20:24:36,1.92,2.08,4.8,5.8,3.05,3.5
1155,2024-04-07 20:24:38,1.92,2.08,4.8,5.7,3.05,3.5
1156,2024-04-07 20:24:42,1.92,2.08,4.8,5.7,3.05,3.5
1157,2024-04-07 20:24:45,1.92,2.08,4.8,5.7,3.05,3.5
1158,2024-04-07 20:24:49,1.92,2.08,4.8,5.7,3.05,3.5
1159,2024-04-07 20:24:52,1.92,2.08,4.8,5.6,3.05,3.5
1160,2024-04-07 20:24:56,1.92,2.08,4.8,5.6,3.05,3.5
1161,2024-04-07 20:24:59,1.92,2.08,4.8,5.6,3.05,3.5
1162,2024-04-07 20:25:03,1.89,2.14,4.7,5.7,3.0,3.55
1163,2024-04-07 20:25:06,1.89,2.14,4.7,5.7,3.0,3.55
1164,2024-04-07 20:25:10,1.89,2.14,4.7,5.7,3.0,3.55
1165,2024-04-07 20:25:13,1.91,2.14,4.7,5.7,3.0,3.55
1166,2024-04-07 20:25:17,1.89,2.14,4.7,5.7,3.0,3.55
1167,2024-04-07 20:25:21,1.89,2.14,4.7,5.7,3.0,3.55
1168,2024-04-07 20:25:24,1.9,2.14,4.7,5.7,3.0,3.55
1169,2024-04-07 20:25:27,1.9,2.14,4.7,5.6,3.0,3.55
1170,2024-04-07 20:25:30,1.91,2.12,4.8,5.7,3.05,3.5
1171,2024-04-07 20:25:34,1.91,2.12,4.8,5.6,3.05,3.5
1172,2024-04-07 20:25:37,1.91,2.12,4.8,5.6,3.05,3.5
1173,2024-04-07 20:25:40,1.91,2.12,4.8,5.6,3.05,3.5
1174,2024-04-07 20:25:44,1.91,2.12,4.8,5.6,3.05,3.5
1175,2024-04-07 20:25:47,1.91,2.12,4.8,5.6,3.05,3.5
1176,2024-04-07 20:25:51,1.91,2.12,4.8,5.6,3.05,3.5
1177,2024-04-07 20:25:55,1.91,2.12,4.8,5.6,3.05,3.5
1178,2024-04-07 20:25:59,1.91,2.12,4.8,5.6,3.05,3.5
1179,2024-04-07 20:26:02,1.91,2.12,4.8,5.6,3.05,3.5
1180,2024-04-07 20:26:06,1.91,2.12,4.8,5.6,3.05,3.5
1181,2024-04-07 20:26:10,1.91,2.12,4.8,5.6,3.05,3.5
1182,2024-04-07 20:26:13,1.91,2.12,4.8,5.6,3.05,3.5
1183,2024-04-07 20:26:17,1.91,2.12,4.8,5.6,3.05,3.5
1184,2024-04-07 20:26:20,1.91,2.12,4.8,5.7,3.05,3.5
1185,2024-04-07 20:26:23,1.91,2.12,4.8,5.7,3.05,3.5
1186,2024-04-07 20:26:27,1.91,2.12,4.8,5.7,3.05,3.5
1187,2024-04-07 20:26:31,1.91,2.12,4.8,5.7,3.05,3.5
1188,2024-04-07 20:26:34,1.9,2.14,4.7,5.7,2.96,3.55
1189,2024-04-07 20:26:37,1.9,2.14,4.7,5.7,2.96,3.55
1190,2024-04-07 20:26:41,1.9,2.14,4.7,5.7,2.96,3.55
1191,2024-04-07 20:26:44,1.9,2.14,4.7,5.7,2.96,3.55
1192,2024-04-07 20:26:48,1.9,2.14,4.7,7.4,2.96,3.55
1193,2024-04-07 20:26:52,1.9,2.14,4.7,5.8,2.96,3.55
1194,2024-04-07 20:26:55,1.9,2.14,4.7,5.8,2.96,3.55
1195,2024-04-07 20:26:59,1.91,2.12,4.7,5.7,2.98,3.5
1196,2024-04-07 20:27:02,1.91,2.12,4.8,5.7,2.98,3.5
1197,2024-04-07 20:27:06,1.91,2.12,4.8,5.7,2.98,3.5
1198,2024-04-07 20:27:09,1.91,2.12,4.8,5.7,2.98,3.5
1199,2024-04-07 20:27:13,1.91,2.12,4.8,5.7,2.98,3.5
1200,2024-04-07 20:27:16,1.9,2.14,4.7,5.8,2.96,3.55
1201,2024-04-07 20:27:20,1.9,2.14,4.7,5.8,2.96,3.45
1202,2024-04-07 20:27:23,1.9,2.14,4.7,5.8,2.96,3.45
1203,2024-04-07 20:27:26,1.9,2.14,4.8,5.8,2.96,3.45
1204,2024-04-07 20:27:30,1.9,2.14,4.8,5.8,2.96,3.45
1205,2024-04-07 20:27:33,1.9,2.14,4.8,5.8,2.96,3.45
1206,2024-04-07 20:27:37,1.9,2.14,4.8,5.8,2.96,3.45
1207,2024-04-07 20:27:40,1.9,2.14,4.8,5.8,2.96,3.45
1208,2024-04-07 20:27:44,1.9,2.14,4.8,5.8,2.96,3.45
1209,2024-04-07 20:27:47,1.9,2.26,4.7,5.8,2.92,3.45
1210,2024-04-07 20:27:51,1.94,2.18,4.7,5.8,2.92,3.45
1211,2024-04-07 20:27:54,1.94,2.18,4.7,5.8,2.92,3.45
1212,2024-04-07 20:27:57,1.94,2.18,4.7,5.8,2.92,3.45
1213,2024-04-07 20:28:00,1.94,2.18,4.7,5.8,2.92,3.4
1214,2024-04-07 20:28:04,1.91,990.0,1.41,2.1,0.0,2.1
1215,2024-04-07 20:28:07,1.99,2.3,4.5,5.6,2.88,3.4
1216,2024-04-07 20:28:10,1.99,2.3,4.5,5.6,2.88,3.4
1217,2024-04-07 20:28:13,1.99,2.3,4.5,5.6,2.88,3.4
1218,2024-04-07 20:28:17,1.99,2.3,4.5,5.6,2.88,3.4
1219,2024-04-07 20:28:20,1.99,2.3,4.5,5.6,2.88,3.4
1220,2024-04-07 20:28:24,1.99,2.28,4.5,5.6,2.88,3.4
1221,2024-04-07 20:28:28,1.99,2.24,4.6,5.6,2.9,3.4
1222,2024-04-07 20:28:31,1.99,2.24,4.6,5.6,2.9,3.4
1223,2024-04-07 20:28:35,1.99,2.24,4.6,5.6,2.9,3.4
1224,2024-04-07 20:28:38,1.99,2.24,4.6,5.6,2.9,3.4
1225,2024-04-07 20:28:42,1.99,2.24,4.6,5.6,2.9,3.35
1226,2024-04-07 20:28:45,1.99,2.24,4.6,5.6,2.9,3.35
1227,2024-04-07 20:28:49,1.99,2.24,4.6,5.6,2.9,3.35
1228,2024-04-07 20:28:52,1.99,2.24,4.6,5.6,2.9,3.35
1229,2024-04-07 20:28:56,1.99,2.24,4.6,5.6,2.9,3.35
1230,2024-04-07 20:28:59,1.99,2.24,4.6,5.6,2.9,3.35
1231,2024-04-07 20:29:02,2.0,2.24,4.6,5.6,2.9,3.3
1232,2024-04-07 20:29:06,2.0,2.24,4.6,5.6,2.9,3.3
1233,2024-04-07 20:29:09,2.0,2.24,4.6,5.6,2.9,3.3
1234,2024-04-07 20:29:12,2.0,2.24,4.6,5.6,2.9,3.3
1235,2024-04-07 20:29:16,2.0,2.24,4.6,5.6,2.9,3.3
1236,2024-04-07 20:29:20,2.0,2.24,4.6,5.6,2.9,3.3
1237,2024-04-07 20:29:23,2.0,2.24,4.6,5.6,2.9,3.3
1238,2024-04-07 20:29:26,2.0,2.24,4.6,5.6,2.9,3.3
1239,2024-04-07 20:29:29,2.0,2.24,4.6,5.6,2.9,3.3
1240,2024-04-07 20:29:32,2.0,2.24,4.6,5.6,2.9,3.3
1241,2024-04-07 20:29:35,2.0,2.24,4.6,5.5,2.9,3.3
1242,2024-04-07 20:29:38,2.0,2.24,4.6,5.5,2.9,3.3
1243,2024-04-07 20:29:42,2.0,2.24,4.6,5.5,2.9,3.3
1244,2024-04-07 20:29:45,2.0,2.24,4.6,5.5,2.9,3.3
1245,2024-04-07 20:29:49,2.0,2.28,4.5,5.5,2.9,3.3
1246,2024-04-07 20:29:52,2.0,2.28,4.5,5.5,2.9,3.3
1247,2024-04-07 20:29:56,2.0,2.28,4.5,5.5,2.9,3.3
1248,2024-04-07 20:29:59,2.0,2.28,4.5,5.5,2.9,3.3
1249,2024-04-07 20:30:03,2.0,2.28,4.5,5.5,2.9,3.3
1250,2024-04-07 20:30:05,2.0,2.28,4.5,5.5,2.9,3.3
1251,2024-04-07 20:30:08,2.0,2.28,4.5,5.5,2.9,3.3
1252,2024-04-07 20:30:12,2.0,2.28,4.5,5.5,2.9,3.3
1253,2024-04-07 20:30:15,2.0,2.28,4.5,5.5,2.9,3.3
1254,2024-04-07 20:30:19,2.0,2.28,4.5,5.6,2.84,3.3
1255,2024-04-07 20:30:23,2.0,2.28,4.5,5.6,2.84,3.3
1256,2024-04-07 20:30:26,2.0,2.28,4.5,5.6,2.84,3.3
1257,2024-04-07 20:30:30,2.0,2.28,4.5,5.6,2.82,3.3
1258,2024-04-07 20:30:34,2.0,2.28,4.5,5.6,2.82,3.3
1259,2024-04-07 20:30:37,2.02,2.28,4.5,5.5,2.82,3.3
1260,2024-04-07 20:30:39,2.02,2.28,4.5,5.5,2.82,3.3
1261,2024-04-07 20:30:42,2.02,2.28,4.5,5.5,2.82,3.3
1262,2024-04-07 20:30:46,2.02,2.3,4.4,5.5,2.8,3.3
1263,2024-04-07 20:30:49,2.02,2.3,4.4,5.5,2.8,3.3
1264,2024-04-07 20:30:53,2.04,2.3,4.4,5.4,2.8,3.25
1265,2024-04-07 20:30:56,2.04,2.32,4.4,5.4,2.8,3.25
1266,2024-04-07 20:31:00,2.04,2.32,4.4,5.4,2.8,3.25
1267,2024-04-07 20:31:04,2.04,2.32,4.4,5.4,2.8,3.25
1268,2024-04-07 20:31:07,2.04,2.32,4.4,5.4,2.8,3.25
1269,2024-04-07 20:31:11,2.04,2.32,4.4,5.4,2.8,3.25
1270,2024-04-07 20:31:14,2.04,2.32,4.4,5.4,2.8,3.25
1271,2024-04-07 20:31:17,2.06,2.32,4.4,5.3,2.82,3.2
1272,2024-04-07 20:31:21,2.06,2.32,4.5,5.3,2.82,3.2
1273,2024-04-07 20:31:25,2.06,2.32,4.5,5.3,2.82,3.2
1274,2024-04-07 20:31:29,2.06,2.32,4.5,5.3,2.82,3.25
1275,2024-04-07 20:31:32,2.06,2.32,4.5,5.3,2.82,3.25
1276,2024-04-07 20:31:35,2.08,2.32,4.5,5.2,2.82,3.2
1277,2024-04-07 20:31:39,2.08,2.32,4.5,5.2,2.82,3.2
1278,2024-04-07 20:31:43,2.08,2.32,4.5,5.2,2.82,3.2
1279,2024-04-07 20:31:46,2.08,2.32,4.5,5.2,2.82,3.2
1280,2024-04-07 20:31:50,2.08,2.32,4.5,5.2,2.82,3.2
1281,2024-04-07 20:31:53,2.08,2.32,4.5,5.2,2.82,3.2
1282,2024-04-07 20:31:56,2.08,2.32,4.5,5.2,2.82,3.2
1283,2024-04-07 20:32:00,2.08,2.32,4.5,5.2,2.82,3.2
1284,2024-04-07 20:32:04,2.08,2.32,4.5,5.2,2.82,3.2
1285,2024-04-07 20:32:07,2.08,2.32,4.5,5.5,2.82,3.2
1286,2024-04-07 20:32:11,2.08,2.32,4.5,5.5,2.82,3.2
1287,2024-04-07 20:32:15,2.08,2.32,4.5,5.5,2.82,3.2
1288,2024-04-07 20:32:17,2.08,2.32,4.5,5.5,2.82,3.2
1289,2024-04-07 20:32:21,2.08,2.32,4.5,5.5,2.82,3.2
1290,2024-04-07 20:32:24,2.08,2.32,4.5,5.5,2.82,3.2
1291,2024-04-07 20:32:27,2.08,2.32,4.5,5.6,2.82,3.2
1292,2024-04-07 20:32:31,2.08,2.32,4.5,5.6,2.82,3.2
1293,2024-04-07 20:32:34,2.08,990.0,0.0,1.93,2.82,980.0
1294,2024-04-07 20:32:38,2.08,2.74,3.6,5.6,2.82,4.2
1295,2024-04-07 20:32:41,2.08,2.54,3.1,1.93,2.82,3.5
1296,2024-04-07 20:32:44,2.08,2.54,3.1,1.93,2.82,3.5
1297,2024-04-07 20:32:47,2.08,2.38,3.65,5.7,2.82,3.3
1298,2024-04-07 20:32:51,2.08,2.38,3.65,5.7,2.82,3.3
1299,2024-04-07 20:32:54,2.08,2.38,3.65,5.7,2.82,3.3
1300,2024-04-07 20:32:58,2.08,2.38,3.65,5.7,2.82,3.3
1301,2024-04-07 20:33:01,1.21,1.55,3.65,5.7,2.82,980.0
1302,2024-04-07 20:33:05,1.87,2.38,3.65,6.0,2.82,5.3
1303,2024-04-07 20:33:09,1.87,2.38,3.65,6.0,2.82,5.3
1304,2024-04-07 20:33:12,1.87,2.38,3.65,6.0,2.82,3.65
1305,2024-04-07 20:33:15,1.87,2.38,3.65,6.0,2.82,3.65
1306,2024-04-07 20:33:19,0.0,990.0,0.0,980.0,0.0,980.0
1307,2024-04-07 20:33:23,0.0,990.0,0.0,980.0,0.0,980.0
1308,2024-04-07 20:33:26,0.0,990.0,0.0,980.0,0.0,980.0
1309,2024-04-07 20:33:30,0.0,990.0,0.0,980.0,0.0,980.0
1310,2024-04-07 20:33:33,0.0,990.0,0.0,980.0,0.0,980.0
1311,2024-04-07 20:33:36,0.0,990.0,0.0,980.0,0.0,980.0
1312,2024-04-07 20:33:39,2.02,990.0,0.0,1.99,2.68,980.0
1313,2024-04-07 20:33:43,2.02,990.0,0.0,1.99,2.68,980.0
1314,2024-04-07 20:33:46,2.02,990.0,0.0,1.99,2.68,980.0
1315,2024-04-07 20:33:49,2.02,990.0,0.0,1.99,2.68,980.0
1316,2024-04-07 20:33:53,0.0,990.0,0.0,980.0,0.0,980.0
1317,2024-04-07 20:33:56,0.0,990.0,0.0,980.0,0.0,980.0
1318,2024-04-07 20:34:00,2.02,990.0,0.0,1.99,2.68,980.0
1319,2024-04-07 20:34:04,2.02,2.4,4.3,5.6,2.68,3.3
1320,2024-04-07 20:34:07,2.02,2.4,4.3,5.6,2.68,3.3
1321,2024-04-07 20:34:11,2.02,2.38,4.3,5.6,2.9,3.3
1322,2024-04-07 20:34:14,2.02,2.38,4.3,5.6,2.9,3.3
1323,2024-04-07 20:34:18,2.02,2.38,4.3,5.6,2.9,3.3
1324,2024-04-07 20:34:22,2.02,2.38,4.3,5.6,2.9,3.3
1325,2024-04-07 20:34:25,2.02,2.38,4.3,5.6,2.9,3.3
1326,2024-04-07 20:34:29,2.02,2.38,4.3,5.6,2.9,3.3
1327,2024-04-07 20:34:32,2.02,2.38,4.3,5.6,2.9,3.3
1328,2024-04-07 20:34:36,2.02,2.38,4.3,5.6,2.9,3.3
1329,2024-04-07 20:34:39,2.02,2.38,4.3,5.6,2.9,3.3
1330,2024-04-07 20:34:43,2.02,2.38,4.3,5.6,2.9,3.3
1331,2024-04-07 20:34:46,2.02,2.38,4.3,5.6,2.9,3.3
1332,2024-04-07 20:34:50,2.02,2.38,4.3,5.6,2.9,3.3
1333,2024-04-07 20:34:53,2.02,2.38,4.3,5.6,2.9,3.3
1334,2024-04-07 20:34:57,2.02,2.38,4.3,5.6,2.9,3.3
1335,2024-04-07 20:35:01,2.02,2.38,4.3,5.6,2.9,3.3
1336,2024-04-07 20:35:04,2.02,2.38,4.3,5.6,2.9,3.3
1337,2024-04-07 20:35:06,2.02,2.38,4.3,5.6,2.9,3.3
1338,2024-04-07 20:35:10,2.02,2.38,4.3,5.6,2.9,3.3
1339,2024-04-07 20:35:14,2.02,2.38,4.3,5.6,2.9,3.3
1340,2024-04-07 20:35:17,2.02,2.38,4.3,5.6,2.9,3.3
1341,2024-04-07 20:35:21,2.02,2.38,4.3,5.6,2.9,3.3
1342,2024-04-07 20:35:24,2.02,2.38,4.3,5.6,2.9,3.3
1343,2024-04-07 20:35:28,2.02,2.38,4.3,5.6,2.84,3.3
1344,2024-04-07 20:35:31,2.02,2.38,4.3,5.6,2.84,3.3
1345,2024-04-07 20:35:35,2.02,2.38,4.3,5.6,2.84,3.3
1346,2024-04-07 20:35:38,2.02,2.38,4.3,5.6,2.84,3.3
1347,2024-04-07 20:35:42,2.02,2.38,4.3,5.6,2.84,3.3
1348,2024-04-07 20:35:46,2.02,2.38,4.3,5.6,2.84,3.3
1349,2024-04-07 20:35:49,2.02,2.38,4.3,5.6,2.84,3.3
1350,2024-04-07 20:35:53,2.02,2.38,4.3,5.6,2.84,3.3
1351,2024-04-07 20:35:57,2.02,2.38,4.3,5.6,2.84,3.3
1352,2024-04-07 20:36:01,2.02,2.38,4.3,5.6,2.84,3.3
1353,2024-04-07 20:36:04,2.02,2.38,4.3,5.6,2.84,3.3
1354,2024-04-07 20:36:08,2.02,2.38,4.3,5.6,2.84,3.3
1355,2024-04-07 20:36:12,2.02,2.38,4.3,5.6,2.84,3.3
1356,2024-04-07 20:36:15,2.02,2.38,4.3,5.6,2.84,3.3
1357,2024-04-07 20:36:19,2.02,2.38,4.3,5.6,2.84,3.3
1358,2024-04-07 20:36:22,2.02,2.38,4.3,5.6,2.84,3.3
1359,2024-04-07 20:36:26,2.02,2.38,4.3,5.6,2.84,3.3
1360,2024-04-07 20:36:29,2.02,2.38,4.3,5.6,2.84,3.3
1361,2024-04-07 20:36:33,2.02,2.38,4.3,5.6,2.84,3.3
1362,2024-04-07 20:36:36,2.02,2.38,4.3,5.6,2.84,3.3
1363,2024-04-07 20:36:40,2.02,2.38,4.3,5.6,2.84,3.3
1364,2024-04-07 20:36:43,2.02,2.38,4.3,5.6,2.84,3.3
1365,2024-04-07 20:36:46,2.02,2.38,4.3,5.6,2.84,3.3
1366,2024-04-07 20:36:50,2.02,2.38,4.3,5.6,2.84,3.3
1367,2024-04-07 20:36:53,2.02,2.38,4.3,5.6,2.84,3.3
1368,2024-04-07 20:36:57,2.02,2.38,4.3,5.6,2.84,3.3
1369,2024-04-07 20:37:00,2.02,2.38,4.3,5.6,2.84,3.3
1370,2024-04-07 20:37:04,2.02,2.38,4.3,5.6,2.84,3.3
1371,2024-04-07 20:37:08,2.02,2.38,4.3,5.6,2.84,3.3
1372,2024-04-07 20:37:11,2.02,2.38,4.3,5.6,2.84,3.3
1373,2024-04-07 20:37:15,2.02,2.38,4.3,5.6,2.84,3.3
1374,2024-04-07 20:37:19,2.02,2.38,4.3,5.6,2.84,3.3
1375,2024-04-07 20:37:22,2.02,2.38,4.3,5.6,2.84,3.3
1376,2024-04-07 20:37:26,2.02,2.38,4.3,5.6,2.84,3.3
1377,2024-04-07 20:37:29,2.02,2.38,4.3,5.6,2.84,3.3
1378,2024-04-07 20:37:32,2.02,2.38,4.3,5.6,2.84,3.3
1379,2024-04-07 20:37:36,2.02,2.38,4.3,5.6,2.84,3.3
1380,2024-04-07 20:37:39,2.02,2.38,4.3,5.6,2.84,3.3
1381,2024-04-07 20:37:43,2.02,2.38,4.3,5.6,2.84,3.3
1382,2024-04-07 20:37:46,2.02,2.38,4.3,5.6,2.84,3.3
1383,2024-04-07 20:37:50,2.02,2.38,4.3,5.6,2.84,3.3
1384,2024-04-07 20:37:53,2.02,2.38,4.3,5.6,2.84,3.3
1385,2024-04-07 20:37:57,2.02,2.38,4.3,5.6,2.84,3.3
1386,2024-04-07 20:38:00,2.02,2.38,4.3,5.6,2.84,3.3
1387,2024-04-07 20:38:04,2.02,2.38,4.3,5.6,2.84,3.3
1388,2024-04-07 20:38:08,2.02,2.38,4.3,5.6,2.84,3.3
1389,2024-04-07 20:38:12,2.02,2.38,4.3,5.6,2.84,3.3
1390,2024-04-07 20:38:15,2.02,2.38,4.3,5.6,2.84,3.3
1391,2024-04-07 20:38:19,2.02,2.38,4.3,5.6,2.84,3.3
1392,2024-04-07 20:38:23,2.02,2.38,4.3,5.6,2.84,3.3
1393,2024-04-07 20:38:26,2.02,2.38,4.3,5.6,2.84,3.3
1394,2024-04-07 20:38:30,2.02,2.38,4.3,5.6,2.84,3.3
1395,2024-04-07 20:38:33,2.02,2.38,4.3,5.6,2.84,3.3
1396,2024-04-07 20:38:36,2.02,2.38,4.3,5.6,2.84,3.3
1397,2024-04-07 20:38:40,2.02,2.38,4.3,5.6,2.84,3.3
1398,2024-04-07 20:38:43,2.02,2.38,4.3,5.6,2.84,3.3
1399,2024-04-07 20:38:47,2.02,2.38,4.3,5.6,2.84,3.3
1400,2024-04-07 20:38:49,2.02,2.38,4.3,5.6,2.84,3.3
1401,2024-04-07 20:38:53,2.02,2.38,4.3,5.6,2.84,3.3
1402,2024-04-07 20:38:56,2.02,2.38,4.3,5.6,2.84,3.3
1403,2024-04-07 20:39:00,2.02,2.38,4.3,5.6,2.84,3.3
1404,2024-04-07 20:39:03,2.02,2.38,4.3,5.6,2.84,3.3
1405,2024-04-07 20:39:06,2.02,2.38,4.3,5.6,2.84,3.3
1406,2024-04-07 20:39:10,2.02,2.38,4.3,5.6,2.84,3.3
1407,2024-04-07 20:39:13,2.02,2.38,4.3,5.6,2.84,3.3
1408,2024-04-07 20:39:17,2.02,2.38,4.3,5.6,2.84,3.3
1409,2024-04-07 20:39:21,2.02,2.38,4.3,5.6,2.84,3.3
1410,2024-04-07 20:39:25,2.02,2.38,4.3,5.6,2.84,3.3
1411,2024-04-07 20:39:28,2.02,2.38,4.3,5.6,2.84,3.3
1412,2024-04-07 20:39:32,2.02,2.38,4.3,5.6,2.84,3.3
1413,2024-04-07 20:39:35,2.02,2.38,4.3,5.6,2.84,3.3
1414,2024-04-07 20:39:39,2.02,2.38,4.3,5.6,2.84,3.3
1415,2024-04-07 20:39:43,2.02,2.38,4.3,5.6,2.84,3.3
1416,2024-04-07 20:39:46,2.02,2.38,4.3,5.6,2.84,3.3
1417,2024-04-07 20:39:50,2.02,2.38,4.3,5.6,2.84,3.3
1418,2024-04-07 20:39:53,2.02,2.38,4.3,5.6,2.84,3.3
1419,2024-04-07 20:39:57,2.02,2.38,4.3,5.6,2.84,3.3
1420,2024-04-07 20:40:01,2.02,2.38,4.3,5.6,2.84,3.3
1421,2024-04-07 20:40:05,2.02,2.38,4.3,5.6,2.84,3.3
1422,2024-04-07 20:40:09,2.02,2.38,4.3,5.6,2.84,3.3
1423,2024-04-07 20:40:12,2.02,2.38,4.3,5.6,2.84,3.3
1424,2024-04-07 20:40:16,2.02,2.38,4.3,5.6,2.84,3.3
1425,2024-04-07 20:40:19,2.02,2.38,4.3,5.6,2.84,3.3
1426,2024-04-07 20:40:22,2.02,2.38,4.3,5.6,2.84,3.3
1427,2024-04-07 20:40:25,2.02,2.38,4.3,5.6,2.84,3.3
1428,2024-04-07 20:40:29,2.02,2.38,4.3,5.6,2.84,3.3
1429,2024-04-07 20:40:32,2.02,2.38,4.3,5.6,2.84,3.3
1430,2024-04-07 20:40:36,2.02,2.38,4.3,5.6,2.84,3.3
1431,2024-04-07 20:40:39,2.02,2.38,4.3,5.6,2.84,3.3
1432,2024-04-07 20:40:42,2.02,2.38,4.3,5.6,2.84,3.3
1433,2024-04-07 20:40:45,2.02,2.38,4.3,5.6,2.84,3.3
1434,2024-04-07 20:40:49,2.02,2.38,4.3,5.6,2.84,3.3
1435,2024-04-07 20:40:53,2.02,2.38,4.3,5.6,2.84,3.3
1436,2024-04-07 20:40:56,2.02,2.38,4.3,5.6,2.84,3.3
1437,2024-04-07 20:41:00,2.02,2.38,4.3,5.6,2.84,3.3
1438,2024-04-07 20:41:03,2.02,2.38,4.3,5.6,2.84,3.3
1439,2024-04-07 20:41:06,2.02,2.38,4.3,5.6,2.84,3.3
1440,2024-04-07 20:41:10,2.02,2.38,4.3,5.6,2.84,3.3
1441,2024-04-07 20:41:14,2.02,2.38,4.3,5.6,2.84,3.3
1442,2024-04-07 20:41:17,2.02,2.38,4.3,5.6,2.84,3.3
1443,2024-04-07 20:41:21,2.02,2.38,4.3,5.6,2.84,3.3
1444,2024-04-07 20:41:25,2.02,2.38,4.3,5.6,2.84,3.3
1445,2024-04-07 20:41:28,2.02,2.38,4.3,5.6,2.84,3.3
1446,2024-04-07 20:41:32,2.02,2.38,4.3,5.6,2.84,3.3
1447,2024-04-07 20:41:35,2.02,2.38,4.3,5.6,2.84,3.3
1448,2024-04-07 20:41:39,2.02,2.38,4.3,5.6,2.84,3.3
1449,2024-04-07 20:41:42,2.02,2.38,4.3,5.6,2.84,3.3
1450,2024-04-07 20:41:46,2.02,2.38,4.3,5.6,2.84,3.3
1451,2024-04-07 20:41:49,2.02,2.38,4.3,5.6,2.84,3.3
1452,2024-04-07 20:41:53,2.02,2.38,4.3,5.6,2.84,3.3
1453,2024-04-07 20:41:57,2.02,2.38,4.3,5.6,2.84,3.3
1454,2024-04-07 20:42:00,2.02,2.38,4.3,5.6,2.84,3.3
1455,2024-04-07 20:42:04,2.02,2.38,4.3,5.6,2.84,3.3
1456,2024-04-07 20:42:07,2.02,2.38,4.3,5.6,2.84,3.3
1457,2024-04-07 20:42:10,2.02,2.38,4.3,5.6,2.84,3.3
1458,2024-04-07 20:42:14,2.02,2.38,4.3,5.6,2.84,3.3
1459,2024-04-07 20:42:18,2.02,2.38,4.3,5.6,2.84,3.3
1460,2024-04-07 20:42:21,2.02,2.38,4.3,5.6,2.84,3.3
1461,2024-04-07 20:42:25,2.02,2.38,4.3,5.6,2.84,3.3
1462,2024-04-07 20:42:29,2.02,2.38,4.3,5.6,2.84,3.3
1463,2024-04-07 20:42:32,2.02,2.38,4.3,5.6,2.84,3.3
1464,2024-04-07 20:42:35,2.02,2.38,4.3,5.6,2.84,3.3
1465,2024-04-07 20:42:39,2.02,2.38,4.3,5.6,2.84,3.3
1466,2024-04-07 20:42:42,2.02,2.38,4.3,5.6,2.84,3.3
1467,2024-04-07 20:42:45,2.02,2.38,4.3,5.6,2.84,3.3
1468,2024-04-07 20:42:49,2.02,2.38,4.3,5.6,2.84,3.3
1469,2024-04-07 20:42:53,2.02,2.38,4.3,5.6,2.84,3.3
1470,2024-04-07 20:42:56,2.02,2.38,4.3,5.6,2.84,3.3
1471,2024-04-07 20:42:59,2.02,2.38,4.3,5.6,2.84,3.3
1472,2024-04-07 20:43:03,2.02,2.38,4.3,5.6,2.84,3.3
1473,2024-04-07 20:43:06,2.02,2.38,4.3,5.6,2.84,3.3
1474,2024-04-07 20:43:10,2.02,2.38,4.3,5.6,2.84,3.3
1475,2024-04-07 20:43:14,2.02,2.38,4.3,5.6,2.84,3.3
1476,2024-04-07 20:43:17,2.02,2.38,4.3,5.6,2.84,3.3
1477,2024-04-07 20:43:21,2.02,2.38,4.3,5.6,2.84,3.3
1478,2024-04-07 20:43:24,2.02,2.38,4.3,6.6,2.84,3.3
1479,2024-04-07 20:43:28,2.02,2.38,4.3,6.6,2.84,3.3
1480,2024-04-07 20:43:31,2.02,2.38,4.3,5.5,2.84,3.3
1481,2024-04-07 20:43:35,2.02,2.38,4.3,5.5,2.84,3.3
1482,2024-04-07 20:43:38,2.02,2.38,4.3,5.5,2.84,3.3
1483,2024-04-07 20:43:42,2.02,2.38,4.3,5.5,2.84,3.3
1484,2024-04-07 20:43:45,2.02,2.38,4.3,5.5,2.84,3.3
1485,2024-04-07 20:43:49,2.02,2.38,4.3,5.5,2.84,3.3
1486,2024-04-07 20:43:53,2.02,2.38,4.3,5.5,2.84,3.3
1487,2024-04-07 20:43:56,2.02,2.38,4.3,5.5,2.84,3.3
1488,2024-04-07 20:44:00,2.02,2.38,4.3,5.5,2.84,3.3
1489,2024-04-07 20:44:03,2.02,2.38,4.3,5.5,2.84,3.3
1490,2024-04-07 20:44:07,2.02,2.38,4.3,5.5,2.84,3.3
1491,2024-04-07 20:44:11,2.02,2.38,4.3,5.5,2.84,3.3
1492,2024-04-07 20:44:14,2.02,2.38,4.3,5.5,2.84,3.3
1493,2024-04-07 20:44:18,2.02,2.38,4.3,5.5,2.84,3.3
1494,2024-04-07 20:44:22,2.02,2.38,4.3,5.5,2.84,3.3
1495,2024-04-07 20:44:25,2.02,2.38,4.3,5.5,2.84,3.3
1496,2024-04-07 20:44:29,2.02,2.38,4.3,5.5,2.84,3.3
1497,2024-04-07 20:44:32,2.02,2.38,4.3,5.5,2.84,3.3
1498,2024-04-07 20:44:36,2.02,2.38,4.3,5.5,2.84,3.3
1499,2024-04-07 20:44:40,2.02,2.38,4.3,5.5,2.84,3.3
1500,2024-04-07 20:44:43,2.02,2.38,4.3,5.5,2.84,3.3
1501,2024-04-07 20:44:47,2.02,2.38,4.3,5.5,2.84,3.3
1502,2024-04-07 20:44:51,2.02,2.38,4.3,5.5,2.84,3.3
1503,2024-04-07 20:44:54,2.02,2.38,4.3,5.5,2.84,3.3
1504,2024-04-07 20:44:57,2.02,2.38,4.3,5.5,2.84,3.3
1505,2024-04-07 20:45:01,2.02,2.38,4.3,5.5,2.84,3.3
1506,2024-04-07 20:45:05,2.02,2.38,4.3,5.5,2.84,3.3
1507,2024-04-07 20:45:08,2.02,2.38,4.3,5.5,2.84,3.3
1508,2024-04-07 20:45:11,2.02,2.38,4.3,5.5,2.84,3.3
1509,2024-04-07 20:45:15,2.02,2.38,4.3,5.5,2.84,3.3
1510,2024-04-07 20:45:18,2.02,2.38,4.3,5.5,2.84,3.3
1511,2024-04-07 20:45:21,2.02,2.38,4.3,5.5,2.84,3.3
1512,2024-04-07 20:45:25,2.02,2.38,4.3,5.5,2.84,3.3
1513,2024-04-07 20:45:29,2.02,2.38,4.3,5.5,2.84,3.3
1514,2024-04-07 20:45:32,2.02,2.38,4.3,5.5,2.84,3.3
1515,2024-04-07 20:45:36,2.02,2.38,4.3,5.5,2.84,3.3
1516,2024-04-07 20:45:40,2.02,990.0,4.3,5.5,1.22,1.99
1517,2024-04-07 20:45:44,2.02,990.0,4.3,5.5,1.22,1.99
1518,2024-04-07 20:45:47,2.02,990.0,4.3,5.5,1.22,1.99
1519,2024-04-07 20:45:50,2.02,2.4,4.3,5.5,2.68,3.3
1520,2024-04-07 20:45:53,2.02,2.4,4.3,5.5,2.68,3.3
1521,2024-04-07 20:45:56,2.02,2.4,4.3,5.5,2.68,3.3
1522,2024-04-07 20:45:59,2.02,2.4,4.3,5.5,2.68,3.3
1523,2024-04-07 20:46:03,2.02,2.4,4.3,5.5,2.68,3.3
1524,2024-04-07 20:46:07,2.02,2.4,4.3,5.5,2.68,3.3
1525,2024-04-07 20:46:11,2.02,2.4,4.3,5.5,2.68,3.3
1526,2024-04-07 20:46:15,2.02,2.4,4.3,5.5,2.68,3.3
1527,2024-04-07 20:46:18,2.02,2.4,4.3,5.5,2.68,3.3
1528,2024-04-07 20:46:22,2.02,2.4,4.3,5.5,2.68,3.3
1529,2024-04-07 20:46:25,2.02,2.4,4.3,5.5,2.68,3.3
1530,2024-04-07 20:46:29,2.02,2.4,4.3,5.5,2.68,3.3
1531,2024-04-07 20:46:32,2.02,2.4,4.3,5.5,2.68,3.3
1532,2024-04-07 20:46:36,2.02,2.4,4.3,5.5,2.68,3.3
1533,2024-04-07 20:46:40,2.02,2.4,4.3,5.5,2.68,3.3
1534,2024-04-07 20:46:43,2.02,2.4,4.3,5.5,2.68,3.3
1535,2024-04-07 20:46:46,2.02,2.4,4.3,5.5,2.68,3.3
1536,2024-04-07 20:46:50,2.02,2.4,4.3,5.5,2.68,3.3
1537,2024-04-07 20:46:53,2.02,2.4,4.3,5.5,2.68,3.3
1538,2024-04-07 20:46:57,2.02,2.4,4.3,5.5,2.68,3.3
1539,2024-04-07 20:47:01,2.02,2.4,4.3,5.5,2.68,3.3
1540,2024-04-07 20:47:04,2.02,2.4,4.3,5.5,2.68,3.3
1541,2024-04-07 20:47:08,2.02,2.4,4.3,5.5,2.68,3.3
1542,2024-04-07 20:47:11,2.02,2.4,4.3,5.5,2.68,3.3
1543,2024-04-07 20:47:16,2.02,2.4,4.3,5.5,2.68,3.3
1544,2024-04-07 20:47:19,2.02,2.4,4.3,5.5,2.68,3.3
1545,2024-04-07 20:47:22,2.02,2.4,4.3,5.5,2.68,3.3
1546,2024-04-07 20:47:26,2.02,2.4,4.3,5.5,2.68,3.3
1547,2024-04-07 20:47:29,2.02,2.4,4.3,5.5,2.68,3.3
1548,2024-04-07 20:47:32,2.02,2.4,4.3,5.5,2.68,3.3
1549,2024-04-07 20:47:36,2.02,2.4,4.3,5.5,2.68,3.3
1550,2024-04-07 20:47:39,2.02,2.4,4.3,5.5,2.68,3.3
1551,2024-04-07 20:47:42,2.02,2.4,4.3,5.5,2.68,3.3
1552,2024-04-07 20:47:46,2.02,2.4,4.3,5.5,2.68,3.3
1553,2024-04-07 20:47:49,2.02,2.4,4.3,5.5,2.68,3.3
1554,2024-04-07 20:47:53,2.02,2.4,4.3,5.5,2.68,3.3
1555,2024-04-07 20:47:56,2.02,2.4,4.3,5.5,2.68,3.3
1556,2024-04-07 20:48:00,2.02,2.4,4.3,5.5,2.68,3.3
1557,2024-04-07 20:48:03,2.02,2.4,4.3,5.5,2.68,3.3
1558,2024-04-07 20:48:07,2.02,2.4,4.3,5.5,2.68,3.3
1559,2024-04-07 20:48:11,2.02,2.4,4.3,5.5,2.68,3.3
1560,2024-04-07 20:48:14,2.02,2.4,4.3,5.5,2.68,3.3
1561,2024-04-07 20:48:18,2.02,2.4,4.3,5.5,2.68,3.3
1562,2024-04-07 20:48:22,2.02,2.4,4.3,5.5,2.68,3.3
1563,2024-04-07 20:48:26,2.02,2.4,4.3,5.5,2.68,3.3
1564,2024-04-07 20:48:29,2.02,2.4,4.3,5.5,2.68,3.3
1565,2024-04-07 20:48:32,0.0,990.0,0.0,980.0,0.0,980.0
1566,2024-04-07 20:48:35,0.0,990.0,0.0,980.0,0.0,980.0
1567,2024-04-07 20:48:39,0.0,990.0,0.0,980.0,0.0,980.0
1568,2024-04-07 20:48:43,0.0,990.0,0.0,980.0,0.0,980.0
1569,2024-04-07 20:48:47,0.0,990.0,0.0,980.0,0.0,980.0
1570,2024-04-07 20:48:50,2.04,2.44,4.3,5.5,2.68,3.3
1571,2024-04-07 20:48:54,2.04,2.44,4.3,5.5,2.68,3.3
1572,2024-04-07 20:48:58,2.04,2.44,4.3,5.5,2.68,3.3
1573,2024-04-07 20:49:01,2.04,2.44,4.3,5.5,2.68,3.3
1574,2024-04-07 20:49:05,2.08,2.44,4.3,5.5,2.68,3.3
1575,2024-04-07 20:49:09,2.08,2.44,4.3,5.5,2.74,3.3
1576,2024-04-07 20:49:13,2.08,2.44,4.3,5.5,2.74,3.3
1577,2024-04-07 20:49:17,2.08,2.44,4.3,5.5,2.74,3.3
1578,2024-04-07 20:49:20,2.08,2.44,4.3,5.5,2.74,3.3
1579,2024-04-07 20:49:25,2.08,2.44,4.3,5.5,2.74,3.3
1580,2024-04-07 20:49:28,2.08,2.44,4.3,5.5,2.74,3.3
1581,2024-04-07 20:49:32,2.04,2.5,4.3,5.5,2.74,3.3
1582,2024-04-07 20:49:36,2.04,2.4,4.4,5.5,2.76,3.3
1583,2024-04-07 20:49:39,2.04,2.38,4.5,5.5,2.76,3.3
1584,2024-04-07 20:49:43,2.04,2.38,4.5,5.5,2.76,3.3
1585,2024-04-07 20:49:46,2.04,2.38,4.5,5.5,2.76,3.3
1586,2024-04-07 20:49:49,2.04,2.38,4.5,5.5,2.76,3.3
1587,2024-04-07 20:49:53,2.04,2.38,4.5,5.5,2.76,3.3
1588,2024-04-07 20:49:57,2.04,2.38,4.5,5.5,2.76,3.3
1589,2024-04-07 20:50:00,2.04,2.38,4.5,5.5,2.76,3.3
1590,2024-04-07 20:50:04,2.04,2.36,4.6,5.5,2.78,3.3
1591,2024-04-07 20:50:08,2.08,2.36,4.6,5.5,2.78,3.3
1592,2024-04-07 20:50:12,2.08,2.36,4.6,5.5,2.78,3.3
1593,2024-04-07 20:50:15,2.08,2.36,4.6,5.5,2.78,3.3
1594,2024-04-07 20:50:19,2.04,2.36,4.6,5.5,2.78,3.3
1595,2024-04-07 20:50:23,2.04,2.36,4.6,5.5,2.78,3.3
1596,2024-04-07 20:50:26,2.04,2.38,4.6,5.5,2.72,3.3
1597,2024-04-07 20:50:30,2.04,2.38,4.6,5.5,2.72,3.3
1598,2024-04-07 20:50:34,2.04,2.38,4.6,5.5,2.72,3.3
1599,2024-04-07 20:50:37,2.04,2.38,4.6,5.5,2.72,3.25
1600,2024-04-07 20:50:41,2.04,2.38,4.6,5.5,2.72,3.25
1601,2024-04-07 20:50:44,2.04,2.38,4.6,5.5,2.7,3.25
1602,2024-04-07 20:50:48,2.08,2.36,4.7,5.5,2.74,3.25
1603,2024-04-07 20:50:52,2.08,2.36,4.7,5.5,2.68,3.25
1604,2024-04-07 20:50:56,2.08,2.36,4.7,5.5,2.68,3.25
1605,2024-04-07 20:50:59,2.08,2.36,4.7,5.5,2.68,3.25
1606,2024-04-07 20:51:03,2.08,2.36,4.7,5.5,2.7,3.25
1607,2024-04-07 20:51:06,2.1,2.36,4.7,5.5,2.7,3.25
1608,2024-04-07 20:51:10,2.1,2.36,4.7,5.5,2.7,3.25
1609,2024-04-07 20:51:13,2.1,2.36,4.7,5.5,2.7,3.25
1610,2024-04-07 20:51:17,2.04,2.36,4.7,5.5,2.7,3.25
1611,2024-04-07 20:51:21,2.06,2.36,4.7,5.5,2.7,3.25
1612,2024-04-07 20:51:24,2.06,2.36,4.7,5.5,2.7,3.25
1613,2024-04-07 20:51:28,2.06,2.36,4.7,5.5,2.7,3.25
1614,2024-04-07 20:51:31,2.06,2.36,4.7,5.5,2.7,3.25
1615,2024-04-07 20:51:35,2.06,2.36,4.7,5.5,2.7,3.25
1616,2024-04-07 20:51:39,2.06,2.34,4.7,5.5,2.7,3.25
1617,2024-04-07 20:51:42,2.06,2.34,4.7,5.5,2.7,3.25
1618,2024-04-07 20:51:46,2.08,2.34,4.7,5.5,2.7,3.25
1619,2024-04-07 20:51:49,2.08,2.34,4.7,5.5,2.7,3.25
1620,2024-04-07 20:51:53,2.08,2.34,4.7,5.5,2.7,3.25
1621,2024-04-07 20:51:57,2.08,2.34,4.7,5.5,2.7,3.25
1622,2024-04-07 20:52:00,2.08,2.34,4.7,5.5,2.7,3.25
1623,2024-04-07 20:52:04,2.08,2.34,4.7,5.5,2.7,3.25
1624,2024-04-07 20:52:07,2.08,2.34,4.7,5.5,2.7,3.25
1625,2024-04-07 20:52:11,2.08,2.34,4.7,5.5,2.7,3.25
1626,2024-04-07 20:52:14,2.08,2.34,4.7,5.5,2.7,3.25
1627,2024-04-07 20:52:18,2.08,2.34,4.7,5.5,2.7,3.25
1628,2024-04-07 20:52:22,2.08,2.34,4.7,5.5,2.7,3.25
1629,2024-04-07 20:52:26,2.08,2.34,4.7,5.5,2.7,3.25
1630,2024-04-07 20:52:30,2.08,2.34,4.7,5.5,2.7,3.25
1631,2024-04-07 20:52:33,2.08,2.34,4.7,5.5,2.7,3.25
1632,2024-04-07 20:52:37,2.08,2.34,4.7,5.5,2.7,3.25
1633,2024-04-07 20:52:41,2.08,2.34,4.7,5.5,2.7,3.25
1634,2024-04-07 20:52:45,2.08,2.34,4.7,5.5,2.7,3.25
1635,2024-04-07 20:52:48,2.08,2.34,4.7,5.5,2.7,3.25
1636,2024-04-07 20:52:52,2.08,2.34,4.7,5.5,2.7,3.25
1637,2024-04-07 20:52:55,2.08,2.34,4.7,5.5,2.7,3.25
1638,2024-04-07 20:52:59,2.08,2.34,4.7,5.5,2.7,3.25
1639,2024-04-07 20:53:03,2.08,2.34,4.7,5.5,2.7,3.25
1640,2024-04-07 20:53:06,2.08,2.34,4.7,5.5,2.7,3.2
1641,2024-04-07 20:53:10,2.08,2.34,4.7,5.5,2.7,3.2
1642,2024-04-07 20:53:13,2.08,2.34,4.7,5.5,2.7,3.2
1643,2024-04-07 20:53:17,2.08,2.34,4.7,5.5,2.7,3.2
1644,2024-04-07 20:53:21,2.08,2.34,4.7,5.5,2.7,3.2
1645,2024-04-07 20:53:24,2.08,2.34,4.7,5.5,2.7,3.15
1646,2024-04-07 20:53:27,2.08,2.34,4.7,5.5,2.7,3.15
1647,2024-04-07 20:53:31,2.08,2.34,4.7,5.5,2.7,3.1
1648,2024-04-07 20:53:35,2.08,2.34,4.7,5.5,2.7,3.1
1649,2024-04-07 20:53:38,2.08,2.34,4.7,5.5,2.7,3.1
1650,2024-04-07 20:53:42,2.08,2.34,4.6,5.5,2.7,3.1
1651,2024-04-07 20:53:45,2.08,2.38,4.6,5.5,2.7,3.1
1652,2024-04-07 20:53:49,2.08,2.38,4.6,5.5,2.7,3.1
1653,2024-04-07 20:53:53,2.08,2.36,4.7,5.5,2.7,3.1
1654,2024-04-07 20:53:56,2.06,2.36,4.7,5.5,2.7,3.1
1655,2024-04-07 20:53:59,2.06,2.36,4.7,5.5,2.7,3.1
1656,2024-04-07 20:54:03,2.06,2.36,4.7,5.6,2.7,3.1
1657,2024-04-07 20:54:06,2.06,2.36,4.7,5.6,2.7,3.1
1658,2024-04-07 20:54:10,2.08,2.36,4.7,5.6,2.7,3.05
1659,2024-04-07 20:54:14,2.08,2.36,4.7,5.6,2.7,3.05
1660,2024-04-07 20:54:18,2.08,2.36,4.7,5.7,2.7,3.05
1661,2024-04-07 20:54:21,2.08,2.34,4.7,5.7,2.7,3.05
1662,2024-04-07 20:54:25,2.08,2.34,4.7,5.7,2.7,3.05
1663,2024-04-07 20:54:28,2.08,2.34,4.7,5.7,2.7,3.05
1664,2024-04-07 20:54:31,2.08,2.34,4.7,5.7,2.7,3.05
1665,2024-04-07 20:54:35,2.08,2.34,4.7,5.7,2.7,3.05
1666,2024-04-07 20:54:38,2.08,2.32,4.7,5.7,2.7,3.05
1667,2024-04-07 20:54:42,0.0,990.0,0.0,980.0,0.0,980.0
1668,2024-04-07 20:54:46,0.0,990.0,0.0,980.0,0.0,980.0
1669,2024-04-07 20:54:50,0.0,990.0,0.0,980.0,0.0,980.0
1670,2024-04-07 20:54:54,0.0,990.0,0.0,980.0,0.0,980.0
1671,2024-04-07 20:54:57,0.0,990.0,0.0,980.0,0.0,980.0
1672,2024-04-07 20:55:01,0.0,990.0,0.0,980.0,0.0,980.0
1673,2024-04-07 20:55:05,0.0,990.0,0.0,980.0,0.0,980.0
1674,2024-04-07 20:55:08,0.0,990.0,0.0,980.0,0.0,980.0
1675,2024-04-07 20:55:12,0.0,990.0,0.0,980.0,0.0,980.0
1676,2024-04-07 20:55:15,0.0,990.0,0.0,980.0,0.0,980.0
1677,2024-04-07 20:55:19,0.0,990.0,0.0,980.0,0.0,980.0
1678,2024-04-07 20:55:22,0.0,990.0,0.0,980.0,0.0,980.0
1679,2024-04-07 20:55:26,0.0,990.0,0.0,980.0,0.0,980.0
1680,2024-04-07 20:55:30,0.0,990.0,0.0,980.0,0.0,980.0
1681,2024-04-07 20:55:33,0.0,990.0,0.0,980.0,0.0,980.0
1682,2024-04-07 20:55:37,0.0,990.0,0.0,980.0,0.0,980.0
1683,2024-04-07 20:55:40,0.0,990.0,0.0,980.0,0.0,980.0
1684,2024-04-07 20:55:43,0.0,990.0,0.0,980.0,0.0,980.0
1685,2024-04-07 20:55:46,0.0,990.0,0.0,980.0,0.0,980.0
1686,2024-04-07 20:55:49,0.0,990.0,0.0,980.0,0.0,980.0
1687,2024-04-07 20:55:52,0.0,990.0,0.0,980.0,0.0,980.0
1688,2024-04-07 20:55:56,0.0,990.0,0.0,980.0,0.0,980.0
1689,2024-04-07 20:55:59,0.0,990.0,0.0,980.0,0.0,980.0
1690,2024-04-07 20:56:02,0.0,990.0,0.0,980.0,0.0,980.0
1691,2024-04-07 20:56:05,0.0,990.0,0.0,980.0,0.0,980.0
1692,2024-04-07 20:56:08,0.0,990.0,0.0,980.0,0.0,980.0
1693,2024-04-07 20:56:11,0.0,990.0,0.0,980.0,0.0,980.0
1694,2024-04-07 20:56:14,0.0,990.0,0.0,980.0,0.0,980.0
1695,2024-04-07 20:56:17,0.0,990.0,0.0,980.0,0.0,980.0
1696,2024-04-07 20:56:21,0.0,990.0,0.0,980.0,0.0,980.0
1697,2024-04-07 20:56:24,0.0,990.0,0.0,980.0,0.0,980.0
1698,2024-04-07 20:56:27,0.0,990.0,0.0,980.0,0.0,980.0
1699,2024-04-07 20:56:30,0.0,990.0,0.0,980.0,0.0,980.0
1700,2024-04-07 20:56:33,0.0,990.0,0.0,980.0,0.0,980.0
1701,2024-04-07 20:56:36,0.0,990.0,0.0,980.0,0.0,980.0
1702,2024-04-07 20:56:39,0.0,990.0,0.0,980.0,0.0,980.0
1703,2024-04-07 20:56:42,0.0,990.0,0.0,980.0,0.0,980.0
1704,2024-04-07 20:56:45,0.0,990.0,0.0,980.0,0.0,980.0
1705,2024-04-07 20:56:49,0.0,990.0,0.0,980.0,0.0,980.0
1706,2024-04-07 20:56:51,0.0,990.0,0.0,980.0,0.0,980.0
1707,2024-04-07 20:56:55,0.0,990.0,0.0,980.0,0.0,980.0
1708,2024-04-07 20:56:58,0.0,990.0,0.0,980.0,0.0,980.0
1709,2024-04-07 20:57:00,0.0,990.0,0.0,980.0,0.0,980.0
1710,2024-04-07 20:57:03,0.0,990.0,0.0,980.0,0.0,980.0
1711,2024-04-07 20:57:06,0.0,990.0,0.0,980.0,0.0,980.0
1712,2024-04-07 20:57:09,0.0,990.0,0.0,980.0,0.0,980.0
1713,2024-04-07 20:57:13,0.0,990.0,0.0,980.0,0.0,980.0
1714,2024-04-07 20:57:16,0.0,990.0,0.0,980.0,0.0,980.0
1715,2024-04-07 20:57:19,0.0,990.0,0.0,980.0,0.0,980.0
1716,2024-04-07 20:57:22,0.0,990.0,0.0,980.0,0.0,980.0
1717,2024-04-07 20:57:25,0.0,990.0,0.0,980.0,0.0,980.0
1718,2024-04-07 20:57:28,0.0,990.0,0.0,980.0,0.0,980.0
1719,2024-04-07 20:57:32,0.0,990.0,0.0,980.0,0.0,980.0
1720,2024-04-07 20:57:35,0.0,990.0,0.0,980.0,0.0,980.0
1721,2024-04-07 20:57:38,0.0,990.0,0.0,980.0,0.0,980.0
1722,2024-04-07 20:57:41,0.0,990.0,0.0,980.0,0.0,980.0
1723,2024-04-07 20:57:44,0.0,990.0,0.0,980.0,0.0,980.0
1724,2024-04-07 20:57:47,0.0,990.0,0.0,980.0,0.0,980.0
1725,2024-04-07 20:57:50,0.0,990.0,0.0,980.0,0.0,980.0
1726,2024-04-07 20:57:54,0.0,990.0,0.0,980.0,0.0,980.0
1727,2024-04-07 20:57:56,0.0,990.0,0.0,980.0,0.0,980.0
1728,2024-04-07 20:57:59,0.0,990.0,0.0,980.0,0.0,980.0
1729,2024-04-07 20:58:02,0.0,990.0,0.0,980.0,0.0,980.0
1730,2024-04-07 20:58:05,0.0,990.0,0.0,980.0,0.0,980.0
1731,2024-04-07 20:58:09,0.0,990.0,0.0,980.0,0.0,980.0
1732,2024-04-07 20:58:11,0.0,990.0,0.0,980.0,0.0,980.0
1733,2024-04-07 20:58:14,0.0,990.0,0.0,980.0,0.0,980.0
1734,2024-04-07 20:58:18,0.0,990.0,0.0,980.0,0.0,980.0
1735,2024-04-07 20:58:21,2.02,2.44,4.7,6.4,2.46,3.05
1736,2024-04-07 20:58:24,1.93,2.44,4.7,6.4,2.46,3.05
1737,2024-04-07 20:58:28,2.06,2.44,4.8,6.2,2.46,3.0
1738,2024-04-07 20:58:30,2.06,2.44,4.8,6.2,2.48,3.0
1739,2024-04-07 20:58:32,2.06,2.44,4.8,6.2,2.48,3.0
1740,2024-04-07 20:58:35,2.06,2.44,4.8,6.2,2.48,3.0
1741,2024-04-07 20:58:37,2.06,2.44,4.8,6.2,2.52,3.0
1742,2024-04-07 20:58:40,2.06,2.44,4.8,6.2,2.52,3.0
1743,2024-04-07 20:58:42,2.06,2.44,4.8,6.2,2.52,3.0
1744,2024-04-07 20:58:45,2.06,2.44,4.8,6.2,2.54,3.0
1745,2024-04-07 20:58:48,2.06,2.44,4.8,6.2,2.54,3.0
1746,2024-04-07 20:58:50,2.06,2.44,4.8,6.2,2.54,3.0
1747,2024-04-07 20:58:53,2.06,2.44,4.9,6.2,2.54,3.0
1748,2024-04-07 20:58:55,2.06,2.44,4.9,6.2,2.54,3.0
1749,2024-04-07 20:58:58,2.1,2.44,5.0,6.2,2.54,3.0
1750,2024-04-07 20:59:00,2.1,2.44,5.0,6.2,2.54,3.0
1751,2024-04-07 20:59:03,2.1,2.44,5.0,6.2,2.54,3.0
1752,2024-04-07 20:59:06,2.1,2.44,5.0,6.2,2.54,3.0
1753,2024-04-07 20:59:08,2.1,2.44,5.0,6.2,2.54,3.0
1754,2024-04-07 20:59:10,2.1,2.44,5.0,6.2,2.54,3.0
1755,2024-04-07 20:59:13,2.12,2.44,5.0,6.2,2.54,3.0
1756,2024-04-07 20:59:15,2.12,2.44,5.0,6.2,2.54,3.0
1757,2024-04-07 20:59:17,2.12,2.44,5.0,6.2,2.54,3.0
1758,2024-04-07 20:59:20,2.12,2.44,5.0,6.2,2.54,3.0
1759,2024-04-07 20:59:23,2.12,2.44,5.0,6.2,2.54,3.0
1760,2024-04-07 20:59:25,2.12,2.44,5.0,6.2,2.54,3.0
1761,2024-04-07 20:59:28,2.12,2.44,5.0,6.2,2.54,3.0
1762,2024-04-07 20:59:31,2.12,2.44,5.0,6.2,2.54,3.0
1763,2024-04-07 20:59:34,2.12,2.44,5.0,6.2,2.54,2.98
1764,2024-04-07 20:59:36,2.12,2.44,5.0,6.2,2.54,2.98
1765,2024-04-07 20:59:38,2.12,2.44,5.0,6.2,2.54,2.98
1766,2024-04-07 20:59:41,2.12,2.44,5.0,6.2,2.54,2.98
1767,2024-04-07 20:59:43,2.12,2.44,5.0,6.2,2.54,2.98
1768,2024-04-07 20:59:46,2.12,2.44,5.0,6.2,2.54,2.98
1769,2024-04-07 20:59:48,2.12,2.44,5.0,6.2,2.54,2.98
1770,2024-04-07 20:59:50,2.12,2.44,5.0,6.2,2.54,2.98
1771,2024-04-07 20:59:52,2.12,2.44,5.0,6.2,2.54,2.98
1772,2024-04-07 20:59:55,2.12,2.44,5.0,6.2,2.54,2.98
1773,2024-04-07 20:59:57,2.14,2.42,5.1,6.2,2.54,2.96
1774,2024-04-07 20:59:59,2.14,2.42,5.1,6.2,2.54,2.96
1775,2024-04-07 21:00:02,2.14,2.44,4.9,6.2,2.54,2.96
1776,2024-04-07 21:00:04,2.14,2.44,4.9,6.2,2.54,2.96
1777,2024-04-07 21:00:06,2.14,2.44,4.9,6.2,2.54,2.96
1778,2024-04-07 21:00:09,2.14,2.44,4.9,6.2,2.54,2.96
1779,2024-04-07 21:00:11,2.14,2.44,4.9,6.2,2.54,2.96
1780,2024-04-07 21:00:13,2.14,2.44,4.9,6.2,2.54,2.96
1781,2024-04-07 21:00:16,2.14,2.44,4.9,6.2,2.54,2.96
1782,2024-04-07 21:00:19,2.14,2.44,4.9,6.2,2.54,2.96
1783,2024-04-07 21:00:21,2.14,2.44,4.9,6.2,2.54,2.96
1784,2024-04-07 21:00:26,2.14,2.44,4.9,6.2,2.54,2.96
1785,2024-04-07 21:00:29,2.14,2.44,4.9,6.2,2.54,2.96
1786,2024-04-07 21:00:32,2.14,2.44,4.9,6.2,2.54,2.96
1787,2024-04-07 21:00:34,2.14,2.44,4.9,6.2,2.54,2.96
1788,2024-04-07 21:00:37,2.14,2.44,4.9,6.2,2.54,2.94
1789,2024-04-07 21:00:39,2.16,2.44,4.9,6.2,2.54,2.92
1790,2024-04-07 21:00:42,2.14,2.44,4.9,6.2,2.54,2.92
1791,2024-04-07 21:00:44,2.14,2.42,5.0,6.2,2.54,2.88
1792,2024-04-07 21:00:47,2.14,2.42,5.0,6.2,2.54,2.88
1793,2024-04-07 21:00:49,2.14,2.42,5.0,6.2,2.54,2.88
1794,2024-04-07 21:00:52,2.16,2.42,5.0,6.2,2.54,2.88
1795,2024-04-07 21:00:54,2.16,2.42,5.0,6.2,2.54,2.88
1796,2024-04-07 21:00:57,2.16,2.42,5.0,6.2,2.54,2.88
1797,2024-04-07 21:00:59,2.18,2.42,5.0,6.2,2.44,2.88
1798,2024-04-07 21:01:01,2.18,2.42,5.0,6.2,2.44,2.88
1799,2024-04-07 21:01:04,2.18,2.42,5.0,6.2,2.46,2.88
1800,2024-04-07 21:01:07,2.18,2.42,5.0,6.2,2.46,2.88
1801,2024-04-07 21:01:09,2.18,2.42,5.0,6.2,2.46,2.88
1802,2024-04-07 21:01:11,2.18,2.42,5.0,6.2,2.46,2.86
1803,2024-04-07 21:01:14,2.18,2.42,5.0,6.2,2.46,2.86
1804,2024-04-07 21:01:17,2.18,2.42,5.0,6.2,2.46,2.86
1805,2024-04-07 21:01:19,2.18,2.42,5.0,6.2,2.46,2.86
1806,2024-04-07 21:01:22,2.18,2.54,4.9,6.2,2.46,2.86
1807,2024-04-07 21:01:25,2.18,2.54,4.8,6.2,2.46,2.86
1808,2024-04-07 21:01:28,2.18,2.54,4.8,6.2,2.46,2.86
1809,2024-04-07 21:01:31,2.24,2.54,4.8,6.0,2.46,2.86
1810,2024-04-07 21:01:33,2.24,2.56,4.7,6.0,2.46,2.86
1811,2024-04-07 21:01:36,2.26,2.56,4.7,5.9,2.46,2.86
1812,2024-04-07 21:01:39,2.26,2.56,4.7,5.9,2.46,2.86
1813,2024-04-07 21:01:41,2.26,2.56,4.7,5.9,2.46,2.86
1814,2024-04-07 21:01:44,2.26,2.56,4.7,5.9,2.46,2.86
1815,2024-04-07 21:01:47,2.26,2.58,4.7,5.9,2.46,2.86
1816,2024-04-07 21:01:49,2.26,2.58,4.7,5.9,2.46,2.86
1817,2024-04-07 21:01:52,2.26,2.6,4.7,5.9,2.46,2.84
1818,2024-04-07 21:01:55,2.26,2.6,4.7,5.9,2.46,2.84
1819,2024-04-07 21:01:57,2.24,2.6,4.7,6.0,2.38,2.82
1820,2024-04-07 21:02:00,2.24,2.6,4.7,6.0,2.38,2.82
1821,2024-04-07 21:02:02,2.24,2.6,4.7,6.0,2.38,2.82
1822,2024-04-07 21:02:05,2.24,2.6,4.7,7.6,2.38,2.74
1823,2024-04-07 21:02:07,2.24,2.6,4.7,7.6,2.38,2.74
1824,2024-04-07 21:02:10,2.28,2.6,4.7,5.8,2.38,2.74
