,rowIndex,matchOddsTime,Nantes_back,Nantes_lay,Lyon_back,Lyon_lay,drawBackPrice,drawLayPrice
1,2024-04-07 19:45:01,1.25,990.0,0.0,4.9,1.25,990.0
2,2024-04-07 19:45:01,1.25,990.0,0.0,4.9,1.25,990.0
3,2024-04-07 19:45:02,1.25,990.0,0.0,4.9,1.25,990.0
4,2024-04-07 19:45:02,1.25,990.0,0.0,4.9,1.25,990.0
5,2024-04-07 19:45:02,1.25,990.0,0.0,4.9,1.25,990.0
6,2024-04-07 19:45:02,1.25,990.0,0.0,4.9,1.25,990.0
7,2024-04-07 19:45:03,1.25,990.0,0.0,4.9,1.25,990.0
8,2024-04-07 19:45:03,1.25,990.0,0.0,4.9,1.25,990.0
9,2024-04-07 19:45:03,1.25,990.0,0.0,4.9,1.25,990.0
10,2024-04-07 19:45:04,1.25,990.0,0.0,4.9,1.25,990.0
11,2024-04-07 19:45:04,1.25,990.0,0.0,4.9,1.25,990.0
12,2024-04-07 19:45:04,1.25,990.0,0.0,4.9,1.25,990.0
13,2024-04-07 19:45:05,1.25,990.0,0.0,4.9,1.25,990.0
14,2024-04-07 19:45:05,1.25,990.0,0.0,4.9,1.25,990.0
15,2024-04-07 19:45:05,1.25,990.0,0.0,4.9,1.25,990.0
16,2024-04-07 19:45:05,1.25,990.0,0.0,4.9,1.25,990.0
17,2024-04-07 19:45:06,1.25,990.0,0.0,4.9,1.25,990.0
18,2024-04-07 19:45:06,1.25,990.0,0.0,4.9,1.25,990.0
19,2024-04-07 19:45:06,1.25,990.0,0.0,4.9,1.25,990.0
20,2024-04-07 19:45:07,1.25,990.0,0.0,4.9,1.25,990.0
21,2024-04-07 19:45:07,1.25,990.0,0.0,4.9,1.25,990.0
22,2024-04-07 19:45:07,1.25,990.0,0.0,4.9,1.25,990.0
23,2024-04-07 19:45:07,1.25,990.0,0.0,4.9,1.25,990.0
24,2024-04-07 19:45:08,1.25,990.0,0.0,4.9,1.25,990.0
25,2024-04-07 19:45:08,1.25,990.0,0.0,4.9,1.25,990.0
26,2024-04-07 19:45:08,1.25,990.0,0.0,4.9,1.25,990.0
27,2024-04-07 19:45:09,1.25,990.0,0.0,4.9,1.25,990.0
28,2024-04-07 19:45:09,1.25,990.0,0.0,4.9,1.25,990.0
29,2024-04-07 19:45:09,1.25,990.0,0.0,4.9,1.25,990.0
30,2024-04-07 19:45:10,1.25,990.0,0.0,4.9,1.25,990.0
31,2024-04-07 19:45:10,1.25,990.0,0.0,4.9,1.25,990.0
32,2024-04-07 19:45:10,1.25,990.0,0.0,4.9,1.25,990.0
33,2024-04-07 19:45:10,1.25,990.0,0.0,4.9,1.25,990.0
34,2024-04-07 19:45:11,1.25,990.0,0.0,4.9,1.25,990.0
35,2024-04-07 19:45:11,1.25,990.0,0.0,4.9,1.25,990.0
36,2024-04-07 19:45:11,1.25,990.0,0.0,4.9,1.25,990.0
37,2024-04-07 19:45:12,1.25,990.0,0.0,4.9,1.25,990.0
38,2024-04-07 19:45:12,1.25,990.0,0.0,4.9,1.25,990.0
39,2024-04-07 19:45:12,1.25,990.0,0.0,4.9,1.25,990.0
40,2024-04-07 19:45:12,1.25,990.0,0.0,4.9,1.25,990.0
41,2024-04-07 19:45:13,1.25,990.0,0.0,4.9,1.25,990.0
42,2024-04-07 19:45:13,1.25,990.0,0.0,4.9,1.25,990.0
43,2024-04-07 19:45:13,1.25,990.0,0.0,4.9,1.25,990.0
44,2024-04-07 19:45:14,1.25,990.0,0.0,4.9,1.25,990.0
45,2024-04-07 19:45:14,1.25,990.0,0.0,4.9,1.25,990.0
46,2024-04-07 19:45:14,1.25,990.0,0.0,4.9,1.25,990.0
47,2024-04-07 19:45:15,1.25,990.0,0.0,4.9,1.25,990.0
48,2024-04-07 19:45:15,1.25,990.0,0.0,4.9,1.25,990.0
49,2024-04-07 19:45:15,1.25,990.0,0.0,4.9,1.25,990.0
50,2024-04-07 19:45:15,1.25,990.0,0.0,4.9,1.25,990.0
51,2024-04-07 19:45:16,1.25,990.0,0.0,4.9,1.25,990.0
52,2024-04-07 19:45:16,1.25,990.0,0.0,4.9,1.25,990.0
53,2024-04-07 19:45:16,1.25,990.0,0.0,4.9,1.25,990.0
54,2024-04-07 19:45:17,1.25,990.0,0.0,4.9,1.25,990.0
55,2024-04-07 19:45:17,1.25,990.0,0.0,4.9,1.25,990.0
56,2024-04-07 19:45:17,1.25,990.0,0.0,4.9,1.25,990.0
57,2024-04-07 19:45:17,1.25,990.0,0.0,4.9,1.25,990.0
58,2024-04-07 19:45:18,1.25,990.0,0.0,4.9,1.25,990.0
59,2024-04-07 19:45:18,1.25,990.0,0.0,4.9,1.25,990.0
60,2024-04-07 19:45:18,1.25,990.0,0.0,4.9,1.25,990.0
61,2024-04-07 19:45:19,1.25,990.0,0.0,4.9,1.25,990.0
62,2024-04-07 19:45:19,1.25,990.0,0.0,4.9,1.25,990.0
63,2024-04-07 19:45:19,1.25,990.0,0.0,4.9,1.25,990.0
64,2024-04-07 19:45:20,1.25,990.0,0.0,4.9,1.25,990.0
65,2024-04-07 19:45:20,1.25,990.0,0.0,4.9,1.25,990.0
66,2024-04-07 19:45:20,1.25,990.0,0.0,4.9,1.25,990.0
67,2024-04-07 19:45:20,1.25,990.0,0.0,4.9,1.25,990.0
68,2024-04-07 19:45:21,1.25,990.0,0.0,4.9,1.25,990.0
69,2024-04-07 19:45:21,1.25,990.0,0.0,4.9,1.25,990.0
70,2024-04-07 19:45:21,1.25,990.0,0.0,4.9,1.25,990.0
71,2024-04-07 19:45:22,1.25,990.0,0.0,4.9,1.25,990.0
72,2024-04-07 19:45:22,1.25,990.0,0.0,4.9,1.25,990.0
73,2024-04-07 19:45:22,1.25,990.0,0.0,4.9,1.25,990.0
74,2024-04-07 19:45:22,1.25,990.0,0.0,4.9,1.25,990.0
75,2024-04-07 19:45:23,1.25,990.0,0.0,4.9,1.25,990.0
76,2024-04-07 19:45:23,1.25,990.0,0.0,4.9,1.25,990.0
77,2024-04-07 19:45:23,1.25,990.0,0.0,4.9,1.25,990.0
78,2024-04-07 19:45:24,1.25,990.0,0.0,4.9,1.25,990.0
79,2024-04-07 19:45:24,1.25,990.0,0.0,4.9,1.25,990.0
80,2024-04-07 19:45:24,1.25,990.0,0.0,4.9,1.25,990.0
81,2024-04-07 19:45:25,1.25,990.0,0.0,4.9,1.25,990.0
82,2024-04-07 19:45:25,1.25,990.0,0.0,4.9,1.25,990.0
83,2024-04-07 19:45:25,1.25,990.0,0.0,4.9,1.25,990.0
84,2024-04-07 19:45:25,1.25,990.0,0.0,4.9,1.25,990.0
85,2024-04-07 19:45:26,1.25,990.0,0.0,4.9,1.25,990.0
86,2024-04-07 19:45:26,1.25,990.0,0.0,4.9,1.25,990.0
87,2024-04-07 19:45:26,1.25,990.0,0.0,4.9,1.25,990.0
88,2024-04-07 19:45:27,1.25,990.0,0.0,4.9,1.25,990.0
89,2024-04-07 19:45:27,1.25,990.0,0.0,4.9,1.25,990.0
90,2024-04-07 19:45:27,1.25,990.0,0.0,4.9,1.25,990.0
91,2024-04-07 19:45:28,1.25,990.0,0.0,4.9,1.25,990.0
92,2024-04-07 19:45:28,1.25,990.0,0.0,4.9,1.25,990.0
93,2024-04-07 19:45:28,1.25,990.0,0.0,4.9,1.25,990.0
94,2024-04-07 19:45:28,1.25,990.0,0.0,4.9,1.25,990.0
95,2024-04-07 19:45:29,1.25,990.0,0.0,4.9,1.25,990.0
96,2024-04-07 19:45:29,1.25,990.0,0.0,4.9,1.25,990.0
97,2024-04-07 19:45:29,1.25,990.0,0.0,4.9,1.25,990.0
98,2024-04-07 19:45:30,1.25,990.0,0.0,4.9,1.25,990.0
99,2024-04-07 19:45:30,1.25,990.0,0.0,4.9,1.25,990.0
100,2024-04-07 19:45:30,1.25,990.0,0.0,4.9,1.25,990.0
101,2024-04-07 19:45:30,1.25,990.0,0.0,4.9,1.25,990.0
102,2024-04-07 19:45:31,1.25,990.0,0.0,4.9,1.25,990.0
103,2024-04-07 19:45:31,1.25,990.0,0.0,4.9,1.25,990.0
104,2024-04-07 19:45:31,1.25,990.0,0.0,4.9,1.25,990.0
105,2024-04-07 19:45:32,1.25,990.0,0.0,4.9,1.25,990.0
106,2024-04-07 19:45:32,1.25,990.0,0.0,4.9,1.25,990.0
107,2024-04-07 19:45:32,1.25,990.0,0.0,4.9,1.25,990.0
108,2024-04-07 19:45:33,1.25,990.0,0.0,4.9,1.25,990.0
109,2024-04-07 19:45:33,1.25,990.0,0.0,4.9,1.25,990.0
110,2024-04-07 19:45:33,1.25,990.0,0.0,4.9,1.25,990.0
111,2024-04-07 19:45:33,1.25,1.36,4.3,4.9,3.85,990.0
112,2024-04-07 19:45:34,1.25,1.36,4.3,4.9,3.85,990.0
113,2024-04-07 19:45:34,1.25,1.36,4.3,4.9,3.85,990.0
114,2024-04-07 19:45:34,1.25,1.36,4.3,4.9,3.85,990.0
115,2024-04-07 19:45:35,1.68,1.9,4.3,4.9,3.85,4.9
116,2024-04-07 19:45:35,1.68,1.9,4.3,4.9,3.85,4.9
117,2024-04-07 19:45:35,1.68,1.9,4.3,4.9,3.85,4.9
118,2024-04-07 19:45:35,1.68,1.9,4.3,4.9,3.85,4.9
119,2024-04-07 19:45:36,1.68,1.9,4.3,4.9,3.85,4.9
120,2024-04-07 19:45:36,1.68,1.9,4.3,4.9,3.85,4.9
121,2024-04-07 19:45:36,1.68,1.9,4.3,4.9,3.85,4.9
122,2024-04-07 19:45:37,1.68,1.9,4.3,4.9,3.85,4.9
123,2024-04-07 19:45:37,1.68,1.9,4.3,4.9,3.85,4.9
124,2024-04-07 19:45:37,1.68,1.9,4.3,4.9,3.85,4.9
125,2024-04-07 19:45:38,1.68,1.9,4.3,4.9,3.85,4.9
126,2024-04-07 19:45:38,1.68,1.9,4.3,4.9,3.85,4.9
127,2024-04-07 19:45:38,1.68,1.9,4.3,4.9,3.85,4.9
128,2024-04-07 19:45:38,1.68,1.9,4.3,4.9,3.85,4.9
129,2024-04-07 19:45:39,1.68,1.9,4.3,4.9,3.85,4.9
130,2024-04-07 19:45:39,1.68,1.9,4.3,4.9,3.85,4.9
131,2024-04-07 19:45:39,1.68,1.9,4.3,4.9,3.85,4.9
132,2024-04-07 19:45:40,1.68,1.9,4.3,4.9,3.85,4.9
133,2024-04-07 19:45:40,1.68,1.9,4.3,4.9,3.85,4.9
134,2024-04-07 19:45:40,1.68,1.9,4.3,4.9,3.85,4.9
135,2024-04-07 19:45:40,1.68,1.9,4.3,4.9,3.85,4.9
136,2024-04-07 19:45:41,1.68,1.9,4.3,4.9,3.85,4.9
137,2024-04-07 19:45:41,1.68,1.9,4.3,4.9,3.85,4.9
138,2024-04-07 19:45:41,1.68,1.9,4.3,4.9,3.85,4.9
139,2024-04-07 19:45:42,1.68,1.9,4.3,4.9,3.85,4.9
140,2024-04-07 19:45:42,1.68,1.9,4.3,4.9,3.85,4.9
141,2024-04-07 19:45:42,1.68,1.9,4.3,4.9,3.85,4.9
142,2024-04-07 19:45:43,1.68,1.88,4.4,4.9,3.85,4.9
143,2024-04-07 19:45:43,1.68,1.88,4.4,4.9,3.85,4.9
144,2024-04-07 19:45:43,1.68,1.88,4.4,4.9,3.85,4.9
145,2024-04-07 19:45:43,1.68,1.88,4.4,4.9,3.85,4.9
146,2024-04-07 19:45:44,1.68,1.88,4.4,4.9,3.85,4.9
147,2024-04-07 19:45:44,1.68,1.88,4.4,4.9,3.85,4.9
148,2024-04-07 19:45:44,1.68,1.88,4.4,4.9,3.85,4.9
149,2024-04-07 19:45:45,1.68,1.88,4.4,4.9,3.85,4.9
150,2024-04-07 19:45:45,1.68,1.88,4.4,4.9,3.85,4.9
151,2024-04-07 19:45:45,1.68,1.88,4.4,4.9,3.85,4.9
152,2024-04-07 19:45:46,1.68,1.88,4.4,4.9,3.85,4.9
153,2024-04-07 19:45:46,1.68,1.88,4.4,4.9,3.85,4.9
154,2024-04-07 19:45:46,1.68,1.88,4.4,4.9,3.85,4.9
155,2024-04-07 19:45:46,1.68,1.88,4.4,4.9,3.85,4.9
156,2024-04-07 19:45:47,1.68,1.88,4.4,4.9,3.85,4.9
157,2024-04-07 19:45:47,1.68,1.88,4.4,4.9,3.85,4.9
158,2024-04-07 19:45:47,1.68,1.88,4.4,4.9,3.85,4.9
159,2024-04-07 19:45:48,1.68,1.88,4.4,4.9,3.85,4.9
160,2024-04-07 19:45:48,1.68,1.88,4.4,4.9,3.85,4.9
161,2024-04-07 19:45:48,1.68,1.88,4.4,4.9,3.85,4.9
162,2024-04-07 19:45:49,1.68,1.88,4.4,4.9,3.85,4.9
163,2024-04-07 19:45:49,1.68,1.88,4.4,4.9,3.85,4.9
164,2024-04-07 19:45:49,1.68,1.88,4.4,4.9,3.85,4.9
165,2024-04-07 19:45:49,1.68,1.88,4.4,4.9,3.85,4.9
166,2024-04-07 19:45:50,1.68,1.88,4.4,4.9,3.85,4.9
167,2024-04-07 19:45:50,1.68,1.88,4.4,4.9,3.85,4.9
168,2024-04-07 19:45:50,1.68,1.88,4.4,4.9,3.85,4.9
169,2024-04-07 19:45:51,1.68,1.88,4.4,4.9,3.85,4.9
170,2024-04-07 19:45:51,1.68,1.88,4.4,4.9,3.85,4.9
171,2024-04-07 19:45:51,1.68,1.88,4.4,4.9,3.85,4.9
172,2024-04-07 19:45:52,1.68,1.88,4.4,4.9,3.85,4.9
173,2024-04-07 19:45:52,1.68,1.88,4.4,4.9,3.85,4.9
174,2024-04-07 19:45:52,1.68,1.88,4.4,4.9,3.85,4.9
175,2024-04-07 19:45:52,1.68,1.88,4.4,4.9,3.85,4.9
176,2024-04-07 19:45:53,1.68,1.88,4.4,4.9,3.85,4.9
177,2024-04-07 19:45:53,1.68,1.88,4.4,4.9,3.85,4.9
178,2024-04-07 19:45:53,1.68,1.88,4.4,4.9,3.85,4.9
179,2024-04-07 19:45:54,1.68,1.88,4.4,4.9,3.85,4.9
180,2024-04-07 19:45:54,1.68,1.88,4.4,4.9,3.85,4.9
181,2024-04-07 19:45:54,1.68,1.88,4.4,4.9,3.85,4.9
182,2024-04-07 19:45:54,1.68,1.88,4.4,4.9,3.85,4.9
183,2024-04-07 19:45:55,1.68,1.88,4.4,4.9,3.85,4.9
184,2024-04-07 19:45:55,1.68,1.88,4.4,4.9,3.85,4.9
185,2024-04-07 19:45:55,1.68,1.88,4.4,4.9,3.85,4.9
186,2024-04-07 19:45:56,1.68,1.88,4.4,4.9,3.85,4.9
187,2024-04-07 19:45:56,1.68,1.88,4.4,4.9,3.85,4.9
188,2024-04-07 19:45:56,1.68,1.88,4.4,4.9,3.85,4.9
189,2024-04-07 19:45:57,1.68,1.88,4.4,4.9,3.85,4.9
190,2024-04-07 19:45:57,1.68,1.88,4.4,4.9,3.85,4.9
191,2024-04-07 19:45:57,1.68,1.88,4.4,4.9,3.85,4.9
192,2024-04-07 19:45:57,1.68,1.88,4.4,4.9,3.85,4.9
193,2024-04-07 19:45:58,1.68,1.88,4.4,4.9,3.85,4.9
194,2024-04-07 19:45:58,1.68,1.88,4.4,4.9,3.85,4.9
195,2024-04-07 19:45:58,1.68,1.88,4.4,4.9,3.85,4.9
196,2024-04-07 19:45:59,1.68,1.88,4.4,4.9,3.85,4.9
197,2024-04-07 19:45:59,1.68,1.88,4.4,4.9,3.85,4.9
198,2024-04-07 19:45:59,1.68,1.88,4.4,4.9,3.85,4.9
199,2024-04-07 19:45:59,1.68,1.88,4.4,4.9,3.85,4.9
200,2024-04-07 19:46:00,1.68,1.88,4.4,4.9,3.85,4.9
201,2024-04-07 19:46:00,1.68,1.88,4.4,4.9,3.85,4.9
202,2024-04-07 19:46:00,1.68,1.88,4.4,4.9,3.85,4.9
203,2024-04-07 19:46:01,1.68,1.88,4.4,4.9,3.85,4.9
204,2024-04-07 19:46:01,1.68,1.88,4.4,4.9,3.85,4.9
205,2024-04-07 19:46:01,1.68,1.88,4.4,4.9,3.85,4.9
206,2024-04-07 19:46:02,1.68,1.88,4.4,4.9,3.85,4.9
207,2024-04-07 19:46:02,1.68,1.88,4.4,4.9,3.85,4.9
208,2024-04-07 19:46:02,1.68,1.88,4.4,4.9,3.85,4.9
209,2024-04-07 19:46:02,1.68,1.88,4.4,4.9,3.85,4.9
210,2024-04-07 19:46:03,1.68,1.88,4.4,4.9,3.85,4.9
211,2024-04-07 19:46:03,1.68,1.88,4.4,4.9,3.85,4.9
212,2024-04-07 19:46:03,1.68,1.88,4.4,4.9,3.85,4.9
213,2024-04-07 19:46:04,1.68,1.88,4.4,4.9,3.85,4.9
214,2024-04-07 19:46:04,1.68,1.88,4.4,4.9,3.85,4.9
215,2024-04-07 19:46:04,1.68,1.88,4.4,4.9,3.85,4.9
216,2024-04-07 19:46:05,1.68,1.88,4.4,4.9,3.85,4.9
217,2024-04-07 19:46:05,1.68,1.88,4.4,4.9,3.85,4.9
218,2024-04-07 19:46:05,1.68,1.88,4.4,4.9,3.85,4.9
219,2024-04-07 19:46:05,1.68,1.88,4.4,4.9,3.85,4.9
220,2024-04-07 19:46:06,1.68,1.88,4.4,4.9,3.85,4.9
221,2024-04-07 19:46:06,1.68,1.88,4.4,4.9,3.85,4.9
222,2024-04-07 19:46:06,1.68,1.88,4.4,4.9,3.85,4.9
223,2024-04-07 19:46:07,1.68,1.88,4.4,4.9,3.85,4.9
224,2024-04-07 19:46:07,1.68,1.88,4.4,4.9,3.85,4.9
225,2024-04-07 19:46:07,1.68,1.88,4.4,4.9,3.85,4.9
226,2024-04-07 19:46:07,1.68,1.88,4.4,4.9,3.85,4.9
227,2024-04-07 19:46:08,1.68,1.88,4.4,4.9,3.85,4.9
228,2024-04-07 19:46:08,1.68,1.88,4.4,4.9,3.85,4.9
229,2024-04-07 19:46:08,1.68,1.88,4.4,4.9,3.85,4.9
230,2024-04-07 19:46:09,1.68,1.88,4.4,4.9,3.85,4.9
231,2024-04-07 19:46:09,1.68,1.88,4.4,4.9,3.85,4.9
232,2024-04-07 19:46:09,1.68,1.88,4.4,4.9,3.85,4.9
233,2024-04-07 19:46:10,1.68,1.88,4.4,4.9,3.85,4.9
234,2024-04-07 19:46:10,1.68,1.88,4.4,4.9,3.85,4.9
235,2024-04-07 19:46:10,1.68,1.88,4.4,4.9,3.85,4.9
236,2024-04-07 19:46:10,1.68,1.88,4.4,4.9,3.85,4.9
237,2024-04-07 19:46:11,1.68,1.88,4.4,4.9,3.85,4.9
238,2024-04-07 19:46:11,1.68,1.88,4.4,4.9,3.85,4.9
239,2024-04-07 19:46:11,1.68,1.88,4.4,4.9,3.85,4.9
240,2024-04-07 19:46:12,1.68,1.88,4.4,4.9,3.85,4.9
241,2024-04-07 19:46:12,1.68,1.88,4.4,4.9,3.85,4.9
242,2024-04-07 19:46:12,1.68,1.88,4.4,4.9,3.85,4.9
243,2024-04-07 19:46:13,1.68,1.88,4.4,4.9,3.85,4.9
244,2024-04-07 19:46:13,1.68,1.88,4.4,4.9,3.85,4.9
245,2024-04-07 19:46:13,1.68,1.88,4.4,4.9,3.85,4.9
246,2024-04-07 19:46:13,1.68,1.88,4.4,4.9,3.85,4.9
247,2024-04-07 19:46:14,1.68,1.88,4.4,4.9,3.85,4.9
248,2024-04-07 19:46:14,1.68,1.88,4.4,4.9,3.85,4.9
249,2024-04-07 19:46:14,1.68,1.88,4.4,4.9,3.85,4.9
250,2024-04-07 19:46:15,1.68,1.88,4.4,4.9,3.85,4.9
251,2024-04-07 19:46:15,1.68,1.88,4.4,4.9,3.85,4.9
252,2024-04-07 19:46:15,1.68,1.88,4.4,4.9,3.85,4.9
253,2024-04-07 19:46:15,1.68,1.88,4.4,4.9,3.85,4.9
254,2024-04-07 19:46:16,1.68,1.88,4.4,4.9,3.85,4.9
255,2024-04-07 19:46:16,1.68,1.88,4.4,4.9,3.85,4.9
256,2024-04-07 19:46:16,1.68,1.88,4.4,4.9,3.85,4.9
257,2024-04-07 19:46:17,1.68,1.88,4.4,4.9,3.85,4.9
258,2024-04-07 19:46:17,1.68,1.88,4.4,4.9,3.85,4.9
259,2024-04-07 19:46:17,1.68,1.88,4.4,4.9,3.85,4.9
260,2024-04-07 19:46:18,1.68,1.88,4.4,4.9,3.85,4.9
261,2024-04-07 19:46:18,1.68,1.88,4.4,4.9,3.85,4.9
262,2024-04-07 19:46:18,1.68,1.88,4.4,4.9,3.85,4.9
263,2024-04-07 19:46:18,1.68,1.88,4.4,4.9,3.85,4.9
264,2024-04-07 19:46:19,1.68,1.88,4.4,4.9,3.85,4.9
265,2024-04-07 19:46:19,1.68,1.88,4.4,4.9,3.85,4.9
266,2024-04-07 19:46:19,1.68,1.88,4.4,4.9,3.85,4.9
267,2024-04-07 19:46:20,1.68,1.88,4.4,4.9,3.85,4.9
268,2024-04-07 19:46:20,1.68,1.88,4.4,4.9,3.85,4.9
269,2024-04-07 19:46:20,1.68,1.88,4.4,4.9,3.85,4.9
270,2024-04-07 19:46:21,1.68,1.88,4.4,4.9,3.85,4.9
271,2024-04-07 19:46:21,1.68,1.88,4.4,4.9,3.85,4.9
272,2024-04-07 19:46:21,1.68,1.88,4.4,4.9,3.85,4.9
273,2024-04-07 19:46:21,1.25,990.0,0.0,4.9,1.25,990.0
274,2024-04-07 19:46:22,1.25,990.0,0.0,4.9,1.25,990.0
275,2024-04-07 19:46:22,1.25,990.0,0.0,4.9,1.25,990.0
276,2024-04-07 19:46:22,1.25,990.0,0.0,4.9,1.25,990.0
277,2024-04-07 19:46:23,1.25,990.0,0.0,4.9,1.25,990.0
278,2024-04-07 19:46:23,1.25,990.0,0.0,4.9,1.25,990.0
279,2024-04-07 19:46:23,1.25,990.0,0.0,4.9,1.25,990.0
280,2024-04-07 19:46:23,1.25,990.0,0.0,4.9,1.25,990.0
281,2024-04-07 19:46:24,1.25,990.0,0.0,4.9,1.25,990.0
282,2024-04-07 19:46:24,1.25,990.0,0.0,4.9,1.25,990.0
283,2024-04-07 19:46:24,1.25,990.0,0.0,4.9,1.25,990.0
284,2024-04-07 19:46:25,1.25,990.0,0.0,4.9,1.25,990.0
285,2024-04-07 19:46:25,1.25,990.0,0.0,4.9,1.25,990.0
286,2024-04-07 19:46:25,1.25,990.0,0.0,4.9,1.25,990.0
287,2024-04-07 19:46:26,1.25,990.0,0.0,4.9,1.25,990.0
288,2024-04-07 19:46:26,1.25,990.0,0.0,4.9,1.25,990.0
289,2024-04-07 19:46:26,1.25,990.0,0.0,4.9,1.25,990.0
290,2024-04-07 19:46:26,1.25,990.0,0.0,4.9,1.25,990.0
291,2024-04-07 19:46:27,1.25,990.0,0.0,4.9,1.25,990.0
292,2024-04-07 19:46:27,1.25,990.0,0.0,4.9,1.25,990.0
293,2024-04-07 19:46:27,1.25,990.0,0.0,4.9,1.25,990.0
294,2024-04-07 19:46:28,1.25,990.0,0.0,4.9,1.25,990.0
295,2024-04-07 19:46:28,1.25,990.0,0.0,4.9,1.25,990.0
296,2024-04-07 19:46:28,1.25,990.0,0.0,4.9,1.25,990.0
297,2024-04-07 19:46:29,1.25,990.0,0.0,4.9,1.25,990.0
298,2024-04-07 19:46:29,1.25,990.0,0.0,4.9,1.25,990.0
299,2024-04-07 19:46:29,1.25,990.0,0.0,4.9,1.25,990.0
300,2024-04-07 19:46:29,1.25,990.0,0.0,4.9,1.25,990.0
301,2024-04-07 19:46:30,1.25,990.0,0.0,4.9,1.25,990.0
302,2024-04-07 19:46:30,1.25,990.0,0.0,4.9,1.25,990.0
303,2024-04-07 19:46:30,1.25,990.0,0.0,4.9,1.25,990.0
304,2024-04-07 19:46:31,1.25,990.0,0.0,4.9,1.25,990.0
305,2024-04-07 19:46:31,1.25,990.0,0.0,4.9,1.25,990.0
306,2024-04-07 19:46:31,1.25,990.0,0.0,4.9,1.25,990.0
307,2024-04-07 19:46:32,1.25,990.0,0.0,4.9,1.25,990.0
308,2024-04-07 19:46:32,1.25,990.0,0.0,4.9,1.25,990.0
309,2024-04-07 19:46:32,1.25,990.0,0.0,4.9,1.25,990.0
310,2024-04-07 19:46:32,1.25,990.0,0.0,4.9,1.25,990.0
311,2024-04-07 19:46:33,1.25,990.0,0.0,4.9,1.25,990.0
312,2024-04-07 19:46:33,1.25,990.0,0.0,4.9,1.25,990.0
313,2024-04-07 19:46:33,1.25,990.0,0.0,4.9,1.25,990.0
314,2024-04-07 19:46:34,1.25,990.0,0.0,4.9,1.25,990.0
315,2024-04-07 19:46:34,1.25,990.0,0.0,4.9,1.25,990.0
316,2024-04-07 19:46:34,1.25,990.0,0.0,4.9,1.25,990.0
317,2024-04-07 19:46:35,1.25,990.0,0.0,4.9,1.25,990.0
318,2024-04-07 19:46:35,1.25,990.0,0.0,4.9,1.25,990.0
319,2024-04-07 19:46:35,1.25,990.0,0.0,4.9,1.25,990.0
320,2024-04-07 19:46:35,1.25,990.0,0.0,4.9,1.25,990.0
321,2024-04-07 19:46:36,1.25,990.0,0.0,4.9,1.25,990.0
322,2024-04-07 19:46:36,1.25,990.0,0.0,4.9,1.25,990.0
323,2024-04-07 19:46:36,1.25,990.0,0.0,4.9,1.25,990.0
324,2024-04-07 19:46:37,1.25,990.0,0.0,4.9,1.25,990.0
325,2024-04-07 19:46:37,1.25,990.0,0.0,4.9,1.25,990.0
326,2024-04-07 19:46:37,1.25,990.0,0.0,4.9,1.25,990.0
327,2024-04-07 19:46:37,1.25,990.0,0.0,4.9,1.25,990.0
328,2024-04-07 19:46:38,1.25,990.0,0.0,4.9,1.25,990.0
329,2024-04-07 19:46:38,1.25,990.0,0.0,4.9,1.25,990.0
330,2024-04-07 19:46:38,1.25,990.0,0.0,4.9,1.25,990.0
331,2024-04-07 19:46:39,1.25,990.0,0.0,4.9,1.25,990.0
332,2024-04-07 19:46:39,1.25,990.0,0.0,4.9,1.25,990.0
333,2024-04-07 19:46:39,1.25,990.0,0.0,4.9,1.25,990.0
334,2024-04-07 19:46:40,1.25,990.0,0.0,4.9,1.25,990.0
335,2024-04-07 19:46:40,1.25,990.0,0.0,4.9,1.25,990.0
336,2024-04-07 19:46:40,1.25,990.0,0.0,4.9,1.25,990.0
337,2024-04-07 19:46:40,1.25,990.0,0.0,4.9,1.25,990.0
338,2024-04-07 19:46:41,1.25,990.0,0.0,4.9,1.25,990.0
339,2024-04-07 19:46:41,1.25,990.0,0.0,4.9,1.25,990.0
340,2024-04-07 19:46:41,1.25,990.0,0.0,4.9,1.25,990.0
341,2024-04-07 19:46:42,1.25,990.0,0.0,4.9,1.25,990.0
342,2024-04-07 19:46:42,1.25,990.0,0.0,4.9,1.25,990.0
343,2024-04-07 19:46:42,1.25,990.0,0.0,4.9,1.25,990.0
344,2024-04-07 19:46:42,1.25,990.0,0.0,4.9,1.25,990.0
345,2024-04-07 19:46:43,1.25,990.0,0.0,4.9,1.25,990.0
346,2024-04-07 19:46:43,1.25,990.0,0.0,4.9,1.25,990.0
347,2024-04-07 19:46:43,1.25,990.0,0.0,4.9,1.25,990.0
348,2024-04-07 19:46:44,1.25,990.0,0.0,4.9,1.25,990.0
349,2024-04-07 19:46:44,1.25,990.0,0.0,4.9,1.25,990.0
350,2024-04-07 19:46:44,1.25,990.0,0.0,4.9,1.25,990.0
351,2024-04-07 19:46:45,1.25,990.0,0.0,4.9,1.25,990.0
352,2024-04-07 19:46:45,1.25,990.0,0.0,4.9,1.25,990.0
353,2024-04-07 19:46:45,1.25,990.0,0.0,4.9,1.25,990.0
354,2024-04-07 19:46:45,1.25,990.0,0.0,4.9,1.25,990.0
355,2024-04-07 19:46:46,1.25,990.0,0.0,4.9,1.25,990.0
356,2024-04-07 19:46:46,1.25,990.0,0.0,4.9,1.25,990.0
357,2024-04-07 19:46:46,1.25,990.0,0.0,4.9,1.25,990.0
358,2024-04-07 19:46:47,1.25,990.0,0.0,4.9,1.25,990.0
359,2024-04-07 19:46:47,1.25,990.0,0.0,4.9,1.25,990.0
360,2024-04-07 19:46:47,1.25,990.0,0.0,4.9,1.25,990.0
361,2024-04-07 19:46:48,1.25,990.0,0.0,4.9,1.25,990.0
362,2024-04-07 19:46:48,1.25,990.0,0.0,4.9,1.25,990.0
363,2024-04-07 19:46:48,1.25,990.0,0.0,4.9,1.25,990.0
364,2024-04-07 19:46:48,1.25,990.0,0.0,4.9,1.25,990.0
365,2024-04-07 19:46:49,1.25,990.0,0.0,4.9,1.25,990.0
366,2024-04-07 19:46:49,1.25,990.0,0.0,4.9,1.25,990.0
367,2024-04-07 19:46:49,1.25,990.0,0.0,4.9,1.25,990.0
368,2024-04-07 19:46:50,1.25,990.0,0.0,4.9,1.25,990.0
369,2024-04-07 19:46:50,1.25,990.0,0.0,4.9,1.25,990.0
370,2024-04-07 19:46:50,1.25,990.0,0.0,4.9,1.25,990.0
371,2024-04-07 19:46:51,1.25,990.0,0.0,4.9,1.25,990.0
372,2024-04-07 19:46:51,1.25,990.0,0.0,4.9,1.25,990.0
373,2024-04-07 19:46:51,1.25,990.0,0.0,4.9,1.25,990.0
374,2024-04-07 19:46:51,1.25,990.0,0.0,4.9,1.25,990.0
375,2024-04-07 19:46:52,1.25,990.0,0.0,4.9,1.25,990.0
376,2024-04-07 19:46:52,1.25,990.0,0.0,4.9,1.25,990.0
377,2024-04-07 19:46:52,1.25,990.0,0.0,4.9,1.25,990.0
378,2024-04-07 19:46:53,1.25,990.0,0.0,4.9,1.25,990.0
379,2024-04-07 19:46:53,1.25,990.0,0.0,4.9,1.25,990.0
380,2024-04-07 19:46:53,1.25,990.0,0.0,4.9,1.25,990.0
381,2024-04-07 19:46:53,1.25,990.0,0.0,4.9,1.25,990.0
382,2024-04-07 19:46:54,1.25,990.0,0.0,4.9,1.25,990.0
383,2024-04-07 19:46:54,1.25,990.0,0.0,4.9,1.25,970.0
384,2024-04-07 19:46:54,1.25,990.0,0.0,4.9,1.25,970.0
385,2024-04-07 19:46:55,1.25,990.0,0.0,4.9,1.25,970.0
386,2024-04-07 19:46:55,1.25,990.0,0.0,4.9,1.25,970.0
387,2024-04-07 19:46:55,1.25,990.0,0.0,4.9,1.25,970.0
388,2024-04-07 19:46:56,1.25,990.0,0.0,4.9,1.25,970.0
389,2024-04-07 19:46:56,1.25,990.0,0.0,4.9,1.25,970.0
390,2024-04-07 19:46:56,1.25,990.0,0.0,4.9,1.25,970.0
391,2024-04-07 19:46:56,1.25,990.0,0.0,4.9,1.25,970.0
392,2024-04-07 19:46:57,1.25,990.0,0.0,4.9,1.25,970.0
393,2024-04-07 19:46:57,1.25,990.0,0.0,4.9,1.25,970.0
394,2024-04-07 19:46:57,1.25,990.0,0.0,4.9,1.25,970.0
395,2024-04-07 19:46:58,1.25,990.0,0.0,4.9,1.25,970.0
396,2024-04-07 19:46:58,1.25,990.0,0.0,4.9,1.25,970.0
397,2024-04-07 19:46:58,1.25,990.0,0.0,4.9,1.25,970.0
398,2024-04-07 19:46:59,1.25,990.0,0.0,4.9,1.25,970.0
399,2024-04-07 19:46:59,1.25,990.0,0.0,4.9,1.25,970.0
400,2024-04-07 19:46:59,1.25,990.0,0.0,4.9,1.25,970.0
401,2024-04-07 19:46:59,1.25,990.0,0.0,4.9,1.25,970.0
402,2024-04-07 19:47:00,1.25,990.0,0.0,4.9,1.25,970.0
403,2024-04-07 19:47:00,1.25,990.0,0.0,4.9,1.25,970.0
404,2024-04-07 19:47:00,1.25,990.0,0.0,4.9,1.25,970.0
405,2024-04-07 19:47:01,1.25,990.0,0.0,4.9,1.25,970.0
406,2024-04-07 19:47:01,1.25,990.0,0.0,4.9,1.25,970.0
407,2024-04-07 19:47:01,1.25,990.0,0.0,4.9,1.25,970.0
408,2024-04-07 19:47:02,1.25,990.0,0.0,4.9,1.25,970.0
409,2024-04-07 19:47:02,1.25,990.0,0.0,4.9,1.25,970.0
410,2024-04-07 19:47:02,1.25,990.0,0.0,4.9,1.25,970.0
411,2024-04-07 19:47:02,1.25,990.0,0.0,4.9,1.25,970.0
412,2024-04-07 19:47:03,1.25,990.0,0.0,4.9,1.25,970.0
413,2024-04-07 19:47:03,1.25,990.0,0.0,4.9,1.25,970.0
414,2024-04-07 19:47:03,1.25,990.0,0.0,4.9,1.25,970.0
415,2024-04-07 19:47:04,1.25,990.0,0.0,4.9,1.25,970.0
416,2024-04-07 19:47:04,1.25,990.0,0.0,4.9,1.25,970.0
417,2024-04-07 19:47:04,1.25,990.0,0.0,4.9,1.25,970.0
418,2024-04-07 19:47:04,1.25,990.0,0.0,4.9,1.25,970.0
419,2024-04-07 19:47:05,1.25,990.0,0.0,4.9,1.25,970.0
420,2024-04-07 19:47:05,1.25,990.0,0.0,4.9,1.25,970.0
421,2024-04-07 19:47:05,1.25,990.0,0.0,4.9,1.25,970.0
422,2024-04-07 19:47:06,1.25,990.0,0.0,4.9,1.25,970.0
423,2024-04-07 19:47:06,1.25,990.0,0.0,4.9,1.25,970.0
424,2024-04-07 19:47:06,1.25,990.0,0.0,4.9,1.25,970.0
425,2024-04-07 19:47:07,1.25,990.0,0.0,4.9,1.25,970.0
426,2024-04-07 19:47:07,1.25,990.0,0.0,4.9,1.25,970.0
427,2024-04-07 19:47:07,1.25,990.0,0.0,4.9,1.25,970.0
428,2024-04-07 19:47:07,1.25,990.0,0.0,4.9,1.25,970.0
429,2024-04-07 19:47:08,1.25,990.0,0.0,4.9,1.25,970.0
430,2024-04-07 19:47:08,1.25,990.0,0.0,4.9,1.25,970.0
431,2024-04-07 19:47:08,1.25,990.0,0.0,4.9,1.25,970.0
432,2024-04-07 19:47:09,1.25,990.0,0.0,4.9,1.25,970.0
433,2024-04-07 19:47:09,1.25,990.0,0.0,4.9,1.25,970.0
434,2024-04-07 19:47:09,1.25,990.0,0.0,4.9,1.25,970.0
435,2024-04-07 19:47:10,1.25,990.0,0.0,4.9,1.25,970.0
436,2024-04-07 19:47:10,1.25,990.0,0.0,4.9,1.25,970.0
437,2024-04-07 19:47:10,1.25,990.0,0.0,4.9,1.25,970.0
438,2024-04-07 19:47:10,1.25,990.0,0.0,4.9,1.25,970.0
439,2024-04-07 19:47:11,1.25,990.0,0.0,4.9,1.25,970.0
440,2024-04-07 19:47:11,1.25,990.0,0.0,4.9,1.25,970.0
441,2024-04-07 19:47:11,1.25,990.0,0.0,4.9,1.25,970.0
442,2024-04-07 19:47:12,1.25,990.0,0.0,4.9,1.25,970.0
443,2024-04-07 19:47:12,1.25,990.0,0.0,4.9,1.25,970.0
444,2024-04-07 19:47:12,1.25,990.0,0.0,4.9,1.25,970.0
445,2024-04-07 19:47:12,1.25,990.0,0.0,4.9,1.25,970.0
446,2024-04-07 19:47:13,1.25,990.0,0.0,4.9,1.25,970.0
447,2024-04-07 19:47:13,1.25,990.0,0.0,4.9,1.25,970.0
448,2024-04-07 19:47:13,1.25,990.0,0.0,4.9,1.25,970.0
449,2024-04-07 19:47:14,1.25,990.0,0.0,4.9,1.25,970.0
450,2024-04-07 19:47:14,1.25,990.0,0.0,4.9,1.25,970.0
451,2024-04-07 19:47:14,1.25,990.0,0.0,4.9,1.25,970.0
452,2024-04-07 19:47:15,1.25,990.0,0.0,4.9,1.25,970.0
453,2024-04-07 19:47:15,1.25,990.0,0.0,4.9,1.25,970.0
454,2024-04-07 19:47:15,1.25,990.0,0.0,4.9,1.25,970.0
455,2024-04-07 19:47:15,1.25,990.0,0.0,4.9,1.25,970.0
456,2024-04-07 19:47:16,1.25,990.0,0.0,4.9,1.25,970.0
457,2024-04-07 19:47:16,1.25,990.0,0.0,4.9,1.25,970.0
458,2024-04-07 19:47:16,1.25,990.0,0.0,4.9,1.25,970.0
459,2024-04-07 19:47:17,1.25,990.0,0.0,4.9,1.25,970.0
460,2024-04-07 19:47:17,1.25,990.0,0.0,4.9,1.25,970.0
461,2024-04-07 19:47:17,1.25,990.0,0.0,4.9,1.25,970.0
462,2024-04-07 19:47:18,1.25,990.0,0.0,4.9,1.25,970.0
463,2024-04-07 19:47:18,1.25,990.0,0.0,4.9,1.25,970.0
464,2024-04-07 19:47:18,1.25,990.0,0.0,4.9,1.25,970.0
465,2024-04-07 19:47:18,1.25,990.0,0.0,4.9,1.25,970.0
466,2024-04-07 19:47:19,1.25,990.0,0.0,4.9,1.25,970.0
467,2024-04-07 19:47:19,1.25,990.0,0.0,4.9,1.25,970.0
468,2024-04-07 19:47:19,1.25,990.0,0.0,4.9,1.25,970.0
469,2024-04-07 19:47:20,1.25,990.0,0.0,4.9,1.25,970.0
470,2024-04-07 19:47:20,1.25,990.0,0.0,4.9,1.25,970.0
471,2024-04-07 19:47:20,1.25,990.0,0.0,4.9,1.25,970.0
472,2024-04-07 19:47:21,1.25,990.0,0.0,4.9,1.25,970.0
473,2024-04-07 19:47:21,1.25,990.0,0.0,4.9,1.25,970.0
474,2024-04-07 19:47:21,1.25,990.0,0.0,4.9,1.25,970.0
475,2024-04-07 19:47:21,1.25,990.0,0.0,4.9,1.25,970.0
476,2024-04-07 19:47:22,1.25,990.0,0.0,4.9,1.25,970.0
477,2024-04-07 19:47:22,1.25,990.0,0.0,4.9,1.25,970.0
478,2024-04-07 19:47:22,1.25,1.36,4.4,4.9,3.85,970.0
479,2024-04-07 19:47:23,1.25,1.36,4.4,4.9,3.85,970.0
480,2024-04-07 19:47:23,1.25,1.36,4.4,4.9,3.85,970.0
481,2024-04-07 19:47:23,1.25,1.36,4.4,4.9,3.85,970.0
482,2024-04-07 19:47:24,1.25,1.36,4.4,4.9,3.85,970.0
483,2024-04-07 19:47:24,1.25,1.36,4.4,4.9,3.85,970.0
484,2024-04-07 19:47:24,1.25,1.36,4.4,4.9,3.85,970.0
485,2024-04-07 19:47:25,1.25,1.36,4.4,4.9,3.85,970.0
486,2024-04-07 19:47:25,1.25,1.36,4.4,4.9,3.85,970.0
487,2024-04-07 19:47:26,1.25,1.36,4.4,4.9,3.85,970.0
488,2024-04-07 19:47:26,1.25,1.36,4.4,4.9,3.85,970.0
489,2024-04-07 19:47:27,1.25,1.36,4.4,4.9,3.85,970.0
490,2024-04-07 19:47:27,1.25,1.36,4.4,4.9,3.85,970.0
491,2024-04-07 19:47:27,1.25,1.36,4.4,4.9,3.85,970.0
492,2024-04-07 19:47:28,1.25,1.36,4.4,4.9,3.85,970.0
493,2024-04-07 19:47:28,1.25,1.36,4.4,4.9,3.85,970.0
494,2024-04-07 19:47:28,1.25,1.36,4.4,4.9,3.85,970.0
495,2024-04-07 19:47:29,1.68,1.88,4.4,4.9,3.85,4.9
496,2024-04-07 19:47:29,1.68,1.88,4.4,4.9,3.85,4.9
497,2024-04-07 19:47:29,1.68,1.88,4.4,4.9,3.85,4.9
498,2024-04-07 19:47:30,1.68,1.88,4.4,4.9,3.85,4.9
499,2024-04-07 19:47:30,1.68,1.88,4.4,4.9,3.85,4.9
500,2024-04-07 19:47:30,1.68,1.88,4.4,4.9,3.85,4.9
501,2024-04-07 19:47:31,1.68,1.88,4.4,4.9,3.85,4.9
502,2024-04-07 19:47:31,1.68,1.88,4.4,4.9,3.85,4.9
503,2024-04-07 19:47:35,1.68,1.88,4.4,4.9,3.85,4.9
504,2024-04-07 19:47:39,1.68,1.88,4.4,4.9,3.85,4.9
505,2024-04-07 19:47:42,1.68,1.88,4.4,4.9,3.85,4.9
506,2024-04-07 19:47:46,1.71,1.88,4.4,4.7,3.9,4.9
507,2024-04-07 19:47:49,1.71,1.88,4.4,4.7,3.9,4.9
508,2024-04-07 19:47:51,1.25,990.0,0.0,4.9,1.25,970.0
509,2024-04-07 19:47:55,1.25,990.0,0.0,4.9,1.25,970.0
510,2024-04-07 19:47:59,1.25,990.0,0.0,4.9,1.25,990.0
511,2024-04-07 19:48:02,1.25,990.0,0.0,4.9,1.25,990.0
512,2024-04-07 19:48:05,1.25,990.0,0.0,4.9,1.25,990.0
513,2024-04-07 19:48:08,1.25,990.0,0.0,4.9,1.25,990.0
514,2024-04-07 19:48:12,1.25,990.0,0.0,4.9,1.25,990.0
515,2024-04-07 19:48:16,1.25,990.0,0.0,4.9,1.25,990.0
516,2024-04-07 19:48:19,1.25,990.0,0.0,4.9,1.25,990.0
517,2024-04-07 19:48:22,1.25,990.0,0.0,4.9,1.25,990.0
518,2024-04-07 19:48:26,1.25,990.0,0.0,4.9,1.25,990.0
519,2024-04-07 19:48:29,1.25,990.0,0.0,4.9,1.25,990.0
520,2024-04-07 19:48:32,1.25,990.0,0.0,4.9,1.25,990.0
521,2024-04-07 19:48:36,1.25,990.0,0.0,4.9,1.25,990.0
522,2024-04-07 19:48:39,1.25,990.0,0.0,4.9,1.25,990.0
523,2024-04-07 19:48:43,1.25,990.0,0.0,4.9,1.25,990.0
524,2024-04-07 19:48:46,1.25,990.0,0.0,4.9,1.25,990.0
525,2024-04-07 19:48:50,1.25,990.0,0.0,4.9,1.25,970.0
526,2024-04-07 19:48:53,1.25,990.0,0.0,4.9,1.25,970.0
527,2024-04-07 19:48:57,1.25,990.0,0.0,4.9,1.25,970.0
528,2024-04-07 19:49:00,1.25,990.0,0.0,4.9,1.25,970.0
529,2024-04-07 19:49:04,1.25,990.0,0.0,4.9,1.25,970.0
530,2024-04-07 19:49:07,1.25,990.0,0.0,4.9,1.25,970.0
531,2024-04-07 19:49:11,1.25,990.0,0.0,4.9,1.25,970.0
532,2024-04-07 19:49:14,1.25,990.0,0.0,4.9,1.25,970.0
533,2024-04-07 19:49:17,1.25,990.0,0.0,4.9,1.25,970.0
534,2024-04-07 19:49:20,1.25,990.0,0.0,4.9,1.25,970.0
535,2024-04-07 19:49:24,1.25,990.0,0.0,4.9,1.25,970.0
536,2024-04-07 19:49:28,1.25,990.0,0.0,4.9,1.25,970.0
537,2024-04-07 19:49:31,1.25,990.0,0.0,4.9,1.25,970.0
538,2024-04-07 19:49:34,1.7,990.0,0.0,2.44,1.25,2.44
539,2024-04-07 19:49:37,1.7,2.18,3.75,4.9,3.65,4.8
540,2024-04-07 19:49:40,1.7,2.08,3.75,4.9,3.65,4.8
541,2024-04-07 19:49:44,1.7,2.08,3.75,4.9,3.65,4.8
542,2024-04-07 19:49:47,1.7,2.08,3.75,4.9,3.65,4.8
543,2024-04-07 19:49:50,1.7,2.08,3.75,4.9,3.65,4.8
544,2024-04-07 19:49:54,1.7,2.08,3.75,4.9,3.65,4.8
545,2024-04-07 19:49:57,1.7,1.96,4.1,4.9,3.65,4.8
546,2024-04-07 19:50:00,1.7,1.96,4.1,4.9,3.7,4.8
547,2024-04-07 19:50:04,1.7,1.96,4.1,4.9,3.7,4.8
548,2024-04-07 19:50:08,1.7,1.96,4.1,4.9,3.7,4.8
549,2024-04-07 19:50:11,1.7,1.96,4.1,4.9,3.7,4.8
550,2024-04-07 19:50:14,1.7,1.96,4.1,4.9,3.7,4.8
551,2024-04-07 19:50:18,1.71,1.96,4.1,4.9,3.7,4.7
552,2024-04-07 19:50:21,1.71,990.0,1.27,2.42,3.7,4.7
553,2024-04-07 19:50:25,1.71,1.38,3.15,1.38,3.7,4.7
554,2024-04-07 19:50:29,1.71,1.38,3.65,4.9,3.7,4.7
555,2024-04-07 19:50:32,1.71,1.38,3.65,4.9,3.7,4.7
556,2024-04-07 19:50:36,1.74,2.12,3.65,4.9,3.7,4.7
557,2024-04-07 19:50:39,1.75,2.12,3.65,4.9,3.7,4.7
558,2024-04-07 19:50:43,1.75,2.12,3.65,4.9,3.7,4.7
559,2024-04-07 19:50:46,1.75,2.12,3.65,4.9,3.7,4.7
560,2024-04-07 19:50:49,1.75,2.12,3.65,4.9,3.7,4.7
561,2024-04-07 19:50:53,1.75,2.12,3.65,4.9,3.7,4.7
562,2024-04-07 19:50:56,1.75,2.12,3.65,4.9,3.7,4.7
563,2024-04-07 19:50:59,1.75,2.12,3.65,4.9,3.7,4.7
564,2024-04-07 19:51:03,1.75,2.12,3.65,4.9,3.7,4.7
565,2024-04-07 19:51:05,1.76,2.12,3.65,4.9,3.7,4.7
566,2024-04-07 19:51:09,1.72,1.38,3.65,4.9,3.7,4.6
567,2024-04-07 19:51:12,1.78,2.12,3.65,4.9,3.7,4.6
568,2024-04-07 19:51:15,1.78,2.08,3.8,4.9,3.7,4.6
569,2024-04-07 19:51:19,1.79,2.08,3.8,4.9,3.7,4.6
570,2024-04-07 19:51:22,1.79,2.08,3.8,4.9,3.7,4.6
571,2024-04-07 19:51:26,1.79,2.08,3.8,4.9,3.7,4.6
572,2024-04-07 19:51:30,1.79,2.08,3.8,4.9,3.7,4.6
573,2024-04-07 19:51:33,1.79,2.08,3.8,4.9,3.7,4.6
574,2024-04-07 19:51:36,1.79,2.08,3.8,4.9,3.7,4.6
575,2024-04-07 19:51:39,1.79,2.08,3.8,4.9,3.7,4.6
576,2024-04-07 19:51:43,1.79,2.08,3.8,4.9,3.7,4.6
577,2024-04-07 19:51:46,1.79,2.08,3.8,4.9,3.7,4.6
578,2024-04-07 19:51:49,1.79,2.08,3.8,4.9,3.7,4.6
579,2024-04-07 19:51:53,1.79,2.08,3.8,4.9,3.7,4.6
580,2024-04-07 19:51:56,1.25,990.0,0.0,4.9,1.25,970.0
581,2024-04-07 19:52:00,1.25,990.0,0.0,4.9,1.25,970.0
582,2024-04-07 19:52:03,1.25,990.0,0.0,4.9,1.25,970.0
583,2024-04-07 19:52:07,1.25,990.0,0.0,4.9,1.25,970.0
584,2024-04-07 19:52:11,1.25,990.0,0.0,4.9,1.25,970.0
585,2024-04-07 19:52:14,1.25,990.0,0.0,4.9,1.25,970.0
586,2024-04-07 19:52:18,1.25,990.0,0.0,4.9,1.25,970.0
587,2024-04-07 19:52:21,1.25,990.0,0.0,4.9,1.25,970.0
588,2024-04-07 19:52:25,1.25,990.0,0.0,4.9,1.25,970.0
589,2024-04-07 19:52:29,1.25,990.0,0.0,4.9,1.25,970.0
590,2024-04-07 19:52:32,1.25,990.0,0.0,4.9,1.25,970.0
591,2024-04-07 19:52:36,1.25,990.0,0.0,4.9,1.25,970.0
592,2024-04-07 19:52:39,1.25,990.0,0.0,4.9,1.25,970.0
593,2024-04-07 19:52:43,1.25,990.0,0.0,4.9,1.25,970.0
594,2024-04-07 19:52:46,1.25,990.0,0.0,4.9,1.25,970.0
595,2024-04-07 19:52:50,1.25,990.0,0.0,4.9,1.25,970.0
596,2024-04-07 19:52:54,1.25,990.0,0.0,4.9,1.25,970.0
597,2024-04-07 19:52:57,1.25,990.0,0.0,4.9,1.25,970.0
598,2024-04-07 19:53:00,1.25,990.0,0.0,4.9,1.25,970.0
599,2024-04-07 19:53:03,1.25,990.0,0.0,4.9,1.25,970.0
600,2024-04-07 19:53:06,1.25,990.0,0.0,4.9,1.25,970.0
601,2024-04-07 19:53:10,1.25,990.0,0.0,4.9,1.25,970.0
602,2024-04-07 19:53:13,1.25,990.0,0.0,4.9,1.25,970.0
603,2024-04-07 19:53:17,1.25,990.0,0.0,4.9,1.25,970.0
604,2024-04-07 19:53:20,1.25,970.0,0.0,4.9,1.25,970.0
605,2024-04-07 19:53:23,1.25,970.0,0.0,4.9,1.25,970.0
606,2024-04-07 19:53:27,1.25,970.0,0.0,4.9,1.25,970.0
607,2024-04-07 19:53:31,1.25,970.0,0.0,4.9,1.25,970.0
608,2024-04-07 19:53:35,1.25,970.0,0.0,4.9,1.25,970.0
609,2024-04-07 19:53:38,1.25,970.0,0.0,4.9,1.25,970.0
610,2024-04-07 19:53:42,1.25,970.0,0.0,4.9,1.25,970.0
611,2024-04-07 19:53:45,1.25,970.0,0.0,4.9,1.25,970.0
612,2024-04-07 19:53:49,1.25,970.0,0.0,4.9,1.25,970.0
613,2024-04-07 19:53:52,1.25,970.0,0.0,4.9,1.25,970.0
614,2024-04-07 19:53:55,1.25,970.0,0.0,4.9,1.25,970.0
615,2024-04-07 19:53:59,1.25,970.0,0.0,4.9,1.25,970.0
616,2024-04-07 19:54:03,1.25,970.0,0.0,4.9,1.25,970.0
617,2024-04-07 19:54:06,1.25,970.0,0.0,4.9,1.25,970.0
618,2024-04-07 19:54:10,1.25,970.0,0.0,4.9,1.25,970.0
619,2024-04-07 19:54:13,1.25,970.0,0.0,4.9,1.25,970.0
620,2024-04-07 19:54:17,1.25,970.0,0.0,4.9,1.25,970.0
621,2024-04-07 19:54:20,1.25,970.0,0.0,4.9,1.25,970.0
622,2024-04-07 19:54:23,1.25,970.0,0.0,4.9,1.25,970.0
623,2024-04-07 19:54:27,1.25,970.0,0.0,4.9,1.25,970.0
624,2024-04-07 19:54:30,1.25,970.0,0.0,4.9,1.25,970.0
625,2024-04-07 19:54:34,1.25,970.0,0.0,4.9,1.25,970.0
626,2024-04-07 19:54:38,1.25,970.0,0.0,4.9,1.25,970.0
627,2024-04-07 19:54:41,1.25,970.0,0.0,4.9,1.25,970.0
628,2024-04-07 19:54:45,1.25,970.0,0.0,4.9,1.25,970.0
629,2024-04-07 19:54:48,1.25,970.0,0.0,4.9,1.25,970.0
630,2024-04-07 19:54:52,1.25,970.0,0.0,4.9,1.25,970.0
631,2024-04-07 19:54:55,1.25,970.0,0.0,4.9,1.25,970.0
632,2024-04-07 19:54:59,1.25,970.0,0.0,4.9,1.25,970.0
633,2024-04-07 19:55:02,1.25,970.0,0.0,4.9,1.25,970.0
634,2024-04-07 19:55:06,1.74,2.04,3.9,4.9,3.5,4.7
635,2024-04-07 19:55:10,1.74,2.04,3.95,4.9,3.6,4.6
636,2024-04-07 19:55:13,1.74,2.04,3.95,4.9,3.6,4.6
637,2024-04-07 19:55:17,1.73,2.04,3.95,4.9,3.6,4.6
638,2024-04-07 19:55:20,1.78,2.04,3.95,4.9,3.6,4.6
639,2024-04-07 19:55:23,1.78,2.04,3.95,4.9,3.6,4.6
640,2024-04-07 19:55:27,1.78,2.04,3.95,4.9,3.6,4.6
641,2024-04-07 19:55:31,1.78,2.04,3.95,4.9,3.6,4.6
642,2024-04-07 19:55:33,1.79,2.04,3.95,4.9,3.6,4.6
643,2024-04-07 19:55:37,1.79,2.04,3.95,4.9,3.6,4.6
644,2024-04-07 19:55:40,1.79,2.04,3.95,4.9,3.6,4.6
645,2024-04-07 19:55:43,1.79,2.04,3.95,4.9,3.6,4.6
646,2024-04-07 19:55:46,1.79,2.04,3.95,4.9,3.6,4.6
647,2024-04-07 19:55:49,1.79,2.04,4.0,4.9,3.6,4.6
648,2024-04-07 19:55:52,1.79,2.04,4.1,4.9,3.6,4.6
649,2024-04-07 19:55:55,1.79,2.04,4.1,4.9,3.6,4.6
650,2024-04-07 19:55:59,1.79,2.04,4.1,4.9,3.6,4.6
651,2024-04-07 19:56:02,1.79,2.04,4.1,4.9,3.6,4.6
652,2024-04-07 19:56:06,1.79,2.04,4.1,4.9,3.6,4.6
653,2024-04-07 19:56:10,1.79,2.04,4.1,4.9,3.6,4.6
654,2024-04-07 19:56:13,1.79,2.04,4.1,4.9,3.6,4.6
655,2024-04-07 19:56:17,1.79,2.04,4.1,4.9,3.6,4.6
656,2024-04-07 19:56:20,1.79,2.04,4.1,4.9,3.6,4.6
657,2024-04-07 19:56:24,1.79,2.04,4.1,4.9,3.6,4.6
658,2024-04-07 19:56:27,1.79,2.04,4.1,4.9,3.6,4.6
659,2024-04-07 19:56:31,1.79,2.04,4.1,4.9,3.6,4.6
660,2024-04-07 19:56:34,1.79,2.04,4.1,4.9,3.6,4.6
661,2024-04-07 19:56:38,1.79,2.04,4.1,4.9,3.6,4.6
662,2024-04-07 19:56:41,1.79,2.04,4.1,4.9,3.6,4.6
663,2024-04-07 19:56:45,1.79,2.04,4.1,4.9,3.6,4.6
664,2024-04-07 19:56:48,1.79,2.04,4.1,4.9,3.6,4.6
665,2024-04-07 19:56:51,1.79,2.04,4.1,4.9,3.6,4.6
666,2024-04-07 19:56:54,1.79,2.04,4.1,4.9,3.6,4.6
667,2024-04-07 19:56:57,1.79,2.04,4.1,4.9,3.6,4.6
668,2024-04-07 19:57:00,1.79,2.04,4.1,4.9,3.6,4.6
669,2024-04-07 19:57:03,1.79,2.04,4.1,4.9,3.6,4.6
670,2024-04-07 19:57:06,1.79,2.04,4.1,4.9,3.6,4.6
671,2024-04-07 19:57:09,1.79,2.04,4.1,4.9,3.6,4.6
672,2024-04-07 19:57:13,1.79,2.04,4.1,4.9,3.6,4.6
673,2024-04-07 19:57:16,1.79,2.04,4.1,4.9,3.6,4.6
674,2024-04-07 19:57:20,1.79,2.04,4.1,4.9,3.6,4.6
675,2024-04-07 19:57:23,1.79,2.04,4.1,4.9,3.6,4.6
676,2024-04-07 19:57:26,1.79,2.04,4.1,4.9,3.6,4.6
677,2024-04-07 19:57:30,1.79,2.04,4.1,4.9,3.6,4.6
678,2024-04-07 19:57:33,1.79,2.04,4.1,4.9,3.6,4.6
679,2024-04-07 19:57:37,1.79,2.04,4.1,4.9,3.6,4.6
680,2024-04-07 19:57:40,1.79,2.04,4.1,4.9,3.6,4.6
681,2024-04-07 19:57:42,1.79,2.04,4.1,4.9,3.6,4.6
682,2024-04-07 19:57:46,1.79,2.04,4.1,4.9,3.6,4.6
683,2024-04-07 19:57:49,1.79,2.04,4.1,4.9,3.6,4.6
684,2024-04-07 19:57:53,1.79,2.04,4.1,4.9,3.6,4.6
685,2024-04-07 19:57:57,1.79,2.04,4.1,4.9,3.6,4.6
686,2024-04-07 19:58:01,1.79,2.04,4.1,4.9,3.6,4.6
687,2024-04-07 19:58:04,1.79,2.04,4.1,4.9,3.6,4.6
688,2024-04-07 19:58:08,1.79,2.04,4.1,4.9,3.6,4.6
689,2024-04-07 19:58:11,1.79,2.04,4.1,4.9,3.6,4.6
690,2024-04-07 19:58:15,1.79,2.04,4.1,4.9,3.6,4.6
691,2024-04-07 19:58:18,1.79,2.04,4.1,4.9,3.6,4.6
692,2024-04-07 19:58:22,1.79,2.04,4.1,4.9,3.6,4.6
693,2024-04-07 19:58:26,1.79,2.04,4.1,4.9,3.6,4.6
694,2024-04-07 19:58:30,1.79,2.04,4.1,4.9,3.6,4.6
695,2024-04-07 19:58:33,1.79,2.04,4.1,4.9,3.6,4.6
696,2024-04-07 19:58:37,1.79,2.04,4.1,4.9,3.6,4.6
697,2024-04-07 19:58:40,1.79,2.04,4.1,4.9,3.6,4.6
698,2024-04-07 19:58:43,1.79,2.04,4.1,4.9,3.6,4.6
699,2024-04-07 19:58:47,1.78,2.04,4.2,4.9,3.6,4.6
700,2024-04-07 19:58:50,1.78,2.04,4.2,4.9,3.6,4.6
701,2024-04-07 19:58:54,1.78,2.04,4.2,4.9,3.6,4.5
702,2024-04-07 19:58:57,1.78,2.04,4.2,4.9,3.6,4.5
703,2024-04-07 19:59:01,1.78,2.04,4.2,4.9,3.6,4.5
704,2024-04-07 19:59:05,1.78,2.04,4.2,4.9,3.6,4.5
705,2024-04-07 19:59:08,1.78,2.04,4.2,4.9,3.6,4.5
706,2024-04-07 19:59:11,1.78,2.04,4.2,4.9,3.6,4.5
707,2024-04-07 19:59:15,1.78,2.04,4.2,4.9,3.6,4.5
708,2024-04-07 19:59:18,1.77,2.08,4.2,4.9,3.6,4.5
709,2024-04-07 19:59:21,1.77,2.02,4.3,4.9,3.6,4.5
710,2024-04-07 19:59:25,1.77,2.02,4.3,4.9,3.6,4.5
711,2024-04-07 19:59:27,1.77,2.02,4.3,4.9,3.6,4.5
712,2024-04-07 19:59:31,1.77,2.02,4.3,4.9,3.6,4.5
713,2024-04-07 19:59:34,1.77,2.02,4.3,4.9,3.6,4.4
714,2024-04-07 19:59:37,1.77,2.02,4.3,4.9,3.6,4.4
715,2024-04-07 19:59:40,1.77,2.02,4.3,4.9,3.6,4.4
716,2024-04-07 19:59:43,1.77,2.02,4.3,4.9,3.6,4.4
717,2024-04-07 19:59:46,1.77,2.02,4.3,4.9,3.6,4.4
718,2024-04-07 19:59:49,1.77,2.02,4.3,4.9,3.6,4.4
719,2024-04-07 19:59:52,1.77,2.02,4.3,4.9,3.6,4.4
720,2024-04-07 19:59:55,1.77,2.02,4.3,4.9,3.6,4.4
721,2024-04-07 19:59:58,1.77,2.02,4.3,4.9,3.6,4.4
722,2024-04-07 20:00:01,1.76,2.02,4.3,4.9,3.6,4.4
723,2024-04-07 20:00:04,1.76,2.02,4.3,4.9,3.6,4.4
724,2024-04-07 20:00:07,1.76,2.02,4.3,4.9,3.6,4.4
725,2024-04-07 20:00:10,1.25,970.0,0.0,4.9,1.25,970.0
726,2024-04-07 20:00:13,1.25,970.0,0.0,4.9,1.25,970.0
727,2024-04-07 20:00:17,1.25,970.0,0.0,4.9,1.25,970.0
728,2024-04-07 20:00:20,1.25,970.0,0.0,4.9,1.25,970.0
729,2024-04-07 20:00:24,1.25,970.0,0.0,4.9,1.25,970.0
730,2024-04-07 20:00:27,1.25,970.0,0.0,4.9,1.25,970.0
731,2024-04-07 20:00:31,1.25,970.0,0.0,4.9,1.25,990.0
732,2024-04-07 20:00:34,1.25,970.0,0.0,4.9,1.25,990.0
733,2024-04-07 20:00:37,1.25,970.0,0.0,4.9,1.25,990.0
734,2024-04-07 20:00:41,1.25,970.0,0.0,4.9,1.25,990.0
735,2024-04-07 20:00:44,1.25,970.0,0.0,4.9,1.25,990.0
736,2024-04-07 20:00:48,1.25,970.0,0.0,4.9,1.25,970.0
737,2024-04-07 20:00:51,1.25,970.0,0.0,4.9,1.25,970.0
738,2024-04-07 20:00:54,1.25,970.0,0.0,4.9,1.25,970.0
739,2024-04-07 20:00:58,1.25,970.0,0.0,4.9,1.25,970.0
740,2024-04-07 20:01:01,1.25,970.0,0.0,4.9,1.25,970.0
741,2024-04-07 20:01:04,1.25,970.0,0.0,4.9,1.25,970.0
742,2024-04-07 20:01:07,1.25,970.0,0.0,4.9,1.25,970.0
743,2024-04-07 20:01:11,1.25,970.0,0.0,4.9,1.25,970.0
744,2024-04-07 20:01:14,1.25,970.0,0.0,4.9,1.25,970.0
745,2024-04-07 20:01:18,1.25,970.0,0.0,4.9,1.25,970.0
746,2024-04-07 20:01:22,1.25,970.0,0.0,4.9,1.25,970.0
747,2024-04-07 20:01:25,1.25,970.0,0.0,4.9,1.25,970.0
748,2024-04-07 20:01:28,0.0,970.0,0.0,970.0,0.0,970.0
749,2024-04-07 20:01:31,0.0,970.0,0.0,970.0,0.0,970.0
750,2024-04-07 20:01:35,1.25,1.36,7.2,15.0,5.5,7.8
751,2024-04-07 20:01:39,1.25,1.35,10.5,15.0,5.5,7.8
752,2024-04-07 20:01:42,1.25,1.35,10.5,15.0,5.5,7.8
753,2024-04-07 20:01:45,1.26,1.35,10.5,15.0,5.5,7.6
754,2024-04-07 20:01:49,1.26,1.35,10.5,15.0,5.5,7.6
755,2024-04-07 20:01:52,1.26,1.35,10.5,15.0,5.5,7.6
756,2024-04-07 20:01:55,1.26,1.35,10.5,15.0,5.5,7.6
757,2024-04-07 20:01:58,1.26,1.35,10.5,15.0,5.5,7.6
758,2024-04-07 20:02:02,1.26,1.36,10.5,15.0,5.5,7.6
759,2024-04-07 20:02:05,1.26,1.36,10.5,15.0,5.5,7.6
760,2024-04-07 20:02:09,1.3,1.36,10.5,14.5,5.5,7.6
761,2024-04-07 20:02:11,1.3,1.36,10.5,14.5,5.5,7.6
762,2024-04-07 20:02:14,1.3,1.38,10.0,14.5,5.5,7.6
763,2024-04-07 20:02:18,1.3,1.38,3.6,1.23,5.5,970.0
764,2024-04-07 20:02:21,1.3,1.38,9.8,14.0,5.5,7.4
765,2024-04-07 20:02:24,1.3,1.38,9.8,14.0,5.5,7.4
766,2024-04-07 20:02:27,1.3,1.38,9.8,14.0,5.5,7.4
767,2024-04-07 20:02:31,1.3,1.38,9.8,14.0,5.5,7.4
768,2024-04-07 20:02:34,1.3,1.38,9.8,14.0,5.5,7.4
769,2024-04-07 20:02:38,1.3,1.38,9.8,14.0,5.5,7.4
770,2024-04-07 20:02:41,1.3,1.38,9.8,14.0,5.5,7.4
771,2024-04-07 20:02:45,1.3,1.38,9.8,14.0,5.5,7.4
772,2024-04-07 20:02:48,1.3,1.38,9.8,14.0,5.5,7.4
773,2024-04-07 20:02:52,1.3,1.38,9.8,14.0,5.5,7.4
774,2024-04-07 20:02:55,1.3,1.38,9.8,14.0,5.5,7.4
775,2024-04-07 20:02:58,1.3,1.38,10.0,14.0,5.5,7.4
776,2024-04-07 20:03:01,1.3,1.38,10.0,14.0,5.5,7.4
777,2024-04-07 20:03:05,1.3,1.38,10.0,14.0,5.5,7.4
778,2024-04-07 20:03:09,1.3,1.38,10.0,14.0,5.5,7.4
779,2024-04-07 20:03:12,1.3,1.38,10.0,14.0,5.5,7.4
780,2024-04-07 20:03:15,1.3,1.38,10.0,14.0,5.5,7.4
781,2024-04-07 20:03:18,1.3,1.38,10.0,14.0,5.5,7.4
782,2024-04-07 20:03:22,1.3,1.38,10.5,14.0,5.7,7.4
783,2024-04-07 20:03:25,1.3,1.38,10.5,14.0,5.7,7.4
784,2024-04-07 20:03:29,1.3,1.38,10.5,14.0,5.7,7.4
785,2024-04-07 20:03:32,1.3,1.38,10.5,14.0,5.7,7.4
786,2024-04-07 20:03:36,1.3,1.37,10.5,14.0,5.7,7.4
787,2024-04-07 20:03:39,1.3,1.37,10.5,14.0,5.7,7.4
788,2024-04-07 20:03:43,1.3,1.37,10.5,14.0,5.7,7.4
789,2024-04-07 20:03:46,1.3,1.37,10.5,14.0,5.7,7.4
790,2024-04-07 20:03:49,1.3,1.37,10.5,14.0,5.7,7.4
791,2024-04-07 20:03:52,1.3,1.37,10.5,14.0,5.7,7.4
792,2024-04-07 20:03:55,1.3,1.37,10.5,14.0,5.7,7.4
793,2024-04-07 20:03:59,1.3,1.37,10.5,14.0,5.7,7.4
794,2024-04-07 20:04:02,1.3,1.37,10.5,14.0,5.7,7.4
795,2024-04-07 20:04:06,1.3,1.37,10.5,14.0,5.7,7.4
796,2024-04-07 20:04:09,1.3,1.37,10.5,14.0,5.7,7.4
797,2024-04-07 20:04:12,1.3,1.37,10.5,14.0,5.7,7.4
798,2024-04-07 20:04:16,1.3,1.37,10.5,14.0,5.7,7.4
799,2024-04-07 20:04:20,1.3,1.37,10.5,14.0,5.7,7.4
800,2024-04-07 20:04:23,1.3,1.37,10.5,14.0,5.7,7.4
801,2024-04-07 20:04:26,1.3,1.37,10.5,14.0,5.7,7.4
802,2024-04-07 20:04:30,1.3,1.37,10.5,14.0,5.7,7.4
803,2024-04-07 20:04:33,1.3,1.37,10.5,14.0,5.6,7.4
804,2024-04-07 20:04:37,1.3,1.37,10.5,14.0,5.6,7.4
805,2024-04-07 20:04:41,1.3,1.37,10.5,14.0,5.6,7.4
806,2024-04-07 20:04:44,1.3,1.37,10.5,14.0,5.6,7.4
807,2024-04-07 20:04:48,1.3,1.37,10.0,14.0,5.6,7.4
808,2024-04-07 20:04:51,1.3,1.37,10.0,14.0,5.6,7.4
809,2024-04-07 20:04:55,1.3,1.37,10.0,14.0,5.6,7.4
810,2024-04-07 20:04:59,1.3,1.37,10.0,14.0,5.6,7.4
811,2024-04-07 20:05:03,1.3,1.37,10.0,14.0,5.6,7.4
812,2024-04-07 20:05:06,1.3,1.37,10.0,14.0,5.6,7.4
813,2024-04-07 20:05:10,1.3,1.37,10.0,14.0,5.6,7.4
814,2024-04-07 20:05:14,1.3,1.37,10.0,14.0,5.6,7.4
815,2024-04-07 20:05:17,1.3,1.37,10.0,14.0,5.6,7.4
816,2024-04-07 20:05:20,1.3,1.37,10.0,14.0,5.6,7.4
817,2024-04-07 20:05:24,1.3,1.37,10.0,14.0,5.6,7.4
818,2024-04-07 20:05:28,1.3,1.37,10.0,14.0,5.6,7.4
819,2024-04-07 20:05:31,1.3,1.37,10.0,14.0,5.6,7.4
820,2024-04-07 20:05:35,1.3,1.37,10.0,14.0,5.6,7.4
821,2024-04-07 20:05:38,1.3,1.37,10.0,14.0,5.6,7.4
822,2024-04-07 20:05:42,1.3,1.37,10.0,14.0,5.6,7.4
823,2024-04-07 20:05:45,1.3,1.37,10.0,14.0,5.6,7.4
824,2024-04-07 20:05:48,1.3,1.37,10.0,14.0,5.6,7.4
825,2024-04-07 20:05:52,1.3,1.36,10.0,14.0,5.6,7.4
826,2024-04-07 20:05:55,1.3,1.36,10.0,14.0,5.6,7.4
827,2024-04-07 20:05:59,1.3,1.36,10.0,14.0,5.6,7.4
828,2024-04-07 20:06:02,1.3,1.36,10.0,14.0,5.6,7.4
829,2024-04-07 20:06:05,1.3,1.36,10.0,14.0,5.6,7.4
830,2024-04-07 20:06:08,1.3,1.36,10.0,14.0,5.6,7.4
831,2024-04-07 20:06:12,1.3,1.36,10.0,14.0,5.6,7.4
832,2024-04-07 20:06:16,1.3,1.36,10.0,14.0,5.6,7.4
833,2024-04-07 20:06:19,1.3,1.36,10.0,14.0,5.6,7.4
834,2024-04-07 20:06:22,1.3,1.36,10.0,14.0,5.6,7.4
835,2024-04-07 20:06:26,1.3,1.36,10.0,14.0,5.6,7.4
836,2024-04-07 20:06:29,1.3,1.36,10.0,14.0,5.6,7.4
837,2024-04-07 20:06:32,1.3,1.36,10.0,14.0,5.6,7.4
838,2024-04-07 20:06:36,1.3,1.36,10.0,14.0,5.6,7.4
839,2024-04-07 20:06:40,1.3,1.36,10.0,14.0,5.6,7.4
840,2024-04-07 20:06:43,1.3,1.36,10.0,14.0,5.6,7.4
841,2024-04-07 20:06:47,1.3,1.36,10.0,14.0,5.6,7.4
842,2024-04-07 20:06:50,1.3,1.36,10.0,14.0,5.6,7.4
843,2024-04-07 20:06:54,1.3,1.36,10.0,14.0,5.6,7.4
844,2024-04-07 20:06:57,1.3,1.36,10.0,14.0,5.6,7.4
845,2024-04-07 20:07:01,1.3,1.36,10.0,14.0,5.6,7.4
846,2024-04-07 20:07:04,1.3,1.36,10.0,14.0,5.6,7.4
847,2024-04-07 20:07:07,1.3,1.36,10.0,14.0,5.6,7.4
848,2024-04-07 20:07:10,1.3,1.36,10.0,14.0,5.6,7.4
849,2024-04-07 20:07:13,1.3,1.36,10.0,14.0,5.6,7.4
850,2024-04-07 20:07:17,1.3,1.37,10.0,14.0,5.5,7.4
851,2024-04-07 20:07:20,1.3,1.37,10.0,14.0,5.5,7.4
852,2024-04-07 20:07:24,1.3,1.37,10.0,13.5,5.5,7.2
853,2024-04-07 20:07:27,1.3,1.37,10.0,13.5,5.5,7.2
854,2024-04-07 20:07:31,1.3,1.37,10.0,13.5,5.5,7.2
855,2024-04-07 20:07:34,1.3,1.37,10.0,13.5,5.5,7.2
856,2024-04-07 20:07:37,1.3,1.37,10.0,13.5,5.5,7.2
857,2024-04-07 20:07:41,1.3,1.37,10.0,13.5,5.5,7.2
858,2024-04-07 20:07:44,1.3,1.37,10.0,14.0,5.5,7.2
859,2024-04-07 20:07:47,1.3,1.37,10.0,14.0,5.5,7.2
860,2024-04-07 20:07:51,1.3,1.36,10.0,14.0,5.5,7.2
861,2024-04-07 20:07:54,1.3,1.36,10.0,14.0,5.5,7.2
862,2024-04-07 20:07:57,1.3,1.36,10.0,14.0,5.5,7.2
863,2024-04-07 20:08:01,1.3,1.36,10.0,14.0,5.5,7.2
864,2024-04-07 20:08:04,1.3,1.36,10.0,14.0,5.5,7.2
865,2024-04-07 20:08:08,1.3,1.36,10.0,14.0,5.5,7.0
866,2024-04-07 20:08:11,1.3,1.36,10.0,14.0,5.5,7.0
867,2024-04-07 20:08:15,1.3,1.36,10.0,14.0,5.5,7.0
868,2024-04-07 20:08:18,1.3,1.36,10.0,14.0,5.5,7.0
869,2024-04-07 20:08:21,1.3,1.36,10.0,14.0,5.5,7.0
870,2024-04-07 20:08:24,1.3,1.36,10.0,14.0,5.5,7.0
871,2024-04-07 20:08:28,1.3,1.36,10.0,14.0,5.5,7.0
872,2024-04-07 20:08:31,1.3,1.37,10.0,14.0,5.5,7.0
873,2024-04-07 20:08:35,1.3,1.37,10.0,14.0,5.5,7.0
874,2024-04-07 20:08:38,1.3,1.37,10.0,14.0,5.5,7.0
875,2024-04-07 20:08:41,1.3,1.37,10.0,14.0,5.5,7.0
876,2024-04-07 20:08:45,1.3,1.37,10.0,14.0,5.5,7.0
877,2024-04-07 20:08:48,1.3,1.37,10.0,14.0,5.5,7.0
878,2024-04-07 20:08:52,1.3,1.37,10.0,14.0,5.5,7.0
879,2024-04-07 20:08:55,1.3,1.37,10.0,14.0,5.5,7.0
880,2024-04-07 20:08:58,1.3,1.37,10.0,14.0,5.5,7.0
881,2024-04-07 20:09:02,1.3,1.37,10.0,14.0,5.5,7.0
882,2024-04-07 20:09:05,1.3,1.37,10.0,14.0,5.5,7.0
883,2024-04-07 20:09:09,1.3,1.37,10.0,14.0,5.5,6.8
884,2024-04-07 20:09:12,1.3,1.37,10.0,14.0,5.5,6.8
885,2024-04-07 20:09:16,1.3,1.37,10.0,14.0,5.5,6.8
886,2024-04-07 20:09:19,1.3,1.37,10.0,14.0,5.5,6.8
887,2024-04-07 20:09:22,1.3,1.37,10.0,14.0,5.5,6.8
888,2024-04-07 20:09:26,1.3,1.37,10.0,14.0,5.5,6.8
889,2024-04-07 20:09:29,1.3,1.37,10.0,14.0,5.5,6.8
890,2024-04-07 20:09:33,1.3,1.37,10.0,14.0,5.5,6.8
891,2024-04-07 20:09:36,1.3,1.37,10.0,14.0,5.5,6.8
892,2024-04-07 20:09:40,1.3,1.37,10.0,14.0,5.5,6.8
893,2024-04-07 20:09:43,1.3,1.37,10.0,14.0,5.5,6.8
894,2024-04-07 20:09:46,1.3,1.37,10.0,14.0,5.5,6.8
895,2024-04-07 20:09:50,1.3,1.37,10.0,14.0,5.5,6.8
896,2024-04-07 20:09:53,1.3,1.37,10.0,14.0,5.5,6.8
897,2024-04-07 20:09:56,1.3,1.37,10.0,14.0,5.5,6.8
898,2024-04-07 20:09:59,1.3,1.37,10.0,14.0,5.5,6.8
899,2024-04-07 20:10:03,1.3,1.37,10.0,14.0,5.5,6.8
900,2024-04-07 20:10:05,1.3,1.37,10.0,14.0,5.5,6.8
901,2024-04-07 20:10:08,1.3,1.37,10.0,14.0,5.5,6.8
902,2024-04-07 20:10:12,1.3,1.37,10.0,14.0,5.5,6.8
903,2024-04-07 20:10:15,1.3,1.37,10.0,14.0,5.5,6.8
904,2024-04-07 20:10:18,1.3,1.37,10.0,14.0,5.5,6.8
905,2024-04-07 20:10:21,1.3,1.37,10.0,14.0,5.5,6.8
906,2024-04-07 20:10:25,1.3,1.37,10.0,14.0,5.5,6.8
907,2024-04-07 20:10:29,1.3,1.37,10.0,14.0,5.5,6.8
908,2024-04-07 20:10:32,1.3,1.37,10.0,14.0,5.5,6.8
909,2024-04-07 20:10:35,1.3,1.37,10.0,14.0,5.5,6.8
910,2024-04-07 20:10:39,1.3,1.37,10.0,14.0,5.5,6.8
911,2024-04-07 20:10:43,1.3,1.37,10.0,14.0,5.5,6.8
912,2024-04-07 20:10:46,1.3,1.37,10.0,14.0,5.5,6.8
913,2024-04-07 20:10:50,1.3,1.37,10.0,14.0,5.5,6.8
914,2024-04-07 20:10:54,1.3,1.37,10.0,14.0,5.5,6.8
915,2024-04-07 20:10:57,1.3,1.37,10.0,14.0,5.5,6.8
916,2024-04-07 20:11:01,1.3,1.37,10.0,14.0,5.5,7.0
917,2024-04-07 20:11:04,1.3,1.37,10.0,14.0,5.5,7.0
918,2024-04-07 20:11:08,1.3,1.37,10.0,14.0,5.5,7.0
919,2024-04-07 20:11:11,1.3,1.37,10.0,14.0,5.5,7.0
920,2024-04-07 20:11:15,1.3,1.37,10.0,14.0,5.5,7.0
921,2024-04-07 20:11:18,1.3,1.37,10.0,14.0,5.5,7.0
922,2024-04-07 20:11:22,1.3,1.37,10.0,14.0,5.5,7.0
923,2024-04-07 20:11:25,1.3,1.37,10.0,14.0,5.5,7.0
924,2024-04-07 20:11:28,1.3,1.37,10.5,14.0,5.5,7.0
925,2024-04-07 20:11:32,1.3,1.37,10.5,14.0,5.5,7.0
926,2024-04-07 20:11:36,1.3,1.37,10.5,14.0,5.5,7.0
927,2024-04-07 20:11:39,1.3,1.37,10.5,14.0,5.5,7.0
928,2024-04-07 20:11:43,1.3,1.37,10.5,14.0,5.5,7.0
929,2024-04-07 20:11:47,1.3,1.37,10.5,14.0,5.5,7.0
930,2024-04-07 20:11:50,1.3,1.37,10.5,14.0,5.5,7.0
931,2024-04-07 20:11:53,1.3,1.37,10.5,14.0,5.5,7.0
932,2024-04-07 20:11:57,1.3,1.37,10.5,14.0,5.5,7.0
933,2024-04-07 20:12:00,1.3,1.37,10.5,14.0,5.5,7.0
934,2024-04-07 20:12:03,1.3,1.37,10.5,14.0,5.5,7.0
935,2024-04-07 20:12:07,1.3,1.37,10.5,14.0,5.5,7.0
936,2024-04-07 20:12:10,1.3,1.37,10.5,14.0,5.5,7.0
937,2024-04-07 20:12:13,1.3,1.37,10.5,14.0,5.5,7.0
938,2024-04-07 20:12:17,1.3,1.37,10.5,14.0,5.5,7.0
939,2024-04-07 20:12:20,1.3,1.37,10.5,14.0,5.5,6.8
940,2024-04-07 20:12:23,1.3,1.37,10.5,14.0,5.5,6.8
941,2024-04-07 20:12:27,1.3,1.37,10.5,14.0,5.5,6.8
942,2024-04-07 20:12:31,1.3,1.37,10.5,14.0,5.5,6.8
943,2024-04-07 20:12:34,1.3,1.37,10.5,14.0,5.5,6.8
944,2024-04-07 20:12:37,1.3,1.37,10.5,14.0,5.5,6.8
945,2024-04-07 20:12:41,1.3,1.37,10.5,14.0,5.5,6.8
946,2024-04-07 20:12:45,1.3,1.37,10.5,14.0,5.5,6.8
947,2024-04-07 20:12:48,1.3,1.37,10.5,14.0,5.5,6.8
948,2024-04-07 20:12:52,1.3,1.37,10.5,14.0,5.5,6.8
949,2024-04-07 20:12:55,1.3,1.37,10.5,14.0,5.5,6.8
950,2024-04-07 20:12:59,1.3,1.37,10.5,14.0,5.5,6.8
951,2024-04-07 20:13:02,1.3,1.37,10.5,28.0,5.5,7.0
952,2024-04-07 20:13:05,1.3,1.35,11.0,15.0,5.5,7.0
953,2024-04-07 20:13:09,1.3,1.35,11.0,15.0,5.4,7.2
954,2024-04-07 20:13:12,1.3,1.35,11.0,15.0,5.7,7.2
955,2024-04-07 20:13:16,1.3,1.35,11.0,15.0,5.7,7.2
956,2024-04-07 20:13:19,1.3,1.35,11.0,15.0,5.7,7.2
957,2024-04-07 20:13:23,1.3,1.35,11.0,15.0,5.7,7.2
958,2024-04-07 20:13:26,1.3,1.35,11.0,15.5,5.7,7.2
959,2024-04-07 20:13:29,1.3,1.35,11.0,15.5,5.7,7.2
960,2024-04-07 20:13:32,1.3,1.35,11.0,15.5,5.7,7.2
961,2024-04-07 20:13:36,1.3,1.35,11.0,15.5,5.7,7.2
962,2024-04-07 20:13:39,1.3,1.35,11.0,15.5,5.7,7.2
963,2024-04-07 20:13:43,1.3,1.35,11.0,15.5,5.7,7.2
964,2024-04-07 20:13:46,1.3,1.35,11.0,17.0,5.7,7.2
965,2024-04-07 20:13:49,1.3,1.35,11.0,17.0,5.7,7.2
966,2024-04-07 20:13:53,1.3,1.35,11.5,17.0,5.7,7.2
967,2024-04-07 20:13:56,1.26,1.35,11.5,17.0,5.7,7.2
968,2024-04-07 20:14:00,1.26,1.35,11.5,17.0,5.7,7.2
969,2024-04-07 20:14:03,1.26,1.35,11.5,17.0,5.7,7.2
970,2024-04-07 20:14:07,1.26,1.35,11.5,17.0,5.7,7.2
971,2024-04-07 20:14:10,1.26,1.35,11.5,17.0,5.7,7.2
972,2024-04-07 20:14:13,1.26,1.35,11.5,17.0,5.7,7.2
973,2024-04-07 20:14:17,1.26,1.35,11.5,17.0,5.7,7.2
974,2024-04-07 20:14:20,1.26,1.35,11.5,17.0,5.7,7.2
975,2024-04-07 20:14:23,1.27,1.35,11.5,17.0,5.7,7.2
976,2024-04-07 20:14:27,1.27,1.35,11.5,17.0,5.7,7.2
977,2024-04-07 20:14:30,1.27,1.35,11.5,17.0,5.7,7.2
978,2024-04-07 20:14:34,1.27,1.35,11.5,17.0,5.7,7.2
979,2024-04-07 20:14:37,1.27,1.35,11.5,17.0,5.7,7.2
980,2024-04-07 20:14:41,1.27,1.35,11.5,17.0,5.7,7.2
981,2024-04-07 20:14:44,1.26,1.35,11.5,17.0,5.7,7.2
982,2024-04-07 20:14:47,1.26,1.35,11.5,17.0,5.7,7.2
983,2024-04-07 20:14:50,1.26,1.35,11.5,17.0,5.7,7.2
984,2024-04-07 20:14:53,1.26,1.33,11.5,17.0,5.7,7.2
985,2024-04-07 20:14:57,1.26,1.33,11.5,17.0,5.7,7.2
986,2024-04-07 20:15:00,1.25,1.33,8.8,17.0,5.6,7.4
987,2024-04-07 20:15:02,1.25,1.33,12.0,17.0,5.9,7.4
988,2024-04-07 20:15:06,1.25,1.33,12.0,17.0,5.9,7.4
989,2024-04-07 20:15:10,1.25,1.33,12.0,17.0,5.9,7.4
990,2024-04-07 20:15:13,1.25,1.33,12.0,17.0,5.9,7.4
991,2024-04-07 20:15:16,1.25,1.33,12.0,17.0,5.9,7.4
992,2024-04-07 20:15:19,1.25,1.33,12.0,17.0,5.9,7.6
993,2024-04-07 20:15:22,1.25,1.33,12.0,17.0,5.9,7.6
994,2024-04-07 20:15:25,1.25,1.33,12.0,17.0,5.9,7.6
995,2024-04-07 20:15:29,1.25,1.33,12.0,17.0,5.9,7.6
996,2024-04-07 20:15:32,1.25,1.33,12.0,17.0,5.9,7.6
997,2024-04-07 20:15:35,1.25,1.33,12.0,17.0,5.9,7.6
998,2024-04-07 20:15:39,1.25,1.33,12.0,17.0,5.9,7.6
999,2024-04-07 20:15:43,1.25,1.33,12.0,17.0,5.9,7.6
1000,2024-04-07 20:15:47,1.25,1.33,12.0,17.0,5.8,7.6
1001,2024-04-07 20:15:51,1.26,1.33,12.0,17.0,5.8,7.6
1002,2024-04-07 20:15:54,1.26,1.33,12.0,17.0,5.8,7.6
1003,2024-04-07 20:15:57,1.26,1.33,12.0,17.0,5.8,7.6
1004,2024-04-07 20:16:01,1.26,1.33,12.0,17.0,5.8,7.6
1005,2024-04-07 20:16:04,1.26,1.33,12.0,17.0,5.8,7.6
1006,2024-04-07 20:16:08,1.26,1.33,12.5,17.0,5.9,7.6
1007,2024-04-07 20:16:11,1.26,1.33,12.5,17.0,5.9,7.6
1008,2024-04-07 20:16:15,1.26,1.33,12.5,17.0,5.9,7.6
1009,2024-04-07 20:16:18,1.25,1.33,12.5,17.0,5.9,7.6
1010,2024-04-07 20:16:22,1.25,1.33,12.5,17.0,5.9,7.6
1011,2024-04-07 20:16:25,1.25,1.33,12.5,17.0,5.9,7.6
1012,2024-04-07 20:16:29,1.25,1.33,12.5,17.0,5.9,7.6
1013,2024-04-07 20:16:32,1.25,1.33,12.5,17.0,5.9,7.6
1014,2024-04-07 20:16:35,1.25,1.33,12.5,17.0,5.9,7.6
1015,2024-04-07 20:16:38,1.25,1.33,12.5,17.0,5.9,7.6
1016,2024-04-07 20:16:42,1.25,1.33,12.5,17.0,5.9,7.6
1017,2024-04-07 20:16:46,1.25,1.33,12.5,17.0,5.9,7.4
1018,2024-04-07 20:16:48,1.25,1.33,12.5,17.0,5.9,7.4
1019,2024-04-07 20:16:52,1.26,1.32,13.0,17.0,5.9,7.4
1020,2024-04-07 20:16:55,1.25,1.32,13.0,16.0,6.0,7.4
1021,2024-04-07 20:16:59,1.25,1.32,13.0,17.0,6.0,7.4
1022,2024-04-07 20:17:03,1.25,1.32,13.0,17.0,6.0,7.4
1023,2024-04-07 20:17:06,1.26,1.32,13.0,16.5,6.0,7.4
1024,2024-04-07 20:17:09,1.26,1.32,13.0,16.5,6.0,7.4
1025,2024-04-07 20:17:13,1.26,1.32,13.0,16.5,6.0,7.4
1026,2024-04-07 20:17:17,1.26,1.32,13.0,16.5,6.0,7.4
1027,2024-04-07 20:17:20,1.26,1.32,13.0,16.5,6.0,7.4
1028,2024-04-07 20:17:23,1.26,1.31,13.0,16.5,6.0,7.4
1029,2024-04-07 20:17:25,1.26,1.31,13.0,16.5,6.0,7.4
1030,2024-04-07 20:17:29,1.26,1.3,13.0,16.5,6.0,7.4
1031,2024-04-07 20:17:32,1.26,1.3,13.0,16.5,6.0,7.4
1032,2024-04-07 20:17:35,1.26,1.3,13.0,16.5,6.0,7.4
1033,2024-04-07 20:17:38,1.26,1.3,13.0,16.5,6.0,7.4
1034,2024-04-07 20:17:41,1.26,1.3,13.0,16.5,6.0,7.4
1035,2024-04-07 20:17:45,1.26,1.3,13.0,16.5,6.0,7.4
1036,2024-04-07 20:17:49,1.26,1.3,13.0,16.5,6.0,7.4
1037,2024-04-07 20:17:52,1.26,1.3,13.0,16.5,6.0,7.4
1038,2024-04-07 20:17:56,1.26,1.3,13.0,16.5,6.0,7.4
1039,2024-04-07 20:17:59,1.26,1.3,13.0,16.5,6.0,7.4
1040,2024-04-07 20:18:02,1.26,1.3,13.0,16.5,6.0,7.4
1041,2024-04-07 20:18:06,1.26,1.3,13.0,16.5,6.0,7.4
1042,2024-04-07 20:18:10,1.26,1.3,13.0,16.5,6.0,7.4
1043,2024-04-07 20:18:13,1.26,1.3,13.0,16.5,6.0,7.4
1044,2024-04-07 20:18:17,1.26,1.3,13.0,16.5,6.0,7.4
1045,2024-04-07 20:18:20,1.26,1.3,13.0,16.5,6.0,7.4
1046,2024-04-07 20:18:23,1.26,1.3,13.0,16.5,6.0,7.4
1047,2024-04-07 20:18:26,1.26,1.3,13.0,16.5,6.0,7.4
1048,2024-04-07 20:18:30,1.26,1.3,13.0,16.5,6.0,7.4
1049,2024-04-07 20:18:34,1.26,1.3,13.0,16.5,6.0,7.4
1050,2024-04-07 20:18:37,1.26,1.3,13.0,16.5,6.0,7.4
1051,2024-04-07 20:18:41,1.26,1.3,13.0,16.5,6.0,7.4
1052,2024-04-07 20:18:44,1.25,1.3,13.0,18.5,6.0,7.4
1053,2024-04-07 20:18:48,1.25,1.3,13.0,18.5,6.0,7.4
1054,2024-04-07 20:18:52,1.25,1.3,13.0,38.0,6.0,7.4
1055,2024-04-07 20:18:54,1.25,1.3,13.0,18.0,6.0,7.4
1056,2024-04-07 20:18:57,1.25,1.29,13.5,18.0,6.2,7.4
1057,2024-04-07 20:19:01,1.25,1.29,13.5,18.0,6.4,7.6
1058,2024-04-07 20:19:04,1.25,1.29,13.5,18.0,6.4,7.6
1059,2024-04-07 20:19:08,1.25,1.29,13.5,18.0,6.4,7.6
1060,2024-04-07 20:19:12,1.25,1.29,13.5,18.0,6.4,7.6
1061,2024-04-07 20:19:15,1.25,1.29,13.5,18.0,6.4,7.6
1062,2024-04-07 20:19:19,1.25,1.29,13.5,18.0,6.4,7.6
1063,2024-04-07 20:19:22,1.25,1.29,13.5,18.0,6.4,7.6
1064,2024-04-07 20:19:25,1.25,1.29,13.5,18.0,6.4,7.6
1065,2024-04-07 20:19:28,1.25,1.3,13.5,18.0,6.2,7.6
1066,2024-04-07 20:19:31,1.25,1.3,13.5,18.0,6.2,7.6
1067,2024-04-07 20:19:35,1.25,1.3,13.5,18.0,6.2,7.6
1068,2024-04-07 20:19:38,1.25,1.3,13.5,18.0,6.4,7.6
1069,2024-04-07 20:19:42,1.25,1.3,13.5,18.0,6.4,7.6
1070,2024-04-07 20:19:46,1.25,1.3,13.5,18.0,6.4,7.6
1071,2024-04-07 20:19:49,1.25,1.3,13.5,18.0,6.4,7.6
1072,2024-04-07 20:19:53,1.25,1.3,13.5,18.0,6.4,7.6
1073,2024-04-07 20:19:56,1.25,1.3,13.5,18.0,6.4,7.6
1074,2024-04-07 20:19:59,1.25,1.3,13.5,18.0,6.4,7.6
1075,2024-04-07 20:20:03,1.25,1.3,13.5,18.0,6.4,7.6
1076,2024-04-07 20:20:06,1.25,1.3,13.5,18.0,6.4,7.6
1077,2024-04-07 20:20:10,1.25,1.3,13.5,18.0,6.4,7.6
1078,2024-04-07 20:20:14,1.25,1.3,14.0,18.0,6.4,7.6
1079,2024-04-07 20:20:17,1.25,1.3,14.0,18.0,6.4,7.6
1080,2024-04-07 20:20:21,1.25,1.3,14.0,18.0,6.4,7.6
1081,2024-04-07 20:20:24,1.25,1.3,14.0,18.0,6.4,7.6
1082,2024-04-07 20:20:27,1.25,1.3,14.0,18.0,6.4,7.6
1083,2024-04-07 20:20:30,1.25,1.3,14.0,18.0,6.4,7.6
1084,2024-04-07 20:20:34,1.25,1.3,14.0,18.0,6.4,7.6
1085,2024-04-07 20:20:37,1.25,1.3,14.0,18.0,6.4,7.6
1086,2024-04-07 20:20:41,1.25,1.3,14.0,19.5,6.4,7.6
1087,2024-04-07 20:20:44,1.25,1.29,14.0,19.5,6.4,7.6
1088,2024-04-07 20:20:48,1.25,1.3,14.0,19.0,6.4,7.6
1089,2024-04-07 20:20:51,1.25,1.3,14.0,19.0,6.4,7.6
1090,2024-04-07 20:20:54,1.25,1.3,14.0,19.0,6.4,7.6
1091,2024-04-07 20:20:58,1.25,1.3,14.0,19.0,6.4,7.6
1092,2024-04-07 20:21:01,1.25,1.3,14.0,19.0,6.4,7.6
1093,2024-04-07 20:21:05,1.25,1.3,14.0,19.0,6.4,7.6
1094,2024-04-07 20:21:09,1.25,1.3,14.0,19.0,6.4,7.6
1095,2024-04-07 20:21:12,1.25,1.3,14.0,19.0,6.4,7.6
1096,2024-04-07 20:21:16,1.25,1.3,14.0,19.0,6.4,7.6
1097,2024-04-07 20:21:19,1.25,1.3,14.0,19.0,6.4,7.6
1098,2024-04-07 20:21:22,1.25,1.3,14.0,19.0,6.4,7.6
1099,2024-04-07 20:21:26,1.25,1.3,14.0,19.0,6.4,7.6
1100,2024-04-07 20:21:29,1.25,1.3,14.0,19.0,6.4,7.6
1101,2024-04-07 20:21:33,1.25,1.3,14.0,19.0,6.4,7.6
1102,2024-04-07 20:21:36,1.25,1.3,14.0,19.0,6.4,7.6
1103,2024-04-07 20:21:39,1.25,1.3,14.0,19.0,6.4,7.6
1104,2024-04-07 20:21:43,1.25,1.3,14.0,19.0,6.4,7.6
1105,2024-04-07 20:21:46,1.25,1.3,14.0,19.5,6.2,7.8
1106,2024-04-07 20:21:49,1.25,1.3,14.0,19.5,6.2,7.8
1107,2024-04-07 20:21:53,1.25,1.3,14.0,19.5,6.2,7.8
1108,2024-04-07 20:21:56,1.25,1.3,14.0,19.5,6.2,7.8
1109,2024-04-07 20:21:59,1.25,1.3,14.0,19.5,6.2,7.8
1110,2024-04-07 20:22:03,1.25,1.3,14.0,19.5,6.2,7.8
1111,2024-04-07 20:22:07,1.25,1.3,14.0,19.5,6.2,7.8
1112,2024-04-07 20:22:09,1.25,1.29,14.5,19.5,6.2,7.6
1113,2024-04-07 20:22:13,1.25,1.29,14.5,18.5,6.4,7.6
1114,2024-04-07 20:22:16,1.25,1.29,14.5,18.5,6.4,7.6
1115,2024-04-07 20:22:20,1.25,1.29,14.5,18.5,6.4,7.6
1116,2024-04-07 20:22:23,1.25,1.29,14.5,18.5,6.4,7.6
1117,2024-04-07 20:22:26,1.25,1.29,14.0,21.0,6.2,7.8
1118,2024-04-07 20:22:30,1.25,1.29,14.0,21.0,6.2,7.8
1119,2024-04-07 20:22:33,1.25,1.29,14.0,21.0,6.2,8.0
1120,2024-04-07 20:22:37,1.25,1.29,14.5,21.0,6.2,8.0
1121,2024-04-07 20:22:40,1.25,1.28,14.5,21.0,6.2,8.0
1122,2024-04-07 20:22:44,1.25,1.28,14.5,21.0,6.2,8.0
1123,2024-04-07 20:22:48,1.25,1.28,14.5,21.0,6.2,8.0
1124,2024-04-07 20:22:51,1.25,1.28,14.5,21.0,6.2,7.8
1125,2024-04-07 20:22:55,1.25,1.28,14.5,21.0,6.2,7.8
1126,2024-04-07 20:22:58,1.25,1.28,14.5,18.5,6.4,7.8
1127,2024-04-07 20:23:02,1.25,1.28,14.5,18.5,6.4,7.8
1128,2024-04-07 20:23:05,1.25,1.28,14.5,18.5,6.4,7.8
1129,2024-04-07 20:23:09,1.25,1.28,14.5,18.5,6.4,7.8
1130,2024-04-07 20:23:13,1.25,1.28,14.5,18.5,6.4,7.8
1131,2024-04-07 20:23:16,1.25,1.28,14.5,18.5,6.4,7.8
1132,2024-04-07 20:23:20,1.25,1.28,14.5,18.5,6.4,7.8
1133,2024-04-07 20:23:23,1.25,1.28,14.5,18.5,6.4,7.8
1134,2024-04-07 20:23:26,1.25,1.28,14.5,18.5,6.4,7.8
1135,2024-04-07 20:23:30,1.25,1.28,14.5,18.5,6.4,7.8
1136,2024-04-07 20:23:33,1.25,1.28,14.5,18.5,6.4,7.8
1137,2024-04-07 20:23:36,1.25,1.28,14.5,18.5,6.4,7.8
1138,2024-04-07 20:23:40,1.25,1.28,14.5,18.5,6.4,7.8
1139,2024-04-07 20:23:43,1.25,1.28,14.5,18.5,6.4,7.8
1140,2024-04-07 20:23:47,1.25,1.28,15.0,18.5,6.4,7.8
1141,2024-04-07 20:23:51,1.25,1.28,15.0,18.5,6.2,7.8
1142,2024-04-07 20:23:54,1.25,1.28,15.0,18.5,6.2,7.8
1143,2024-04-07 20:23:57,1.25,1.28,15.0,18.5,6.2,7.8
1144,2024-04-07 20:24:01,1.25,1.28,15.0,18.5,6.2,7.8
1145,2024-04-07 20:24:04,1.25,1.28,15.0,18.5,6.2,7.8
1146,2024-04-07 20:24:08,1.25,1.28,15.0,18.5,6.2,7.8
1147,2024-04-07 20:24:11,1.25,1.28,15.0,18.5,6.2,7.8
1148,2024-04-07 20:24:15,1.25,1.28,15.0,18.5,6.2,7.8
1149,2024-04-07 20:24:18,1.25,1.28,15.0,18.5,6.4,7.8
1150,2024-04-07 20:24:22,1.25,1.28,15.0,18.5,6.4,7.8
1151,2024-04-07 20:24:25,1.25,1.28,15.0,18.5,6.4,7.8
1152,2024-04-07 20:24:29,1.25,1.28,15.0,18.5,6.4,7.8
1153,2024-04-07 20:24:32,1.25,1.28,14.5,18.5,6.4,7.8
1154,2024-04-07 20:24:36,1.25,1.28,14.5,18.5,6.4,7.8
1155,2024-04-07 20:24:38,1.25,1.28,14.5,18.5,6.4,7.8
1156,2024-04-07 20:24:42,1.25,1.28,14.5,18.5,6.4,7.8
1157,2024-04-07 20:24:45,1.25,1.28,14.5,18.5,6.4,7.8
1158,2024-04-07 20:24:49,1.25,1.28,14.5,18.5,6.4,7.8
1159,2024-04-07 20:24:52,1.25,1.28,14.5,18.5,6.4,7.8
1160,2024-04-07 20:24:56,1.25,1.28,14.5,18.5,6.4,7.8
1161,2024-04-07 20:24:59,1.25,1.28,14.5,18.5,6.4,7.8
1162,2024-04-07 20:25:03,1.25,1.28,14.5,21.0,6.2,8.0
1163,2024-04-07 20:25:06,1.25,1.28,14.5,21.0,6.2,8.0
1164,2024-04-07 20:25:10,1.25,1.28,14.5,21.0,6.2,8.0
1165,2024-04-07 20:25:13,1.25,1.28,15.0,21.0,6.2,8.0
1166,2024-04-07 20:25:17,1.25,1.28,15.0,21.0,6.2,8.0
1167,2024-04-07 20:25:21,1.25,1.28,15.0,21.0,6.2,8.0
1168,2024-04-07 20:25:24,1.25,1.28,15.0,21.0,6.2,8.0
1169,2024-04-07 20:25:27,1.25,1.28,15.0,21.0,6.2,7.8
1170,2024-04-07 20:25:30,1.25,1.28,15.0,18.5,6.4,7.8
1171,2024-04-07 20:25:34,1.25,1.28,15.0,18.5,6.4,7.8
1172,2024-04-07 20:25:37,1.25,1.28,15.0,18.5,6.4,7.8
1173,2024-04-07 20:25:40,1.25,1.28,15.0,18.5,6.4,7.8
1174,2024-04-07 20:25:44,1.25,1.28,15.0,18.5,6.4,7.8
1175,2024-04-07 20:25:47,1.25,1.28,15.0,18.5,6.4,7.8
1176,2024-04-07 20:25:51,1.25,1.28,15.0,18.5,6.4,7.8
1177,2024-04-07 20:25:55,1.25,1.28,15.0,18.5,6.4,7.8
1178,2024-04-07 20:25:59,1.25,1.28,15.0,18.5,6.4,7.8
1179,2024-04-07 20:26:02,1.25,1.28,15.0,18.5,6.4,7.8
1180,2024-04-07 20:26:06,1.25,1.28,15.0,18.5,6.4,7.8
1181,2024-04-07 20:26:10,1.25,1.28,15.0,18.5,6.4,7.8
1182,2024-04-07 20:26:13,1.25,1.28,15.0,18.5,6.4,7.8
1183,2024-04-07 20:26:17,1.25,1.28,15.0,18.5,6.4,7.8
1184,2024-04-07 20:26:20,1.25,1.28,15.0,18.5,6.4,7.8
1185,2024-04-07 20:26:23,1.25,1.28,15.0,18.5,6.4,7.8
1186,2024-04-07 20:26:27,1.25,1.28,15.0,18.5,6.4,7.8
1187,2024-04-07 20:26:31,1.25,1.28,15.0,18.5,6.4,7.8
1188,2024-04-07 20:26:34,1.25,1.28,15.0,22.0,6.2,8.0
1189,2024-04-07 20:26:37,1.25,1.28,15.0,22.0,6.2,8.0
1190,2024-04-07 20:26:41,1.25,1.28,15.0,22.0,6.2,8.0
1191,2024-04-07 20:26:44,1.25,1.28,15.0,22.0,6.2,8.0
1192,2024-04-07 20:26:48,1.25,1.28,15.5,22.0,6.2,8.0
1193,2024-04-07 20:26:52,1.25,1.28,15.5,22.0,6.2,8.0
1194,2024-04-07 20:26:55,1.25,1.28,15.5,22.0,6.2,8.0
1195,2024-04-07 20:26:59,1.25,1.28,15.5,22.0,6.2,7.8
1196,2024-04-07 20:27:02,1.25,1.28,15.5,19.0,6.4,7.8
1197,2024-04-07 20:27:06,1.25,1.28,15.5,19.0,6.4,7.8
1198,2024-04-07 20:27:09,1.25,1.28,15.5,19.0,6.4,7.8
1199,2024-04-07 20:27:13,1.25,1.28,15.5,19.0,6.4,7.8
1200,2024-04-07 20:27:16,1.25,1.28,15.5,22.0,6.2,8.0
1201,2024-04-07 20:27:20,1.25,1.28,15.5,22.0,6.2,8.0
1202,2024-04-07 20:27:23,1.21,1.28,15.5,22.0,6.2,8.0
1203,2024-04-07 20:27:26,1.21,1.28,15.5,22.0,6.2,8.0
1204,2024-04-07 20:27:30,1.21,1.28,15.5,22.0,6.2,8.0
1205,2024-04-07 20:27:33,1.21,1.28,15.5,22.0,6.2,8.0
1206,2024-04-07 20:27:37,1.21,1.28,15.5,22.0,6.2,8.0
1207,2024-04-07 20:27:40,1.21,1.28,15.5,22.0,6.2,8.0
1208,2024-04-07 20:27:44,1.21,1.28,15.5,22.0,6.2,8.0
1209,2024-04-07 20:27:47,1.2,1.28,15.5,22.0,6.2,8.2
1210,2024-04-07 20:27:51,1.2,1.27,16.0,22.0,6.4,8.2
1211,2024-04-07 20:27:54,1.2,1.27,16.0,22.0,6.4,8.2
1212,2024-04-07 20:27:57,1.2,1.27,16.0,22.0,6.4,8.4
1213,2024-04-07 20:28:00,1.2,1.27,16.0,22.0,6.4,8.4
1214,2024-04-07 20:28:04,1.18,1.07,16.0,22.0,1.04,1.07
1215,2024-04-07 20:28:07,1.19,1.25,16.5,22.0,6.6,8.8
1216,2024-04-07 20:28:10,1.19,1.25,16.5,22.0,6.6,8.8
1217,2024-04-07 20:28:13,1.19,1.25,16.5,22.0,6.6,8.8
1218,2024-04-07 20:28:17,1.19,1.25,16.5,22.0,6.6,8.8
1219,2024-04-07 20:28:20,1.19,1.26,16.5,22.0,6.6,8.8
1220,2024-04-07 20:28:24,1.19,1.26,16.5,22.0,6.6,8.8
1221,2024-04-07 20:28:28,1.2,1.26,16.5,22.0,6.6,8.4
1222,2024-04-07 20:28:31,1.2,1.26,16.5,21.0,6.6,8.4
1223,2024-04-07 20:28:35,1.2,1.26,16.5,21.0,6.6,8.4
1224,2024-04-07 20:28:38,1.2,1.26,16.5,21.0,6.6,8.4
1225,2024-04-07 20:28:42,1.2,1.26,16.5,21.0,6.6,8.4
1226,2024-04-07 20:28:45,1.2,1.26,16.5,21.0,6.6,8.4
1227,2024-04-07 20:28:49,1.2,1.26,17.0,21.0,6.6,8.4
1228,2024-04-07 20:28:52,1.2,1.26,17.0,21.0,6.6,8.4
1229,2024-04-07 20:28:56,1.2,1.26,17.0,21.0,6.6,8.4
1230,2024-04-07 20:28:59,1.2,1.26,17.0,21.0,6.6,8.4
1231,2024-04-07 20:29:02,1.2,1.25,17.0,21.0,6.8,8.4
1232,2024-04-07 20:29:06,1.2,1.25,17.0,21.0,6.8,8.4
1233,2024-04-07 20:29:09,1.2,1.25,17.0,21.0,6.8,8.4
1234,2024-04-07 20:29:12,1.2,1.25,17.0,21.0,6.8,8.4
1235,2024-04-07 20:29:16,1.2,1.25,17.0,21.0,6.8,8.4
1236,2024-04-07 20:29:20,1.2,1.25,17.5,21.0,6.8,8.4
1237,2024-04-07 20:29:23,1.2,1.25,17.5,21.0,6.8,8.6
1238,2024-04-07 20:29:26,1.2,1.25,17.5,21.0,6.8,8.6
1239,2024-04-07 20:29:29,1.2,1.25,17.5,21.0,6.8,8.6
1240,2024-04-07 20:29:32,1.2,1.25,18.0,21.0,6.8,8.6
1241,2024-04-07 20:29:35,1.2,1.25,18.0,21.0,6.8,8.6
1242,2024-04-07 20:29:38,1.2,1.25,18.0,21.0,6.8,8.6
1243,2024-04-07 20:29:42,1.2,1.25,18.0,21.0,6.8,8.6
1244,2024-04-07 20:29:45,1.2,1.25,18.0,21.0,6.8,8.6
1245,2024-04-07 20:29:49,1.2,1.25,18.0,22.0,6.8,8.6
1246,2024-04-07 20:29:52,1.2,1.25,18.0,22.0,6.8,8.6
1247,2024-04-07 20:29:56,1.2,1.25,18.0,22.0,6.8,8.6
1248,2024-04-07 20:29:59,1.2,1.25,18.0,22.0,6.8,8.6
1249,2024-04-07 20:30:03,1.2,1.25,18.0,22.0,6.8,8.6
1250,2024-04-07 20:30:05,1.2,1.25,18.0,22.0,6.8,8.6
1251,2024-04-07 20:30:08,1.2,1.25,18.0,27.0,6.8,8.6
1252,2024-04-07 20:30:12,1.2,1.25,18.0,27.0,6.8,8.6
1253,2024-04-07 20:30:15,1.2,1.25,18.0,27.0,6.8,8.6
1254,2024-04-07 20:30:19,1.18,1.21,18.5,190.0,6.8,8.8
1255,2024-04-07 20:30:23,1.18,1.25,18.5,190.0,6.8,8.8
1256,2024-04-07 20:30:26,1.18,1.25,18.5,32.0,6.8,8.8
1257,2024-04-07 20:30:30,1.18,1.25,18.5,32.0,6.8,9.0
1258,2024-04-07 20:30:34,1.18,1.25,18.5,32.0,6.8,9.0
1259,2024-04-07 20:30:37,1.18,1.25,18.5,32.0,7.0,9.0
1260,2024-04-07 20:30:39,1.18,1.25,18.5,32.0,7.0,9.0
1261,2024-04-07 20:30:42,1.18,1.25,18.5,32.0,7.0,9.0
1262,2024-04-07 20:30:46,1.17,1.25,18.5,32.0,7.0,9.2
1263,2024-04-07 20:30:49,1.17,1.25,18.5,32.0,7.0,9.2
1264,2024-04-07 20:30:53,1.17,1.24,19.5,32.0,7.0,9.2
1265,2024-04-07 20:30:56,1.17,1.24,19.5,32.0,7.0,9.2
1266,2024-04-07 20:31:00,1.17,1.24,19.5,32.0,7.0,9.2
1267,2024-04-07 20:31:04,1.17,1.24,19.5,32.0,7.2,9.2
1268,2024-04-07 20:31:07,1.17,1.24,19.5,32.0,7.2,9.2
1269,2024-04-07 20:31:11,1.17,1.24,19.5,32.0,7.2,9.2
1270,2024-04-07 20:31:14,1.17,1.24,19.5,32.0,7.2,9.2
1271,2024-04-07 20:31:17,1.18,1.23,19.5,32.0,7.2,9.0
1272,2024-04-07 20:31:21,1.18,1.23,19.5,25.0,7.4,9.0
1273,2024-04-07 20:31:25,1.18,1.23,19.5,25.0,7.4,9.0
1274,2024-04-07 20:31:29,1.18,1.24,19.5,25.0,7.2,9.0
1275,2024-04-07 20:31:32,1.18,1.24,19.5,25.0,7.2,9.0
1276,2024-04-07 20:31:35,1.18,1.23,20.0,25.0,7.4,9.0
1277,2024-04-07 20:31:39,1.18,1.23,20.0,25.0,7.4,9.0
1278,2024-04-07 20:31:43,1.18,1.23,20.0,25.0,7.4,9.0
1279,2024-04-07 20:31:46,1.18,1.23,20.0,25.0,7.4,9.2
1280,2024-04-07 20:31:50,1.18,1.22,20.0,25.0,7.4,9.2
1281,2024-04-07 20:31:53,1.18,1.22,20.0,25.0,7.4,9.2
1282,2024-04-07 20:31:56,1.18,1.22,20.0,25.0,7.4,9.2
1283,2024-04-07 20:32:00,1.18,1.23,20.0,25.0,7.4,9.2
1284,2024-04-07 20:32:04,1.18,1.23,20.0,25.0,7.4,9.2
1285,2024-04-07 20:32:07,1.18,1.23,20.0,25.0,7.4,9.2
1286,2024-04-07 20:32:11,1.18,1.23,20.0,25.0,7.4,9.2
1287,2024-04-07 20:32:15,1.18,1.23,20.0,25.0,7.4,9.2
1288,2024-04-07 20:32:17,1.18,1.23,20.0,25.0,7.4,9.2
1289,2024-04-07 20:32:21,1.18,1.23,20.0,25.0,7.4,9.2
1290,2024-04-07 20:32:24,1.18,1.23,20.0,25.0,7.4,9.2
1291,2024-04-07 20:32:27,1.18,1.23,20.0,25.0,7.4,9.2
1292,2024-04-07 20:32:31,1.18,1.23,20.0,25.0,7.4,9.2
1293,2024-04-07 20:32:34,1.18,1.23,20.0,60.0,7.4,9.2
1294,2024-04-07 20:32:38,1.18,1.23,20.0,30.0,7.4,9.2
1295,2024-04-07 20:32:41,1.18,1.23,20.0,30.0,7.4,9.2
1296,2024-04-07 20:32:44,1.18,1.23,20.0,29.0,7.4,9.2
1297,2024-04-07 20:32:47,1.18,1.23,20.0,29.0,7.4,9.2
1298,2024-04-07 20:32:51,1.18,1.23,20.0,27.0,7.4,9.2
1299,2024-04-07 20:32:54,1.18,1.23,20.0,27.0,7.4,9.2
1300,2024-04-07 20:32:58,1.18,1.23,20.0,27.0,7.4,9.2
1301,2024-04-07 20:33:01,1.18,980.0,1.12,6.6,1.03,6.6
1302,2024-04-07 20:33:05,1.18,1.2,15.5,27.0,6.0,6.6
1303,2024-04-07 20:33:09,1.18,1.2,15.5,27.0,6.0,6.6
1304,2024-04-07 20:33:12,1.18,1.2,15.5,27.0,6.0,6.6
1305,2024-04-07 20:33:15,1.18,1.2,15.5,27.0,6.0,6.6
1306,2024-04-07 20:33:19,1.03,1.07,15.5,29.0,1.03,1.07
1307,2024-04-07 20:33:23,1.03,1.07,15.5,29.0,1.03,1.07
1308,2024-04-07 20:33:26,1.03,1.07,15.5,29.0,1.03,1.07
1309,2024-04-07 20:33:30,1.03,1.07,15.5,29.0,1.03,1.07
1310,2024-04-07 20:33:33,1.03,1.07,15.5,29.0,1.03,1.07
1311,2024-04-07 20:33:36,1.03,1.07,15.5,29.0,1.03,1.07
1312,2024-04-07 20:33:39,1.17,1.24,19.0,29.0,6.2,7.0
1313,2024-04-07 20:33:43,1.17,1.24,19.0,29.0,6.2,7.0
1314,2024-04-07 20:33:46,1.17,1.24,19.0,29.0,6.2,7.0
1315,2024-04-07 20:33:49,1.17,1.24,19.0,29.0,6.2,7.0
1316,2024-04-07 20:33:53,1.03,980.0,0.0,29.0,1.03,970.0
1317,2024-04-07 20:33:56,1.14,1.09,13.0,29.0,1.03,1.09
1318,2024-04-07 20:34:00,1.16,1.06,19.0,29.0,6.2,1.06
1319,2024-04-07 20:34:04,1.17,1.24,19.0,26.0,7.0,9.2
1320,2024-04-07 20:34:07,1.17,1.24,19.0,26.0,7.0,9.2
1321,2024-04-07 20:34:11,1.17,1.24,19.0,26.0,7.0,9.2
1322,2024-04-07 20:34:14,1.17,1.24,19.0,26.0,7.0,9.2
1323,2024-04-07 20:34:18,1.17,1.24,19.0,26.0,7.0,9.2
1324,2024-04-07 20:34:22,1.17,1.24,19.0,26.0,7.0,9.2
1325,2024-04-07 20:34:25,1.17,1.24,19.0,26.0,7.0,9.2
1326,2024-04-07 20:34:29,1.17,1.24,19.0,26.0,7.0,9.2
1327,2024-04-07 20:34:32,1.17,1.24,19.0,26.0,7.0,9.2
1328,2024-04-07 20:34:36,1.17,1.24,19.0,26.0,7.0,9.2
1329,2024-04-07 20:34:39,1.17,1.24,19.0,26.0,7.0,9.2
1330,2024-04-07 20:34:43,1.17,1.24,19.0,26.0,7.0,9.2
1331,2024-04-07 20:34:46,1.17,1.24,19.0,26.0,7.0,9.2
1332,2024-04-07 20:34:50,1.17,1.24,19.0,26.0,7.0,9.2
1333,2024-04-07 20:34:53,1.17,1.24,19.0,26.0,7.0,9.2
1334,2024-04-07 20:34:57,1.17,1.24,19.0,26.0,7.0,9.2
1335,2024-04-07 20:35:01,1.17,1.24,19.0,26.0,7.0,9.2
1336,2024-04-07 20:35:04,1.17,1.24,19.0,26.0,7.0,9.2
1337,2024-04-07 20:35:06,1.17,1.24,19.0,26.0,7.0,9.2
1338,2024-04-07 20:35:10,1.17,1.24,19.0,26.0,7.0,9.2
1339,2024-04-07 20:35:14,1.17,1.24,19.0,26.0,7.0,9.2
1340,2024-04-07 20:35:17,1.17,1.24,19.0,26.0,7.0,9.2
1341,2024-04-07 20:35:21,1.17,1.24,19.0,26.0,7.0,9.2
1342,2024-04-07 20:35:24,1.17,1.24,19.0,26.0,7.0,9.2
1343,2024-04-07 20:35:28,1.17,1.24,19.0,26.0,7.0,9.2
1344,2024-04-07 20:35:31,1.17,1.24,19.0,26.0,7.0,9.2
1345,2024-04-07 20:35:35,1.17,1.24,19.0,26.0,7.0,9.2
1346,2024-04-07 20:35:38,1.17,1.24,19.0,26.0,7.0,9.2
1347,2024-04-07 20:35:42,1.17,1.24,19.0,26.0,7.0,9.2
1348,2024-04-07 20:35:46,1.17,1.24,19.0,26.0,7.0,9.2
1349,2024-04-07 20:35:49,1.17,1.24,19.0,26.0,7.0,9.2
1350,2024-04-07 20:35:53,1.17,1.24,19.0,26.0,7.0,9.2
1351,2024-04-07 20:35:57,1.17,1.24,19.0,26.0,7.0,9.2
1352,2024-04-07 20:36:01,1.17,1.24,19.0,26.0,7.0,9.4
1353,2024-04-07 20:36:04,1.17,1.24,19.0,26.0,7.0,9.4
1354,2024-04-07 20:36:08,1.17,1.24,19.0,26.0,7.0,9.4
1355,2024-04-07 20:36:12,1.17,1.24,19.0,26.0,7.0,9.4
1356,2024-04-07 20:36:15,1.17,1.24,19.0,26.0,7.0,9.4
1357,2024-04-07 20:36:19,1.17,1.24,19.0,26.0,7.0,9.4
1358,2024-04-07 20:36:22,1.17,1.24,19.0,26.0,7.0,9.4
1359,2024-04-07 20:36:26,1.17,1.24,19.0,26.0,7.0,9.4
1360,2024-04-07 20:36:29,1.17,1.24,19.0,26.0,7.0,9.4
1361,2024-04-07 20:36:33,1.17,1.24,19.0,26.0,7.0,9.4
1362,2024-04-07 20:36:36,1.17,1.24,19.0,26.0,7.0,9.4
1363,2024-04-07 20:36:40,1.17,1.24,19.0,26.0,7.0,9.4
1364,2024-04-07 20:36:43,1.17,1.24,19.0,26.0,7.0,9.4
1365,2024-04-07 20:36:46,1.17,1.24,19.0,26.0,7.0,9.4
1366,2024-04-07 20:36:50,1.17,1.24,19.0,26.0,7.0,9.4
1367,2024-04-07 20:36:53,1.17,1.24,19.0,26.0,7.0,9.4
1368,2024-04-07 20:36:57,1.17,1.24,19.0,26.0,7.0,9.4
1369,2024-04-07 20:37:00,1.17,1.24,19.0,26.0,7.0,9.4
1370,2024-04-07 20:37:04,1.17,1.24,19.0,26.0,7.0,9.4
1371,2024-04-07 20:37:08,1.17,1.24,19.0,26.0,7.0,9.4
1372,2024-04-07 20:37:11,1.17,1.24,19.0,26.0,7.0,9.4
1373,2024-04-07 20:37:15,1.17,1.24,19.0,26.0,7.0,9.4
1374,2024-04-07 20:37:19,1.17,1.24,19.0,26.0,7.0,9.4
1375,2024-04-07 20:37:22,1.17,1.24,19.0,26.0,7.0,9.4
1376,2024-04-07 20:37:26,1.17,1.24,19.0,26.0,7.0,9.4
1377,2024-04-07 20:37:29,1.17,1.24,19.0,26.0,7.0,9.4
1378,2024-04-07 20:37:32,1.17,1.24,19.0,26.0,7.0,9.4
1379,2024-04-07 20:37:36,1.17,1.24,19.0,26.0,7.0,9.4
1380,2024-04-07 20:37:39,1.17,1.24,19.0,26.0,7.0,9.4
1381,2024-04-07 20:37:43,1.17,1.24,19.0,26.0,7.0,9.4
1382,2024-04-07 20:37:46,1.17,1.24,19.0,26.0,7.0,9.4
1383,2024-04-07 20:37:50,1.17,1.24,19.0,26.0,7.0,9.4
1384,2024-04-07 20:37:53,1.17,1.24,19.0,26.0,7.0,9.4
1385,2024-04-07 20:37:57,1.17,1.24,19.0,26.0,7.0,9.4
1386,2024-04-07 20:38:00,1.17,1.24,19.0,26.0,7.0,9.4
1387,2024-04-07 20:38:04,1.17,1.24,19.0,26.0,7.0,9.4
1388,2024-04-07 20:38:08,1.17,1.24,19.0,26.0,7.0,9.4
1389,2024-04-07 20:38:12,1.17,1.24,19.0,26.0,7.0,9.4
1390,2024-04-07 20:38:15,1.17,1.24,19.0,26.0,7.0,9.4
1391,2024-04-07 20:38:19,1.17,1.24,19.0,26.0,7.0,9.4
1392,2024-04-07 20:38:23,1.17,1.24,19.0,26.0,7.0,9.4
1393,2024-04-07 20:38:26,1.17,1.24,19.0,26.0,7.0,9.4
1394,2024-04-07 20:38:30,1.17,1.24,19.0,26.0,7.0,9.4
1395,2024-04-07 20:38:33,1.17,1.24,19.0,26.0,7.0,9.4
1396,2024-04-07 20:38:36,1.17,1.24,19.0,26.0,7.0,9.4
1397,2024-04-07 20:38:40,1.17,1.24,19.0,26.0,7.0,9.4
1398,2024-04-07 20:38:43,1.17,1.24,19.0,26.0,7.0,9.4
1399,2024-04-07 20:38:47,1.17,1.24,19.0,26.0,7.0,9.4
1400,2024-04-07 20:38:49,1.17,1.24,19.0,26.0,7.0,9.4
1401,2024-04-07 20:38:53,1.17,1.24,19.0,26.0,7.0,9.4
1402,2024-04-07 20:38:56,1.17,1.24,19.0,26.0,7.0,9.4
1403,2024-04-07 20:39:00,1.17,1.24,19.0,26.0,7.0,9.4
1404,2024-04-07 20:39:03,1.17,1.24,19.0,26.0,7.0,9.4
1405,2024-04-07 20:39:06,1.17,1.24,19.0,26.0,7.0,9.4
1406,2024-04-07 20:39:10,1.17,1.24,19.0,26.0,7.0,9.4
1407,2024-04-07 20:39:13,1.17,1.24,19.0,26.0,7.0,9.4
1408,2024-04-07 20:39:17,1.17,1.24,19.0,26.0,7.0,9.4
1409,2024-04-07 20:39:21,1.17,1.24,19.0,26.0,7.0,9.4
1410,2024-04-07 20:39:25,1.17,1.24,19.0,26.0,7.0,9.4
1411,2024-04-07 20:39:28,1.17,1.24,19.0,26.0,7.0,9.4
1412,2024-04-07 20:39:32,1.17,1.24,19.0,26.0,7.0,9.4
1413,2024-04-07 20:39:35,1.2,1.24,19.0,26.0,7.0,9.4
1414,2024-04-07 20:39:39,1.2,1.24,19.0,26.0,7.0,9.4
1415,2024-04-07 20:39:43,1.2,1.24,19.0,26.0,7.0,9.4
1416,2024-04-07 20:39:46,1.2,1.24,19.0,26.0,7.0,9.4
1417,2024-04-07 20:39:50,1.2,1.24,19.0,26.0,7.0,9.4
1418,2024-04-07 20:39:53,1.2,1.24,19.0,26.0,7.0,9.4
1419,2024-04-07 20:39:57,1.2,1.24,19.0,26.0,7.0,9.4
1420,2024-04-07 20:40:01,1.2,1.24,19.0,26.0,7.0,9.4
1421,2024-04-07 20:40:05,1.2,1.24,19.0,26.0,7.0,9.4
1422,2024-04-07 20:40:09,1.2,1.24,19.0,26.0,7.0,9.4
1423,2024-04-07 20:40:12,1.2,1.24,19.0,26.0,7.0,9.4
1424,2024-04-07 20:40:16,1.2,1.24,19.0,26.0,7.0,9.4
1425,2024-04-07 20:40:19,1.2,1.24,19.0,26.0,7.0,9.4
1426,2024-04-07 20:40:22,1.2,1.24,19.0,26.0,7.0,9.4
1427,2024-04-07 20:40:25,1.2,1.24,19.0,26.0,7.0,9.4
1428,2024-04-07 20:40:29,1.2,1.24,19.0,26.0,7.0,9.4
1429,2024-04-07 20:40:32,1.2,1.24,19.0,26.0,7.0,9.4
1430,2024-04-07 20:40:36,1.2,1.24,19.0,26.0,7.0,9.4
1431,2024-04-07 20:40:39,1.2,1.24,19.0,26.0,7.0,9.4
1432,2024-04-07 20:40:42,1.2,1.24,19.0,26.0,7.0,9.4
1433,2024-04-07 20:40:45,1.2,1.24,19.0,26.0,7.0,9.4
1434,2024-04-07 20:40:49,1.2,1.24,19.0,26.0,7.0,9.4
1435,2024-04-07 20:40:53,1.2,1.24,19.0,26.0,7.0,9.4
1436,2024-04-07 20:40:56,1.2,1.24,19.0,26.0,7.0,9.4
1437,2024-04-07 20:41:00,1.2,1.24,19.0,26.0,7.0,9.4
1438,2024-04-07 20:41:03,1.2,1.24,19.0,26.0,7.0,9.4
1439,2024-04-07 20:41:06,1.2,1.24,19.0,26.0,7.0,9.4
1440,2024-04-07 20:41:10,1.2,1.24,19.0,26.0,7.0,9.4
1441,2024-04-07 20:41:14,1.2,1.24,19.0,26.0,7.0,9.4
1442,2024-04-07 20:41:17,1.2,1.24,19.0,26.0,7.0,9.4
1443,2024-04-07 20:41:21,1.2,1.24,19.0,26.0,7.0,9.4
1444,2024-04-07 20:41:25,1.2,1.24,19.0,26.0,7.0,9.4
1445,2024-04-07 20:41:28,1.2,1.24,19.0,26.0,7.0,9.4
1446,2024-04-07 20:41:32,1.2,1.24,19.0,26.0,7.0,9.4
1447,2024-04-07 20:41:35,1.2,1.24,19.0,26.0,7.0,9.4
1448,2024-04-07 20:41:39,1.2,1.24,19.0,26.0,7.0,9.4
1449,2024-04-07 20:41:42,1.2,1.24,19.0,26.0,7.0,9.4
1450,2024-04-07 20:41:46,1.2,1.24,19.0,26.0,7.0,9.4
1451,2024-04-07 20:41:49,1.2,1.24,19.0,26.0,7.0,9.4
1452,2024-04-07 20:41:53,1.2,1.24,19.0,26.0,7.0,9.4
1453,2024-04-07 20:41:57,1.2,1.24,19.0,26.0,7.0,9.4
1454,2024-04-07 20:42:00,1.2,1.24,19.0,26.0,7.0,9.4
1455,2024-04-07 20:42:04,1.2,1.24,19.0,26.0,7.0,9.4
1456,2024-04-07 20:42:07,1.2,1.24,19.0,26.0,7.0,9.4
1457,2024-04-07 20:42:10,1.2,1.24,19.0,26.0,7.0,9.4
1458,2024-04-07 20:42:14,1.2,1.24,19.0,26.0,7.0,9.4
1459,2024-04-07 20:42:18,1.2,1.24,19.0,26.0,7.0,9.4
1460,2024-04-07 20:42:21,1.2,1.24,19.0,26.0,7.0,9.4
1461,2024-04-07 20:42:25,1.2,1.24,19.0,26.0,7.0,9.4
1462,2024-04-07 20:42:29,1.2,1.24,19.0,26.0,7.0,9.4
1463,2024-04-07 20:42:32,1.2,1.24,19.0,26.0,7.0,9.4
1464,2024-04-07 20:42:35,1.2,1.24,19.0,26.0,7.0,9.4
1465,2024-04-07 20:42:39,1.2,1.24,19.0,26.0,7.0,9.4
1466,2024-04-07 20:42:42,1.2,1.24,19.0,26.0,7.0,9.4
1467,2024-04-07 20:42:45,1.2,1.24,19.0,26.0,7.0,9.4
1468,2024-04-07 20:42:49,1.2,1.24,19.0,26.0,7.0,9.4
1469,2024-04-07 20:42:53,1.2,1.24,19.0,26.0,7.0,9.4
1470,2024-04-07 20:42:56,1.2,1.24,19.0,26.0,7.0,9.4
1471,2024-04-07 20:42:59,1.2,1.24,19.0,26.0,7.0,9.4
1472,2024-04-07 20:43:03,1.2,1.24,19.0,26.0,7.0,9.4
1473,2024-04-07 20:43:06,1.2,1.24,19.0,26.0,7.0,9.4
1474,2024-04-07 20:43:10,1.2,1.24,19.0,26.0,7.0,9.4
1475,2024-04-07 20:43:14,1.2,1.24,19.0,26.0,7.0,9.4
1476,2024-04-07 20:43:17,1.2,1.24,19.0,26.0,7.0,9.4
1477,2024-04-07 20:43:21,1.2,1.24,19.0,26.0,7.0,9.4
1478,2024-04-07 20:43:24,1.2,1.24,19.0,26.0,7.0,9.4
1479,2024-04-07 20:43:28,1.2,1.24,19.0,26.0,7.0,9.4
1480,2024-04-07 20:43:31,1.2,1.24,19.0,26.0,7.0,9.4
1481,2024-04-07 20:43:35,1.2,1.24,19.0,26.0,7.0,9.4
1482,2024-04-07 20:43:38,1.2,1.24,19.0,26.0,7.0,9.4
1483,2024-04-07 20:43:42,1.2,1.24,19.0,26.0,7.0,9.4
1484,2024-04-07 20:43:45,1.2,1.24,19.0,26.0,7.0,9.4
1485,2024-04-07 20:43:49,1.2,1.24,19.0,26.0,7.0,9.4
1486,2024-04-07 20:43:53,1.2,1.24,19.0,26.0,7.0,9.4
1487,2024-04-07 20:43:56,1.2,1.24,19.0,26.0,7.0,9.4
1488,2024-04-07 20:44:00,1.18,1.24,19.0,26.0,7.0,9.4
1489,2024-04-07 20:44:03,1.18,1.24,19.0,26.0,7.0,9.4
1490,2024-04-07 20:44:07,1.18,1.24,19.0,26.0,7.0,9.4
1491,2024-04-07 20:44:11,1.18,1.24,19.0,26.0,7.0,9.4
1492,2024-04-07 20:44:14,1.18,1.24,19.0,26.0,7.0,9.4
1493,2024-04-07 20:44:18,1.18,1.24,19.0,26.0,7.0,9.4
1494,2024-04-07 20:44:22,1.18,1.24,19.0,26.0,7.0,9.4
1495,2024-04-07 20:44:25,1.18,1.24,19.0,26.0,7.0,9.4
1496,2024-04-07 20:44:29,1.18,1.24,19.0,26.0,7.0,9.4
1497,2024-04-07 20:44:32,1.18,1.24,19.0,26.0,7.0,9.4
1498,2024-04-07 20:44:36,1.18,1.24,19.0,410.0,7.0,9.4
1499,2024-04-07 20:44:40,1.18,1.24,19.0,410.0,7.0,9.4
1500,2024-04-07 20:44:43,1.18,1.24,19.0,410.0,7.0,9.4
1501,2024-04-07 20:44:47,1.18,1.24,19.0,26.0,7.0,9.4
1502,2024-04-07 20:44:51,1.18,1.24,19.0,26.0,7.0,9.4
1503,2024-04-07 20:44:54,1.18,1.24,19.0,26.0,7.0,9.4
1504,2024-04-07 20:44:57,1.18,1.24,19.0,26.0,7.0,9.4
1505,2024-04-07 20:45:01,1.18,1.24,19.0,26.0,7.0,9.4
1506,2024-04-07 20:45:05,1.18,1.24,19.0,26.0,7.0,9.4
1507,2024-04-07 20:45:08,1.18,1.24,19.0,26.0,7.0,9.4
1508,2024-04-07 20:45:11,1.18,1.24,19.0,26.0,7.0,11.0
1509,2024-04-07 20:45:15,1.18,1.24,19.0,26.0,7.0,11.0
1510,2024-04-07 20:45:18,1.18,1.24,19.0,26.0,7.0,9.2
1511,2024-04-07 20:45:21,1.18,1.24,19.0,26.0,7.0,9.2
1512,2024-04-07 20:45:25,1.18,1.24,19.0,26.0,7.0,9.2
1513,2024-04-07 20:45:29,1.18,1.24,19.0,26.0,7.0,9.2
1514,2024-04-07 20:45:32,1.18,1.24,19.0,26.0,7.0,9.2
1515,2024-04-07 20:45:36,1.18,1.24,19.0,26.0,7.0,9.2
1516,2024-04-07 20:45:40,1.18,1.24,19.0,26.0,7.0,9.2
1517,2024-04-07 20:45:44,1.18,1.24,19.0,26.0,7.0,9.2
1518,2024-04-07 20:45:47,1.18,1.24,19.0,26.0,7.0,9.2
1519,2024-04-07 20:45:50,1.18,1.24,19.0,26.0,7.0,9.2
1520,2024-04-07 20:45:53,1.18,1.24,19.0,26.0,7.0,9.2
1521,2024-04-07 20:45:56,1.18,1.24,19.0,26.0,7.0,9.2
1522,2024-04-07 20:45:59,1.18,1.24,19.0,26.0,7.0,9.2
1523,2024-04-07 20:46:03,1.18,1.24,19.0,26.0,7.0,9.2
1524,2024-04-07 20:46:07,1.18,1.24,19.0,26.0,7.0,9.2
1525,2024-04-07 20:46:11,1.18,1.24,19.0,26.0,7.0,9.2
1526,2024-04-07 20:46:15,1.18,1.24,19.0,26.0,7.0,9.2
1527,2024-04-07 20:46:18,1.18,1.24,19.0,26.0,7.0,9.2
1528,2024-04-07 20:46:22,1.18,1.24,19.0,26.0,7.0,9.2
1529,2024-04-07 20:46:25,1.18,1.24,19.0,26.0,7.0,9.2
1530,2024-04-07 20:46:29,1.18,1.24,19.0,26.0,7.0,9.2
1531,2024-04-07 20:46:32,1.18,1.24,19.0,26.0,7.0,9.2
1532,2024-04-07 20:46:36,1.18,1.24,19.0,26.0,7.0,9.2
1533,2024-04-07 20:46:40,1.18,1.24,19.0,26.0,7.0,9.2
1534,2024-04-07 20:46:43,1.18,1.24,19.0,26.0,7.0,9.2
1535,2024-04-07 20:46:46,1.18,1.24,19.0,26.0,7.0,9.2
1536,2024-04-07 20:46:50,1.18,1.24,19.0,26.0,7.0,9.2
1537,2024-04-07 20:46:53,1.18,1.24,19.0,26.0,7.0,9.2
1538,2024-04-07 20:46:57,1.18,1.24,19.0,26.0,7.0,9.2
1539,2024-04-07 20:47:01,1.18,1.24,19.0,26.0,7.0,9.2
1540,2024-04-07 20:47:04,1.18,1.24,19.0,26.0,7.0,9.2
1541,2024-04-07 20:47:08,1.18,1.24,19.0,26.0,7.0,9.2
1542,2024-04-07 20:47:11,1.18,1.24,19.0,26.0,7.0,9.2
1543,2024-04-07 20:47:16,1.18,1.24,19.0,26.0,7.0,9.2
1544,2024-04-07 20:47:19,1.18,1.24,19.0,26.0,7.0,9.2
1545,2024-04-07 20:47:22,1.18,1.24,19.0,26.0,7.0,9.2
1546,2024-04-07 20:47:26,1.18,1.24,19.0,26.0,7.0,9.2
1547,2024-04-07 20:47:29,1.18,1.24,19.0,26.0,7.0,9.2
1548,2024-04-07 20:47:32,1.18,1.24,19.0,26.0,7.0,9.2
1549,2024-04-07 20:47:36,1.18,1.24,19.0,26.0,7.0,9.2
1550,2024-04-07 20:47:39,1.18,1.24,19.0,26.0,7.0,9.2
1551,2024-04-07 20:47:42,1.18,1.24,19.0,26.0,7.0,9.2
1552,2024-04-07 20:47:46,1.18,1.24,19.0,26.0,7.0,9.2
1553,2024-04-07 20:47:49,1.18,1.24,19.0,26.0,7.0,9.2
1554,2024-04-07 20:47:53,1.18,1.24,19.0,26.0,7.0,9.2
1555,2024-04-07 20:47:56,1.18,1.24,19.0,26.0,7.0,9.2
1556,2024-04-07 20:48:00,1.18,1.24,19.0,26.0,7.0,9.2
1557,2024-04-07 20:48:03,1.18,1.24,19.0,26.0,7.0,9.2
1558,2024-04-07 20:48:07,1.18,1.24,19.0,26.0,7.0,9.2
1559,2024-04-07 20:48:11,1.18,1.24,19.0,26.0,7.0,9.2
1560,2024-04-07 20:48:14,1.18,1.24,19.0,26.0,7.0,9.2
1561,2024-04-07 20:48:18,1.18,1.24,19.0,26.0,7.0,9.2
1562,2024-04-07 20:48:22,1.18,1.24,19.0,26.0,7.0,9.2
1563,2024-04-07 20:48:26,1.18,1.24,19.0,26.0,7.0,9.2
1564,2024-04-07 20:48:29,1.18,1.24,19.0,26.0,7.0,9.2
1565,2024-04-07 20:48:32,1.18,980.0,0.0,970.0,1.01,970.0
1566,2024-04-07 20:48:35,1.18,980.0,0.0,970.0,1.01,970.0
1567,2024-04-07 20:48:39,1.18,980.0,13.0,970.0,1.01,1.09
1568,2024-04-07 20:48:43,1.18,980.0,13.0,34.0,1.03,1.09
1569,2024-04-07 20:48:47,1.18,980.0,13.0,34.0,1.03,1.09
1570,2024-04-07 20:48:50,1.18,1.23,18.0,34.0,7.0,10.5
1571,2024-04-07 20:48:54,1.18,1.23,18.0,34.0,7.0,7.8
1572,2024-04-07 20:48:58,1.18,1.23,18.0,34.0,7.0,7.8
1573,2024-04-07 20:49:01,1.18,1.23,18.0,34.0,7.0,7.4
1574,2024-04-07 20:49:05,1.18,1.23,18.5,34.0,7.0,10.5
1575,2024-04-07 20:49:09,1.18,1.23,18.5,34.0,7.0,7.4
1576,2024-04-07 20:49:13,1.18,1.23,18.5,34.0,7.0,7.4
1577,2024-04-07 20:49:17,1.18,1.23,18.5,34.0,7.0,7.4
1578,2024-04-07 20:49:20,1.18,1.23,18.5,34.0,7.0,10.0
1579,2024-04-07 20:49:25,1.18,1.23,18.5,34.0,7.0,10.0
1580,2024-04-07 20:49:28,1.18,1.23,18.5,34.0,7.0,10.0
1581,2024-04-07 20:49:32,1.18,1.23,18.5,34.0,7.0,7.4
1582,2024-04-07 20:49:36,1.18,1.23,18.5,27.0,7.0,7.4
1583,2024-04-07 20:49:39,1.18,1.23,19.5,27.0,7.0,9.4
1584,2024-04-07 20:49:43,1.18,1.23,19.5,34.0,7.0,7.4
1585,2024-04-07 20:49:46,1.18,1.23,19.5,34.0,7.0,7.4
1586,2024-04-07 20:49:49,1.18,1.23,19.5,34.0,7.0,7.4
1587,2024-04-07 20:49:53,1.18,1.23,19.5,34.0,7.0,7.4
1588,2024-04-07 20:49:57,1.18,1.23,19.5,34.0,7.0,7.4
1589,2024-04-07 20:50:00,1.18,1.23,19.5,34.0,7.0,7.4
1590,2024-04-07 20:50:04,1.18,1.23,20.0,27.0,7.0,9.4
1591,2024-04-07 20:50:08,1.18,1.23,20.0,27.0,7.2,9.4
1592,2024-04-07 20:50:12,1.18,1.23,20.0,27.0,7.2,9.4
1593,2024-04-07 20:50:15,1.18,1.22,21.0,27.0,7.2,9.4
1594,2024-04-07 20:50:19,1.18,1.22,20.0,27.0,7.2,9.4
1595,2024-04-07 20:50:23,1.18,1.22,20.0,27.0,7.2,9.4
1596,2024-04-07 20:50:26,1.18,1.22,20.0,34.0,7.2,7.4
1597,2024-04-07 20:50:30,1.18,1.22,20.0,34.0,7.2,7.4
1598,2024-04-07 20:50:34,1.18,1.22,20.0,34.0,7.2,10.0
1599,2024-04-07 20:50:37,1.18,1.22,20.0,34.0,7.2,10.0
1600,2024-04-07 20:50:41,1.18,1.22,20.0,34.0,7.2,10.0
1601,2024-04-07 20:50:44,1.18,1.22,20.0,34.0,7.2,10.0
1602,2024-04-07 20:50:48,1.18,1.22,21.0,28.0,7.4,9.6
1603,2024-04-07 20:50:52,1.18,1.22,21.0,28.0,7.4,10.0
1604,2024-04-07 20:50:56,1.18,1.22,21.0,28.0,7.4,10.0
1605,2024-04-07 20:50:59,1.18,1.22,21.0,28.0,7.6,10.0
1606,2024-04-07 20:51:03,1.18,1.22,21.0,28.0,7.6,9.4
1607,2024-04-07 20:51:06,1.18,1.22,21.0,28.0,7.6,9.4
1608,2024-04-07 20:51:10,1.18,1.22,21.0,28.0,7.6,9.4
1609,2024-04-07 20:51:13,1.18,1.22,21.0,28.0,7.6,9.4
1610,2024-04-07 20:51:17,1.18,1.22,21.0,28.0,7.4,9.4
1611,2024-04-07 20:51:21,1.18,1.22,21.0,28.0,7.4,9.4
1612,2024-04-07 20:51:24,1.18,1.22,21.0,28.0,7.4,9.4
1613,2024-04-07 20:51:28,1.18,1.22,21.0,28.0,7.4,9.4
1614,2024-04-07 20:51:31,1.18,1.22,21.0,28.0,7.4,9.4
1615,2024-04-07 20:51:35,1.18,1.22,21.0,28.0,7.4,9.4
1616,2024-04-07 20:51:39,1.18,1.22,21.0,28.0,7.4,9.4
1617,2024-04-07 20:51:42,1.18,1.22,21.0,28.0,7.4,9.4
1618,2024-04-07 20:51:46,1.18,1.22,21.0,28.0,7.4,9.4
1619,2024-04-07 20:51:49,1.18,1.22,21.0,28.0,7.4,9.4
1620,2024-04-07 20:51:53,1.18,1.22,21.0,28.0,7.4,9.4
1621,2024-04-07 20:51:57,1.18,1.22,21.0,28.0,7.4,9.4
1622,2024-04-07 20:52:00,1.18,1.22,21.0,28.0,7.4,9.4
1623,2024-04-07 20:52:04,1.18,1.22,21.0,28.0,7.4,9.4
1624,2024-04-07 20:52:07,1.18,1.22,21.0,28.0,7.4,9.4
1625,2024-04-07 20:52:11,1.18,1.22,21.0,28.0,7.4,9.4
1626,2024-04-07 20:52:14,1.18,1.22,21.0,28.0,7.4,9.4
1627,2024-04-07 20:52:18,1.18,1.22,21.0,28.0,7.4,9.4
1628,2024-04-07 20:52:22,1.18,1.22,21.0,28.0,7.4,9.4
1629,2024-04-07 20:52:26,1.18,1.22,21.0,28.0,7.4,9.4
1630,2024-04-07 20:52:30,1.18,1.22,21.0,28.0,7.4,9.4
1631,2024-04-07 20:52:33,1.18,1.22,21.0,28.0,7.4,9.4
1632,2024-04-07 20:52:37,1.18,1.22,21.0,28.0,7.4,9.4
1633,2024-04-07 20:52:41,1.18,1.22,21.0,28.0,7.4,9.4
1634,2024-04-07 20:52:45,1.18,1.22,21.0,28.0,7.4,9.4
1635,2024-04-07 20:52:48,1.18,1.22,21.0,28.0,7.4,9.4
1636,2024-04-07 20:52:52,1.18,1.22,21.0,28.0,7.4,9.4
1637,2024-04-07 20:52:55,1.18,1.22,21.0,28.0,7.4,9.4
1638,2024-04-07 20:52:59,1.18,1.22,21.0,28.0,7.4,9.4
1639,2024-04-07 20:53:03,1.18,1.22,21.0,28.0,7.4,9.4
1640,2024-04-07 20:53:06,1.18,1.22,21.0,28.0,7.4,9.4
1641,2024-04-07 20:53:10,1.18,1.22,21.0,28.0,7.4,9.4
1642,2024-04-07 20:53:13,1.18,1.22,22.0,28.0,7.4,9.4
1643,2024-04-07 20:53:17,1.18,1.22,22.0,28.0,7.4,9.4
1644,2024-04-07 20:53:21,1.18,1.22,22.0,28.0,7.4,9.4
1645,2024-04-07 20:53:24,1.18,1.21,22.0,28.0,7.4,9.4
1646,2024-04-07 20:53:27,1.18,1.21,22.0,28.0,7.4,9.4
1647,2024-04-07 20:53:31,1.18,1.21,22.0,28.0,7.4,9.4
1648,2024-04-07 20:53:35,1.18,1.21,22.0,28.0,7.4,9.4
1649,2024-04-07 20:53:38,1.18,1.21,22.0,28.0,7.4,9.4
1650,2024-04-07 20:53:42,1.18,1.21,22.0,100.0,7.4,9.4
1651,2024-04-07 20:53:45,1.18,1.21,22.0,100.0,7.4,9.4
1652,2024-04-07 20:53:49,1.18,1.21,22.0,100.0,7.4,9.4
1653,2024-04-07 20:53:53,1.18,1.21,22.0,32.0,7.4,9.4
1654,2024-04-07 20:53:56,1.18,1.21,22.0,32.0,7.4,9.4
1655,2024-04-07 20:53:59,1.18,1.21,22.0,32.0,7.4,9.4
1656,2024-04-07 20:54:03,1.18,1.21,22.0,28.0,7.4,9.4
1657,2024-04-07 20:54:06,1.18,1.22,22.0,28.0,7.2,9.4
1658,2024-04-07 20:54:10,1.18,1.22,22.0,28.0,7.2,9.4
1659,2024-04-07 20:54:14,1.18,1.21,22.0,28.0,7.4,9.4
1660,2024-04-07 20:54:18,1.18,1.21,21.0,28.0,7.4,9.4
1661,2024-04-07 20:54:21,1.18,1.21,21.0,28.0,7.4,9.4
1662,2024-04-07 20:54:25,1.18,1.21,21.0,28.0,7.4,9.4
1663,2024-04-07 20:54:28,1.18,1.21,21.0,28.0,7.4,9.4
1664,2024-04-07 20:54:31,1.18,1.21,21.0,28.0,7.4,9.4
1665,2024-04-07 20:54:35,1.18,1.21,21.0,28.0,7.4,9.4
1666,2024-04-07 20:54:38,1.18,1.21,21.0,28.0,7.4,9.4
1667,2024-04-07 20:54:42,1.18,1.23,21.0,32.0,7.2,7.4
1668,2024-04-07 20:54:46,1.18,980.0,0.0,970.0,1.01,970.0
1669,2024-04-07 20:54:50,1.18,980.0,0.0,970.0,1.01,970.0
1670,2024-04-07 20:54:54,1.18,980.0,0.0,970.0,1.01,970.0
1671,2024-04-07 20:54:57,1.18,980.0,0.0,970.0,1.01,970.0
1672,2024-04-07 20:55:01,1.18,980.0,0.0,970.0,1.01,970.0
1673,2024-04-07 20:55:05,1.18,980.0,0.0,970.0,1.01,970.0
1674,2024-04-07 20:55:08,1.18,980.0,0.0,970.0,1.01,970.0
1675,2024-04-07 20:55:12,1.18,980.0,0.0,970.0,1.01,970.0
1676,2024-04-07 20:55:15,1.18,980.0,0.0,970.0,1.01,970.0
1677,2024-04-07 20:55:19,1.18,980.0,0.0,970.0,1.01,970.0
1678,2024-04-07 20:55:22,1.18,980.0,0.0,970.0,1.01,970.0
1679,2024-04-07 20:55:26,1.18,980.0,0.0,970.0,1.01,970.0
1680,2024-04-07 20:55:30,1.18,980.0,0.0,970.0,1.01,970.0
1681,2024-04-07 20:55:33,1.18,980.0,0.0,970.0,1.01,970.0
1682,2024-04-07 20:55:37,1.18,980.0,0.0,970.0,1.01,970.0
1683,2024-04-07 20:55:40,1.18,980.0,0.0,970.0,1.01,970.0
1684,2024-04-07 20:55:43,1.18,980.0,0.0,970.0,1.01,970.0
1685,2024-04-07 20:55:46,1.18,980.0,0.0,970.0,1.01,970.0
1686,2024-04-07 20:55:49,1.18,980.0,0.0,970.0,1.01,970.0
1687,2024-04-07 20:55:52,1.18,980.0,0.0,970.0,1.01,970.0
1688,2024-04-07 20:55:56,1.18,980.0,0.0,970.0,1.01,970.0
1689,2024-04-07 20:55:59,1.18,980.0,0.0,970.0,1.01,970.0
1690,2024-04-07 20:56:02,1.18,980.0,0.0,970.0,1.01,970.0
1691,2024-04-07 20:56:05,1.18,980.0,0.0,970.0,1.01,970.0
1692,2024-04-07 20:56:08,1.18,980.0,0.0,970.0,1.01,970.0
1693,2024-04-07 20:56:11,1.18,980.0,0.0,970.0,1.01,970.0
1694,2024-04-07 20:56:14,1.18,980.0,0.0,970.0,1.01,970.0
1695,2024-04-07 20:56:17,1.18,980.0,0.0,970.0,1.01,970.0
1696,2024-04-07 20:56:21,1.18,980.0,0.0,970.0,1.01,970.0
1697,2024-04-07 20:56:24,1.18,980.0,0.0,970.0,1.01,970.0
1698,2024-04-07 20:56:27,1.18,980.0,0.0,970.0,1.01,970.0
1699,2024-04-07 20:56:30,1.18,980.0,0.0,970.0,1.01,970.0
1700,2024-04-07 20:56:33,1.18,980.0,0.0,970.0,1.01,970.0
1701,2024-04-07 20:56:36,1.18,980.0,0.0,970.0,1.01,970.0
1702,2024-04-07 20:56:39,1.18,980.0,0.0,970.0,1.01,970.0
1703,2024-04-07 20:56:42,1.18,980.0,0.0,970.0,1.01,970.0
1704,2024-04-07 20:56:45,1.18,980.0,0.0,970.0,1.01,970.0
1705,2024-04-07 20:56:49,1.18,980.0,0.0,970.0,1.01,970.0
1706,2024-04-07 20:56:51,1.18,980.0,0.0,970.0,1.01,970.0
1707,2024-04-07 20:56:55,1.18,980.0,0.0,970.0,1.01,970.0
1708,2024-04-07 20:56:58,1.18,980.0,0.0,970.0,1.01,970.0
1709,2024-04-07 20:57:00,1.18,980.0,0.0,970.0,1.01,970.0
1710,2024-04-07 20:57:03,1.18,980.0,0.0,970.0,1.01,970.0
1711,2024-04-07 20:57:06,1.18,980.0,0.0,970.0,1.01,970.0
1712,2024-04-07 20:57:09,1.18,980.0,0.0,970.0,1.01,970.0
1713,2024-04-07 20:57:13,1.18,980.0,0.0,970.0,1.01,970.0
1714,2024-04-07 20:57:16,1.18,980.0,0.0,970.0,1.01,970.0
1715,2024-04-07 20:57:19,1.18,980.0,0.0,970.0,1.01,970.0
1716,2024-04-07 20:57:22,1.18,980.0,0.0,970.0,1.01,970.0
1717,2024-04-07 20:57:25,1.18,980.0,0.0,970.0,1.01,970.0
1718,2024-04-07 20:57:28,1.18,980.0,0.0,970.0,1.01,970.0
1719,2024-04-07 20:57:32,1.18,980.0,0.0,970.0,1.01,970.0
1720,2024-04-07 20:57:35,1.18,980.0,0.0,970.0,1.01,970.0
1721,2024-04-07 20:57:38,1.18,980.0,0.0,970.0,1.01,970.0
1722,2024-04-07 20:57:41,1.18,980.0,0.0,970.0,1.01,970.0
1723,2024-04-07 20:57:44,1.18,980.0,0.0,970.0,1.01,970.0
1724,2024-04-07 20:57:47,1.18,980.0,0.0,970.0,1.01,970.0
1725,2024-04-07 20:57:50,1.18,980.0,0.0,970.0,1.01,970.0
1726,2024-04-07 20:57:54,1.18,980.0,0.0,970.0,1.01,970.0
1727,2024-04-07 20:57:56,1.18,980.0,0.0,970.0,1.01,970.0
1728,2024-04-07 20:57:59,1.18,980.0,0.0,970.0,1.01,970.0
1729,2024-04-07 20:58:02,1.18,980.0,0.0,970.0,1.01,970.0
1730,2024-04-07 20:58:05,1.18,980.0,0.0,970.0,1.01,970.0
1731,2024-04-07 20:58:09,1.18,980.0,0.0,970.0,1.01,970.0
1732,2024-04-07 20:58:11,1.18,980.0,0.0,970.0,1.01,970.0
1733,2024-04-07 20:58:14,1.18,980.0,0.0,970.0,1.01,970.0
1734,2024-04-07 20:58:18,1.18,980.0,0.0,970.0,1.01,970.0
1735,2024-04-07 20:58:21,1.18,1.22,21.0,970.0,7.0,10.5
1736,2024-04-07 20:58:24,1.18,1.24,21.0,970.0,7.0,10.5
1737,2024-04-07 20:58:28,1.18,1.21,22.0,970.0,7.2,10.5
1738,2024-04-07 20:58:30,1.18,1.21,22.0,40.0,7.2,10.0
1739,2024-04-07 20:58:32,1.18,1.2,22.0,40.0,7.2,10.0
1740,2024-04-07 20:58:35,1.18,1.2,22.0,40.0,7.2,10.0
1741,2024-04-07 20:58:37,1.18,1.2,22.0,40.0,7.2,10.0
1742,2024-04-07 20:58:40,1.18,1.2,22.0,40.0,7.2,10.0
1743,2024-04-07 20:58:42,1.15,1.2,22.0,40.0,7.2,10.0
1744,2024-04-07 20:58:45,1.15,1.2,22.0,40.0,7.2,10.0
1745,2024-04-07 20:58:48,1.15,1.2,22.0,40.0,7.2,10.0
1746,2024-04-07 20:58:50,1.15,1.2,23.0,40.0,7.2,10.0
1747,2024-04-07 20:58:53,1.15,1.2,23.0,40.0,7.2,10.0
1748,2024-04-07 20:58:55,1.15,1.2,23.0,40.0,7.2,10.0
1749,2024-04-07 20:58:58,1.15,1.2,23.0,40.0,7.2,10.0
1750,2024-04-07 20:59:00,1.15,1.2,23.0,40.0,7.2,10.0
1751,2024-04-07 20:59:03,1.15,1.2,23.0,40.0,7.2,10.0
1752,2024-04-07 20:59:06,1.15,1.2,23.0,40.0,7.2,10.0
1753,2024-04-07 20:59:08,1.15,1.2,23.0,40.0,7.2,10.0
1754,2024-04-07 20:59:10,1.15,1.2,23.0,40.0,7.2,10.0
1755,2024-04-07 20:59:13,1.15,1.2,23.0,40.0,7.2,10.0
1756,2024-04-07 20:59:15,1.15,1.2,23.0,40.0,7.2,10.0
1757,2024-04-07 20:59:17,1.15,1.17,23.0,40.0,7.2,7.8
1758,2024-04-07 20:59:20,1.15,1.2,23.0,40.0,7.2,10.5
1759,2024-04-07 20:59:23,1.15,1.2,24.0,40.0,7.4,10.5
1760,2024-04-07 20:59:25,1.15,1.2,24.0,40.0,7.4,10.5
1761,2024-04-07 20:59:28,1.15,1.2,24.0,40.0,7.4,7.8
1762,2024-04-07 20:59:31,1.15,1.2,24.0,40.0,7.4,7.8
1763,2024-04-07 20:59:34,1.15,1.2,25.0,38.0,7.4,10.5
1764,2024-04-07 20:59:36,1.15,1.2,25.0,38.0,7.4,10.5
1765,2024-04-07 20:59:38,1.15,1.2,25.0,38.0,7.4,10.5
1766,2024-04-07 20:59:41,1.15,1.2,25.0,38.0,7.4,10.5
1767,2024-04-07 20:59:43,1.15,1.2,25.0,38.0,7.4,10.5
1768,2024-04-07 20:59:46,1.15,1.2,25.0,38.0,7.4,10.5
1769,2024-04-07 20:59:48,1.15,1.2,25.0,38.0,7.4,10.5
1770,2024-04-07 20:59:50,1.15,1.2,25.0,38.0,7.4,10.5
1771,2024-04-07 20:59:52,1.15,1.2,25.0,38.0,7.4,10.5
1772,2024-04-07 20:59:55,1.15,1.2,25.0,38.0,7.4,10.5
1773,2024-04-07 20:59:57,1.15,1.19,26.0,36.0,7.6,7.8
1774,2024-04-07 20:59:59,1.15,1.16,26.0,36.0,7.6,7.8
1775,2024-04-07 21:00:02,1.15,1.16,26.0,36.0,7.6,7.8
1776,2024-04-07 21:00:04,1.15,1.16,26.0,38.0,7.6,7.8
1777,2024-04-07 21:00:06,1.15,1.16,26.0,38.0,7.6,10.5
1778,2024-04-07 21:00:09,1.15,1.16,26.0,38.0,7.6,10.5
1779,2024-04-07 21:00:11,1.15,1.16,26.0,38.0,7.6,10.5
1780,2024-04-07 21:00:13,1.15,1.16,26.0,38.0,7.6,10.5
1781,2024-04-07 21:00:16,1.15,1.16,26.0,38.0,7.6,10.5
1782,2024-04-07 21:00:19,1.15,1.16,26.0,38.0,7.6,10.5
1783,2024-04-07 21:00:21,1.15,1.16,26.0,38.0,7.6,10.5
1784,2024-04-07 21:00:26,1.15,1.16,26.0,38.0,7.6,10.5
1785,2024-04-07 21:00:29,1.15,1.16,26.0,38.0,7.6,10.5
1786,2024-04-07 21:00:32,1.15,1.16,26.0,38.0,7.6,10.5
1787,2024-04-07 21:00:34,1.13,1.16,26.0,38.0,7.6,10.5
1788,2024-04-07 21:00:37,1.13,1.16,26.0,38.0,7.8,10.5
1789,2024-04-07 21:00:39,1.13,1.16,26.0,38.0,8.0,10.5
1790,2024-04-07 21:00:42,1.13,1.16,26.0,38.0,8.0,10.5
1791,2024-04-07 21:00:44,1.14,1.19,26.0,38.0,8.0,10.5
1792,2024-04-07 21:00:47,1.14,1.19,26.0,38.0,8.0,10.5
1793,2024-04-07 21:00:49,1.14,1.15,26.0,38.0,8.0,10.5
1794,2024-04-07 21:00:52,1.14,1.15,26.0,38.0,8.0,10.5
1795,2024-04-07 21:00:54,1.14,1.15,26.0,38.0,8.0,10.5
1796,2024-04-07 21:00:57,1.14,1.15,26.0,38.0,8.0,8.2
1797,2024-04-07 21:00:59,1.14,1.15,26.0,38.0,8.0,8.2
1798,2024-04-07 21:01:01,1.14,1.15,26.0,38.0,8.0,11.0
1799,2024-04-07 21:01:04,1.14,1.15,26.0,38.0,8.0,10.5
1800,2024-04-07 21:01:07,1.14,1.15,26.0,38.0,8.2,10.5
1801,2024-04-07 21:01:09,1.14,1.15,26.0,38.0,8.2,10.5
1802,2024-04-07 21:01:11,1.14,1.19,26.0,38.0,8.4,10.5
1803,2024-04-07 21:01:14,1.14,1.19,26.0,38.0,8.4,10.5
1804,2024-04-07 21:01:17,1.14,1.19,26.0,38.0,8.4,10.5
1805,2024-04-07 21:01:19,1.14,1.19,26.0,38.0,8.4,10.5
1806,2024-04-07 21:01:22,1.14,1.18,26.0,38.0,8.4,10.5
1807,2024-04-07 21:01:25,1.14,1.18,26.0,38.0,8.4,10.5
1808,2024-04-07 21:01:28,1.14,1.18,26.0,38.0,8.4,11.5
1809,2024-04-07 21:01:31,1.14,1.18,26.0,38.0,8.6,11.0
1810,2024-04-07 21:01:33,1.13,1.18,26.0,38.0,8.6,11.0
1811,2024-04-07 21:01:36,1.13,1.14,26.0,38.0,8.8,11.0
1812,2024-04-07 21:01:39,1.13,1.14,26.0,38.0,8.8,11.0
1813,2024-04-07 21:01:41,1.13,1.14,26.0,38.0,8.8,11.0
1814,2024-04-07 21:01:44,1.13,1.17,26.0,38.0,8.8,11.0
1815,2024-04-07 21:01:47,1.13,1.17,26.0,38.0,8.8,11.0
1816,2024-04-07 21:01:49,1.13,1.17,26.0,38.0,8.8,11.0
1817,2024-04-07 21:01:52,1.13,1.17,26.0,38.0,8.8,11.0
1818,2024-04-07 21:01:55,1.13,1.17,26.0,38.0,8.8,11.0
1819,2024-04-07 21:01:57,1.12,1.17,26.0,38.0,8.8,12.0
1820,2024-04-07 21:02:00,1.12,1.17,26.0,38.0,8.8,12.0
1821,2024-04-07 21:02:02,1.12,1.17,26.0,38.0,8.6,12.0
1822,2024-04-07 21:02:05,1.12,1.17,26.0,38.0,8.4,1.04
1823,2024-04-07 21:02:07,1.12,1.17,26.0,38.0,8.6,12.0
1824,2024-04-07 21:02:10,1.12,1.14,26.0,970.0,9.0,12.0
