,rowIndex,matchOddsTime,Tottenham_back,Tottenham_lay,Nottm Forest_back,Nottm Forest_lay,drawBackPrice,drawLayPrice
1,2024-04-07 19:42:22,0.0,1.01,1000.0,0.0,320.0,0.0
2,2024-04-07 19:42:22,0.0,1.01,1000.0,0.0,320.0,0.0
3,2024-04-07 19:42:22,0.0,1.01,1000.0,0.0,320.0,0.0
4,2024-04-07 19:42:22,0.0,1.01,1000.0,0.0,320.0,0.0
5,2024-04-07 19:42:23,0.0,1.01,1000.0,0.0,320.0,0.0
6,2024-04-07 19:42:23,0.0,1.01,1000.0,0.0,320.0,0.0
7,2024-04-07 19:42:23,0.0,1.01,1000.0,0.0,320.0,0.0
8,2024-04-07 19:42:24,0.0,1.01,1000.0,0.0,320.0,0.0
9,2024-04-07 19:42:24,0.0,1.01,1000.0,0.0,320.0,0.0
10,2024-04-07 19:42:24,0.0,1.01,1000.0,0.0,320.0,0.0
11,2024-04-07 19:42:25,0.0,1.01,1000.0,0.0,320.0,0.0
12,2024-04-07 19:42:25,0.0,1.01,1000.0,0.0,320.0,0.0
13,2024-04-07 19:42:25,0.0,1.01,1000.0,0.0,320.0,0.0
14,2024-04-07 19:42:25,0.0,1.01,1000.0,0.0,320.0,0.0
15,2024-04-07 19:42:26,0.0,1.01,1000.0,0.0,320.0,0.0
16,2024-04-07 19:42:26,0.0,1.01,1000.0,0.0,320.0,0.0
17,2024-04-07 19:42:26,0.0,1.01,1000.0,0.0,320.0,0.0
18,2024-04-07 19:42:27,0.0,1.01,1000.0,0.0,320.0,0.0
19,2024-04-07 19:42:27,0.0,1.01,1000.0,0.0,320.0,0.0
20,2024-04-07 19:42:27,0.0,1.01,1000.0,0.0,320.0,0.0
21,2024-04-07 19:42:28,0.0,1.01,1000.0,0.0,320.0,0.0
22,2024-04-07 19:42:28,0.0,1.01,1000.0,0.0,320.0,0.0
23,2024-04-07 19:42:28,0.0,1.01,1000.0,0.0,320.0,0.0
24,2024-04-07 19:42:28,0.0,1.01,1000.0,0.0,320.0,0.0
25,2024-04-07 19:42:29,0.0,1.01,1000.0,0.0,320.0,0.0
26,2024-04-07 19:42:29,0.0,1.01,1000.0,0.0,320.0,0.0
27,2024-04-07 19:42:29,0.0,1.01,1000.0,0.0,320.0,0.0
28,2024-04-07 19:42:30,0.0,1.01,1000.0,0.0,320.0,0.0
29,2024-04-07 19:42:30,0.0,1.01,1000.0,0.0,320.0,0.0
30,2024-04-07 19:42:30,0.0,1.01,1000.0,0.0,320.0,0.0
31,2024-04-07 19:42:30,0.0,1.01,1000.0,0.0,320.0,0.0
32,2024-04-07 19:42:31,0.0,1.01,1000.0,0.0,320.0,0.0
33,2024-04-07 19:42:31,0.0,1.01,1000.0,0.0,320.0,0.0
34,2024-04-07 19:42:31,0.0,1.01,1000.0,0.0,320.0,0.0
35,2024-04-07 19:42:32,0.0,1.01,1000.0,0.0,320.0,0.0
36,2024-04-07 19:42:32,0.0,1.01,1000.0,0.0,320.0,0.0
37,2024-04-07 19:42:32,0.0,1.01,1000.0,0.0,320.0,0.0
38,2024-04-07 19:42:33,0.0,1.01,1000.0,0.0,320.0,0.0
39,2024-04-07 19:42:33,0.0,1.01,1000.0,0.0,320.0,0.0
40,2024-04-07 19:42:33,0.0,1.01,1000.0,0.0,320.0,0.0
41,2024-04-07 19:42:33,0.0,1.01,1000.0,0.0,320.0,0.0
42,2024-04-07 19:42:34,0.0,1.01,1000.0,0.0,320.0,0.0
43,2024-04-07 19:42:34,0.0,1.01,1000.0,0.0,320.0,0.0
44,2024-04-07 19:42:34,0.0,1.01,1000.0,0.0,320.0,0.0
45,2024-04-07 19:42:35,0.0,1.01,1000.0,0.0,320.0,0.0
46,2024-04-07 19:42:35,0.0,1.01,1000.0,0.0,320.0,0.0
47,2024-04-07 19:42:35,0.0,1.01,1000.0,0.0,320.0,0.0
48,2024-04-07 19:42:35,0.0,1.01,1000.0,0.0,320.0,0.0
49,2024-04-07 19:42:36,0.0,1.01,1000.0,0.0,320.0,0.0
50,2024-04-07 19:42:36,0.0,1.01,1000.0,0.0,320.0,0.0
51,2024-04-07 19:42:36,0.0,1.01,1000.0,0.0,320.0,0.0
52,2024-04-07 19:42:37,0.0,1.01,1000.0,0.0,320.0,0.0
53,2024-04-07 19:42:37,0.0,1.01,1000.0,0.0,320.0,0.0
54,2024-04-07 19:42:37,0.0,1.01,1000.0,0.0,320.0,0.0
55,2024-04-07 19:42:38,0.0,1.01,1000.0,0.0,320.0,0.0
56,2024-04-07 19:42:38,0.0,1.01,1000.0,0.0,320.0,0.0
57,2024-04-07 19:42:38,0.0,1.01,1000.0,0.0,320.0,0.0
58,2024-04-07 19:42:38,0.0,1.01,1000.0,0.0,320.0,0.0
59,2024-04-07 19:42:39,0.0,1.01,1000.0,0.0,320.0,0.0
60,2024-04-07 19:42:39,0.0,1.01,1000.0,0.0,320.0,0.0
61,2024-04-07 19:42:39,0.0,1.01,1000.0,0.0,320.0,0.0
62,2024-04-07 19:42:40,0.0,1.01,1000.0,0.0,320.0,0.0
63,2024-04-07 19:42:40,0.0,1.01,1000.0,0.0,320.0,0.0
64,2024-04-07 19:42:40,0.0,1.01,1000.0,0.0,320.0,0.0
65,2024-04-07 19:42:41,0.0,1.01,1000.0,0.0,320.0,0.0
66,2024-04-07 19:42:41,0.0,1.01,1000.0,0.0,320.0,0.0
67,2024-04-07 19:42:41,0.0,1.01,1000.0,0.0,320.0,0.0
68,2024-04-07 19:42:42,0.0,1.01,1000.0,0.0,320.0,0.0
69,2024-04-07 19:42:42,0.0,1.01,1000.0,0.0,320.0,0.0
70,2024-04-07 19:42:42,0.0,1.01,1000.0,0.0,320.0,0.0
71,2024-04-07 19:42:42,0.0,1.01,1000.0,0.0,320.0,0.0
72,2024-04-07 19:42:43,0.0,1.01,1000.0,0.0,320.0,0.0
73,2024-04-07 19:42:43,0.0,1.01,1000.0,0.0,320.0,0.0
74,2024-04-07 19:42:43,0.0,1.01,1000.0,0.0,320.0,0.0
75,2024-04-07 19:42:44,0.0,1.01,1000.0,0.0,320.0,0.0
76,2024-04-07 19:42:44,0.0,1.01,1000.0,0.0,320.0,0.0
77,2024-04-07 19:42:44,0.0,1.01,1000.0,0.0,320.0,0.0
78,2024-04-07 19:42:44,0.0,1.01,1000.0,0.0,320.0,0.0
79,2024-04-07 19:42:45,0.0,1.01,1000.0,0.0,320.0,0.0
80,2024-04-07 19:42:45,0.0,1.01,1000.0,0.0,320.0,0.0
81,2024-04-07 19:42:45,0.0,1.01,1000.0,0.0,320.0,0.0
82,2024-04-07 19:42:46,0.0,1.01,1000.0,0.0,320.0,0.0
83,2024-04-07 19:42:46,0.0,1.01,1000.0,0.0,320.0,0.0
84,2024-04-07 19:42:46,0.0,1.01,1000.0,0.0,320.0,0.0
85,2024-04-07 19:42:47,0.0,1.01,1000.0,0.0,320.0,0.0
86,2024-04-07 19:42:47,0.0,1.01,1000.0,0.0,320.0,0.0
87,2024-04-07 19:42:47,0.0,1.01,1000.0,0.0,320.0,0.0
88,2024-04-07 19:42:47,0.0,1.01,1000.0,0.0,320.0,0.0
89,2024-04-07 19:42:48,0.0,1.01,1000.0,0.0,320.0,0.0
90,2024-04-07 19:42:48,0.0,1.01,1000.0,0.0,320.0,0.0
91,2024-04-07 19:42:48,0.0,1.01,1000.0,0.0,320.0,0.0
92,2024-04-07 19:42:49,0.0,1.01,1000.0,0.0,320.0,0.0
93,2024-04-07 19:42:49,0.0,1.01,1000.0,0.0,320.0,0.0
94,2024-04-07 19:42:49,0.0,1.01,1000.0,0.0,320.0,0.0
95,2024-04-07 19:42:50,0.0,1.01,1000.0,0.0,320.0,0.0
96,2024-04-07 19:42:50,0.0,1.01,1000.0,0.0,320.0,0.0
97,2024-04-07 19:42:50,0.0,1.01,1000.0,0.0,320.0,0.0
98,2024-04-07 19:42:50,0.0,1.01,1000.0,0.0,320.0,0.0
99,2024-04-07 19:42:51,0.0,1.01,1000.0,0.0,320.0,0.0
100,2024-04-07 19:42:51,0.0,1.01,1000.0,0.0,320.0,0.0
101,2024-04-07 19:42:51,0.0,1.01,1000.0,0.0,320.0,0.0
102,2024-04-07 19:42:52,0.0,1.01,1000.0,0.0,320.0,0.0
103,2024-04-07 19:42:52,0.0,1.01,1000.0,0.0,320.0,0.0
104,2024-04-07 19:42:52,0.0,1.01,1000.0,0.0,320.0,0.0
105,2024-04-07 19:42:52,0.0,1.01,1000.0,0.0,320.0,0.0
106,2024-04-07 19:42:53,0.0,1.01,1000.0,0.0,320.0,0.0
107,2024-04-07 19:42:53,0.0,1.01,1000.0,0.0,320.0,0.0
108,2024-04-07 19:42:53,0.0,1.01,1000.0,0.0,320.0,0.0
109,2024-04-07 19:42:54,0.0,1.01,1000.0,0.0,320.0,0.0
110,2024-04-07 19:42:54,0.0,1.01,1000.0,0.0,320.0,0.0
111,2024-04-07 19:42:54,0.0,1.01,1000.0,0.0,320.0,0.0
112,2024-04-07 19:42:55,0.0,1.01,1000.0,0.0,320.0,0.0
113,2024-04-07 19:42:55,0.0,1.01,1000.0,0.0,320.0,0.0
114,2024-04-07 19:42:55,0.0,1.01,1000.0,0.0,320.0,0.0
115,2024-04-07 19:42:55,0.0,1.01,1000.0,0.0,320.0,0.0
116,2024-04-07 19:42:56,0.0,1.01,1000.0,0.0,320.0,0.0
117,2024-04-07 19:42:56,0.0,1.01,1000.0,0.0,320.0,0.0
118,2024-04-07 19:42:56,0.0,1.01,1000.0,0.0,320.0,0.0
119,2024-04-07 19:42:57,0.0,1.01,1000.0,0.0,320.0,0.0
120,2024-04-07 19:42:57,0.0,1.01,1000.0,0.0,320.0,0.0
121,2024-04-07 19:42:57,0.0,1.01,1000.0,0.0,320.0,0.0
122,2024-04-07 19:42:57,0.0,1.01,1000.0,0.0,320.0,0.0
123,2024-04-07 19:42:58,0.0,1.01,1000.0,0.0,320.0,0.0
124,2024-04-07 19:42:58,0.0,1.01,1000.0,0.0,320.0,0.0
125,2024-04-07 19:42:58,0.0,1.01,1000.0,0.0,320.0,0.0
126,2024-04-07 19:42:59,0.0,1.01,1000.0,0.0,320.0,0.0
127,2024-04-07 19:42:59,0.0,1.01,1000.0,0.0,320.0,0.0
128,2024-04-07 19:42:59,0.0,1.01,1000.0,0.0,320.0,0.0
129,2024-04-07 19:43:00,0.0,1.01,1000.0,0.0,320.0,0.0
130,2024-04-07 19:43:00,0.0,1.01,1000.0,0.0,320.0,0.0
131,2024-04-07 19:43:00,0.0,1.01,1000.0,0.0,320.0,0.0
132,2024-04-07 19:43:00,0.0,1.01,1000.0,0.0,320.0,0.0
133,2024-04-07 19:43:01,0.0,1.01,1000.0,0.0,320.0,0.0
134,2024-04-07 19:43:01,0.0,1.01,1000.0,0.0,320.0,0.0
135,2024-04-07 19:43:01,0.0,1.01,1000.0,0.0,320.0,0.0
136,2024-04-07 19:43:02,0.0,1.01,1000.0,0.0,320.0,0.0
137,2024-04-07 19:43:02,0.0,1.01,1000.0,0.0,320.0,0.0
138,2024-04-07 19:43:02,0.0,1.01,1000.0,0.0,320.0,0.0
139,2024-04-07 19:43:02,0.0,1.01,1000.0,0.0,320.0,0.0
140,2024-04-07 19:43:03,0.0,1.01,1000.0,0.0,320.0,0.0
141,2024-04-07 19:43:03,0.0,1.01,1000.0,0.0,320.0,0.0
142,2024-04-07 19:43:03,0.0,1.01,1000.0,0.0,320.0,0.0
143,2024-04-07 19:43:04,0.0,1.01,1000.0,0.0,320.0,0.0
144,2024-04-07 19:43:04,0.0,1.01,1000.0,0.0,320.0,0.0
145,2024-04-07 19:43:04,0.0,1.01,1000.0,0.0,320.0,0.0
146,2024-04-07 19:43:05,0.0,1.01,1000.0,0.0,320.0,0.0
147,2024-04-07 19:43:05,0.0,1.01,1000.0,0.0,320.0,0.0
148,2024-04-07 19:43:05,0.0,1.01,1000.0,0.0,320.0,0.0
149,2024-04-07 19:43:05,0.0,1.01,1000.0,0.0,320.0,0.0
150,2024-04-07 19:43:06,0.0,1.01,1000.0,0.0,320.0,0.0
151,2024-04-07 19:43:06,0.0,1.01,1000.0,0.0,320.0,0.0
152,2024-04-07 19:43:06,0.0,1.01,1000.0,0.0,320.0,0.0
153,2024-04-07 19:43:07,0.0,1.01,1000.0,0.0,320.0,0.0
154,2024-04-07 19:43:07,0.0,1.01,1000.0,0.0,320.0,0.0
155,2024-04-07 19:43:07,0.0,1.01,1000.0,0.0,320.0,0.0
156,2024-04-07 19:43:08,0.0,1.01,1000.0,0.0,320.0,0.0
157,2024-04-07 19:43:08,0.0,1.01,1000.0,0.0,320.0,0.0
158,2024-04-07 19:43:08,0.0,1.01,1000.0,0.0,320.0,0.0
159,2024-04-07 19:43:08,0.0,1.01,1000.0,0.0,320.0,0.0
160,2024-04-07 19:43:09,0.0,1.01,1000.0,0.0,320.0,0.0
161,2024-04-07 19:43:09,0.0,1.01,1000.0,0.0,320.0,0.0
162,2024-04-07 19:43:09,0.0,1.01,1000.0,0.0,320.0,0.0
163,2024-04-07 19:43:10,0.0,1.01,1000.0,0.0,320.0,0.0
164,2024-04-07 19:43:10,0.0,1.01,1000.0,0.0,320.0,0.0
165,2024-04-07 19:43:10,0.0,1.01,1000.0,0.0,320.0,0.0
166,2024-04-07 19:43:10,0.0,1.01,1000.0,0.0,320.0,0.0
167,2024-04-07 19:43:11,0.0,1.01,1000.0,0.0,320.0,0.0
168,2024-04-07 19:43:11,0.0,1.01,1000.0,0.0,320.0,0.0
169,2024-04-07 19:43:11,0.0,1.01,1000.0,0.0,320.0,0.0
170,2024-04-07 19:43:12,0.0,1.01,1000.0,0.0,320.0,0.0
171,2024-04-07 19:43:12,0.0,1.01,760.0,0.0,320.0,0.0
172,2024-04-07 19:43:12,0.0,1.01,760.0,0.0,320.0,0.0
173,2024-04-07 19:43:13,0.0,1.01,760.0,0.0,320.0,0.0
174,2024-04-07 19:43:13,0.0,1.01,760.0,0.0,320.0,0.0
175,2024-04-07 19:43:13,0.0,1.01,760.0,0.0,320.0,0.0
176,2024-04-07 19:43:13,0.0,1.01,760.0,0.0,320.0,0.0
177,2024-04-07 19:43:14,0.0,1.01,760.0,0.0,320.0,0.0
178,2024-04-07 19:43:14,0.0,1.01,760.0,0.0,320.0,0.0
179,2024-04-07 19:43:14,0.0,1.01,760.0,0.0,320.0,0.0
180,2024-04-07 19:43:15,0.0,1.01,760.0,0.0,320.0,0.0
181,2024-04-07 19:43:15,0.0,1.01,760.0,0.0,320.0,0.0
182,2024-04-07 19:43:15,0.0,1.01,760.0,0.0,320.0,0.0
183,2024-04-07 19:43:15,0.0,1.01,760.0,0.0,320.0,0.0
184,2024-04-07 19:43:16,0.0,1.01,760.0,0.0,320.0,0.0
185,2024-04-07 19:43:16,0.0,1.01,760.0,0.0,320.0,0.0
186,2024-04-07 19:43:16,0.0,1.01,760.0,0.0,320.0,0.0
187,2024-04-07 19:43:17,0.0,1.01,760.0,0.0,320.0,0.0
188,2024-04-07 19:43:17,0.0,1.01,760.0,0.0,320.0,0.0
189,2024-04-07 19:43:17,0.0,1.01,760.0,0.0,320.0,0.0
190,2024-04-07 19:43:18,0.0,1.01,760.0,0.0,320.0,0.0
191,2024-04-07 19:43:18,0.0,1.01,760.0,0.0,320.0,0.0
192,2024-04-07 19:43:18,0.0,1.01,760.0,0.0,320.0,0.0
193,2024-04-07 19:43:18,0.0,1.01,760.0,0.0,320.0,0.0
194,2024-04-07 19:43:19,0.0,1.01,760.0,0.0,320.0,0.0
195,2024-04-07 19:43:19,0.0,1.01,760.0,0.0,320.0,0.0
196,2024-04-07 19:43:19,0.0,1.01,760.0,0.0,320.0,0.0
197,2024-04-07 19:43:20,0.0,1.01,760.0,0.0,320.0,0.0
198,2024-04-07 19:43:20,0.0,1.01,760.0,0.0,320.0,0.0
199,2024-04-07 19:43:20,0.0,1.01,760.0,0.0,320.0,0.0
200,2024-04-07 19:43:20,0.0,1.01,760.0,0.0,320.0,0.0
201,2024-04-07 19:43:21,0.0,1.01,760.0,0.0,320.0,0.0
202,2024-04-07 19:43:21,0.0,1.01,760.0,0.0,320.0,0.0
203,2024-04-07 19:43:21,0.0,1.01,760.0,0.0,320.0,0.0
204,2024-04-07 19:43:22,0.0,1.01,760.0,0.0,320.0,0.0
205,2024-04-07 19:43:22,0.0,1.01,760.0,0.0,320.0,0.0
206,2024-04-07 19:43:22,0.0,1.01,760.0,0.0,320.0,0.0
207,2024-04-07 19:43:23,0.0,1.01,760.0,0.0,320.0,0.0
208,2024-04-07 19:43:23,0.0,1.01,760.0,0.0,320.0,0.0
209,2024-04-07 19:43:23,0.0,1.01,760.0,0.0,320.0,0.0
210,2024-04-07 19:43:23,0.0,1.01,760.0,0.0,320.0,0.0
211,2024-04-07 19:43:24,0.0,1.01,760.0,0.0,320.0,0.0
212,2024-04-07 19:43:24,0.0,1.01,760.0,0.0,320.0,0.0
213,2024-04-07 19:43:24,0.0,1.01,760.0,0.0,320.0,0.0
214,2024-04-07 19:43:25,0.0,1.01,760.0,0.0,320.0,0.0
215,2024-04-07 19:43:25,0.0,1.01,760.0,0.0,320.0,0.0
216,2024-04-07 19:43:25,0.0,1.01,760.0,0.0,320.0,0.0
217,2024-04-07 19:43:26,0.0,1.01,760.0,0.0,320.0,0.0
218,2024-04-07 19:43:26,0.0,1.01,760.0,0.0,320.0,0.0
219,2024-04-07 19:43:26,0.0,1.01,760.0,0.0,320.0,0.0
220,2024-04-07 19:43:26,0.0,1.01,760.0,0.0,320.0,0.0
221,2024-04-07 19:43:27,0.0,1.01,760.0,0.0,320.0,0.0
222,2024-04-07 19:43:27,0.0,1.01,760.0,0.0,320.0,0.0
223,2024-04-07 19:43:27,0.0,1.01,760.0,0.0,320.0,0.0
224,2024-04-07 19:43:28,0.0,1.01,760.0,0.0,320.0,0.0
225,2024-04-07 19:43:28,0.0,1.01,760.0,0.0,320.0,0.0
226,2024-04-07 19:43:28,0.0,1.01,760.0,0.0,320.0,0.0
227,2024-04-07 19:43:28,0.0,1.01,760.0,0.0,320.0,0.0
228,2024-04-07 19:43:29,0.0,1.01,760.0,0.0,320.0,0.0
229,2024-04-07 19:43:29,0.0,1.01,760.0,0.0,1.33,1.01
230,2024-04-07 19:43:29,0.0,1.01,760.0,0.0,1.33,1.01
231,2024-04-07 19:43:30,0.0,1.01,760.0,0.0,1.33,1.01
232,2024-04-07 19:43:30,0.0,1.01,760.0,0.0,1.33,1.01
233,2024-04-07 19:43:30,0.0,1.01,760.0,0.0,1.33,1.01
234,2024-04-07 19:43:31,0.0,1.01,760.0,0.0,1.33,1.01
235,2024-04-07 19:43:31,0.0,1.01,760.0,0.0,1.33,1.01
236,2024-04-07 19:43:31,0.0,1.01,760.0,0.0,1.33,1.01
237,2024-04-07 19:43:31,0.0,1.01,760.0,0.0,1.33,1.01
238,2024-04-07 19:43:32,0.0,1.01,760.0,0.0,1.33,1.01
239,2024-04-07 19:43:32,0.0,1.01,760.0,0.0,1.33,1.01
240,2024-04-07 19:43:32,0.0,1.01,760.0,0.0,1.33,1.01
241,2024-04-07 19:43:33,0.0,1.01,760.0,0.0,1.33,1.01
242,2024-04-07 19:43:33,0.0,1.01,760.0,0.0,1.33,1.01
243,2024-04-07 19:43:33,0.0,1.01,760.0,0.0,1.33,1.01
244,2024-04-07 19:43:33,0.0,1.01,760.0,0.0,1.33,1.01
245,2024-04-07 19:43:34,0.0,1.01,760.0,0.0,1.33,1.01
246,2024-04-07 19:43:34,0.0,1.01,760.0,0.0,1.33,1.01
247,2024-04-07 19:43:34,0.0,1.01,760.0,0.0,1.33,1.01
248,2024-04-07 19:43:35,0.0,1.01,760.0,0.0,1.33,1.01
249,2024-04-07 19:43:35,0.0,1.01,760.0,0.0,1.33,1.01
250,2024-04-07 19:43:35,0.0,1.01,760.0,0.0,1.33,1.01
251,2024-04-07 19:43:36,0.0,1.01,760.0,0.0,1.33,1.01
252,2024-04-07 19:43:36,0.0,1.01,760.0,0.0,1.33,1.01
253,2024-04-07 19:43:36,0.0,1.01,760.0,0.0,1.33,1.01
254,2024-04-07 19:43:36,0.0,1.01,760.0,0.0,1.33,1.01
255,2024-04-07 19:43:37,0.0,1.01,760.0,0.0,1.33,1.01
256,2024-04-07 19:43:37,0.0,1.01,760.0,0.0,1.33,1.01
257,2024-04-07 19:43:37,0.0,1.01,760.0,0.0,1.33,1.01
258,2024-04-07 19:43:38,0.0,1.01,760.0,0.0,1.33,1.01
259,2024-04-07 19:43:38,0.0,1.01,760.0,0.0,1.33,1.01
260,2024-04-07 19:43:38,0.0,1.01,760.0,0.0,1.33,1.01
261,2024-04-07 19:43:38,0.0,1.01,760.0,0.0,1.33,1.01
262,2024-04-07 19:43:39,0.0,1.01,760.0,0.0,1.33,1.01
263,2024-04-07 19:43:39,0.0,1.01,760.0,0.0,1.33,1.01
264,2024-04-07 19:43:39,0.0,1.01,760.0,0.0,1.33,1.01
265,2024-04-07 19:43:40,0.0,1.01,760.0,0.0,1.33,1.01
266,2024-04-07 19:43:40,0.0,1.01,760.0,0.0,1.33,1.01
267,2024-04-07 19:43:40,0.0,1.01,760.0,0.0,1.33,1.01
268,2024-04-07 19:43:41,0.0,1.01,760.0,0.0,1.33,1.01
269,2024-04-07 19:43:41,0.0,1.01,760.0,0.0,1.33,1.01
270,2024-04-07 19:43:41,0.0,1.01,760.0,0.0,1.33,1.01
271,2024-04-07 19:43:41,0.0,1.01,760.0,0.0,1.33,1.01
272,2024-04-07 19:43:42,0.0,1.01,760.0,0.0,1.33,1.01
273,2024-04-07 19:43:42,0.0,1.01,760.0,0.0,1.33,1.01
274,2024-04-07 19:43:42,0.0,1.01,760.0,0.0,1.33,1.01
275,2024-04-07 19:43:43,0.0,1.01,760.0,0.0,1.33,1.01
276,2024-04-07 19:43:43,0.0,1.01,760.0,0.0,1.33,1.01
277,2024-04-07 19:43:43,0.0,1.01,760.0,0.0,1.33,1.01
278,2024-04-07 19:43:44,0.0,1.01,760.0,0.0,1.33,1.01
279,2024-04-07 19:43:44,0.0,1.01,760.0,0.0,1.33,1.01
280,2024-04-07 19:43:44,0.0,1.01,760.0,0.0,1.33,1.01
281,2024-04-07 19:43:44,0.0,1.01,760.0,0.0,1.33,1.01
282,2024-04-07 19:43:45,0.0,1.01,760.0,0.0,1.33,1.01
283,2024-04-07 19:43:45,0.0,1.01,760.0,0.0,1.33,1.01
284,2024-04-07 19:43:45,0.0,1.01,760.0,0.0,1.33,1.01
285,2024-04-07 19:43:46,0.0,1.01,760.0,0.0,1.33,1.01
286,2024-04-07 19:43:46,0.0,1.01,760.0,0.0,1.33,1.01
287,2024-04-07 19:43:46,0.0,1.01,760.0,0.0,1.33,1.01
288,2024-04-07 19:43:46,0.0,1.01,760.0,0.0,1.33,1.01
289,2024-04-07 19:43:47,0.0,1.01,760.0,0.0,1.33,1.01
290,2024-04-07 19:43:47,0.0,1.01,760.0,0.0,1.33,1.01
291,2024-04-07 19:43:47,0.0,1.01,760.0,0.0,1.33,1.01
292,2024-04-07 19:43:48,0.0,1.01,760.0,0.0,1.33,1.01
293,2024-04-07 19:43:48,0.0,1.01,760.0,0.0,1.33,1.01
294,2024-04-07 19:43:48,0.0,1.01,760.0,0.0,1.33,1.01
295,2024-04-07 19:43:49,0.0,1.01,760.0,0.0,1.33,1.01
296,2024-04-07 19:43:49,0.0,1.01,760.0,0.0,1.33,1.01
297,2024-04-07 19:43:49,0.0,1.01,760.0,0.0,1.33,1.01
298,2024-04-07 19:43:49,0.0,1.01,760.0,0.0,1.33,1.01
299,2024-04-07 19:43:50,0.0,1.01,760.0,0.0,1.33,1.01
300,2024-04-07 19:43:50,0.0,1.01,760.0,0.0,100.0,1.01
301,2024-04-07 19:43:50,0.0,1.01,760.0,0.0,100.0,1.01
302,2024-04-07 19:43:51,0.0,1.01,760.0,0.0,100.0,1.01
303,2024-04-07 19:43:51,0.0,1.01,760.0,0.0,100.0,1.01
304,2024-04-07 19:43:51,0.0,1.01,760.0,0.0,100.0,1.01
305,2024-04-07 19:43:51,0.0,1.01,760.0,0.0,100.0,1.01
306,2024-04-07 19:43:52,0.0,1.01,760.0,0.0,100.0,1.01
307,2024-04-07 19:43:52,0.0,1.01,760.0,0.0,100.0,1.01
308,2024-04-07 19:43:52,0.0,1.01,760.0,0.0,100.0,1.01
309,2024-04-07 19:43:53,0.0,1.01,760.0,0.0,1000.0,0.0
310,2024-04-07 19:43:53,0.0,1.01,760.0,0.0,1000.0,0.0
311,2024-04-07 19:43:53,0.0,1.01,760.0,0.0,1000.0,0.0
312,2024-04-07 19:43:54,0.0,1.01,760.0,0.0,1000.0,0.0
313,2024-04-07 19:43:54,0.0,1.01,760.0,0.0,1000.0,0.0
314,2024-04-07 19:43:54,0.0,1.01,760.0,0.0,1000.0,0.0
315,2024-04-07 19:43:54,0.0,1.01,760.0,0.0,1000.0,0.0
316,2024-04-07 19:43:55,0.0,1.01,760.0,0.0,1000.0,0.0
317,2024-04-07 19:43:55,0.0,1.01,760.0,0.0,1000.0,0.0
318,2024-04-07 19:43:55,0.0,1.01,760.0,0.0,1000.0,0.0
319,2024-04-07 19:43:56,0.0,1.01,760.0,0.0,1000.0,0.0
320,2024-04-07 19:43:56,0.0,1.01,760.0,0.0,1000.0,0.0
321,2024-04-07 19:43:56,0.0,1.01,760.0,0.0,1000.0,0.0
322,2024-04-07 19:43:56,0.0,1.01,760.0,0.0,1000.0,0.0
323,2024-04-07 19:43:57,0.0,1.01,760.0,0.0,1000.0,0.0
324,2024-04-07 19:43:57,0.0,1.01,760.0,0.0,1000.0,0.0
325,2024-04-07 19:43:57,0.0,1.01,760.0,0.0,1000.0,0.0
326,2024-04-07 19:43:58,0.0,1.01,760.0,0.0,1000.0,0.0
327,2024-04-07 19:43:58,0.0,1.01,760.0,0.0,1000.0,0.0
328,2024-04-07 19:43:58,0.0,1.01,760.0,0.0,1000.0,0.0
329,2024-04-07 19:43:59,0.0,1.01,760.0,0.0,1000.0,0.0
330,2024-04-07 19:43:59,0.0,1.01,760.0,0.0,1000.0,0.0
331,2024-04-07 19:43:59,0.0,1.01,760.0,0.0,1000.0,0.0
332,2024-04-07 19:43:59,0.0,1.01,760.0,0.0,1000.0,0.0
333,2024-04-07 19:44:00,0.0,1.01,760.0,0.0,1000.0,0.0
334,2024-04-07 19:44:00,0.0,1.01,760.0,0.0,1000.0,0.0
335,2024-04-07 19:44:00,0.0,1.01,760.0,0.0,1000.0,0.0
336,2024-04-07 19:44:01,0.0,1.01,760.0,0.0,1000.0,0.0
337,2024-04-07 19:44:01,0.0,1.01,760.0,0.0,1000.0,0.0
338,2024-04-07 19:44:01,0.0,1.01,760.0,0.0,1000.0,0.0
339,2024-04-07 19:44:02,0.0,1.01,760.0,0.0,1000.0,0.0
340,2024-04-07 19:44:02,0.0,1.01,760.0,0.0,1000.0,0.0
341,2024-04-07 19:44:02,0.0,1.01,760.0,0.0,1000.0,0.0
342,2024-04-07 19:44:02,0.0,1.01,760.0,0.0,1000.0,0.0
343,2024-04-07 19:44:03,0.0,1.01,760.0,0.0,1000.0,0.0
344,2024-04-07 19:44:03,0.0,1.01,760.0,0.0,1000.0,0.0
345,2024-04-07 19:44:03,0.0,1.01,760.0,0.0,1000.0,0.0
346,2024-04-07 19:44:04,0.0,1.01,760.0,0.0,1000.0,0.0
347,2024-04-07 19:44:04,0.0,1.01,760.0,0.0,1000.0,0.0
348,2024-04-07 19:44:04,0.0,1.01,760.0,0.0,1000.0,0.0
349,2024-04-07 19:44:04,0.0,1.01,760.0,0.0,1000.0,0.0
350,2024-04-07 19:44:05,0.0,1.01,760.0,0.0,1000.0,0.0
351,2024-04-07 19:44:05,0.0,1.01,760.0,0.0,1000.0,0.0
352,2024-04-07 19:44:05,0.0,1.01,760.0,0.0,1000.0,0.0
353,2024-04-07 19:44:06,0.0,1.01,760.0,0.0,1000.0,0.0
354,2024-04-07 19:44:06,0.0,1.01,760.0,0.0,1000.0,0.0
355,2024-04-07 19:44:06,0.0,1.01,760.0,0.0,1000.0,0.0
356,2024-04-07 19:44:07,0.0,1.01,760.0,0.0,1000.0,0.0
357,2024-04-07 19:44:07,0.0,1.01,760.0,0.0,1000.0,0.0
358,2024-04-07 19:44:07,0.0,1.01,760.0,0.0,1000.0,0.0
359,2024-04-07 19:44:07,0.0,1.01,760.0,0.0,1000.0,0.0
360,2024-04-07 19:44:08,0.0,1.01,760.0,0.0,1000.0,0.0
361,2024-04-07 19:44:08,0.0,1.01,760.0,0.0,1000.0,0.0
362,2024-04-07 19:44:08,0.0,1.01,760.0,0.0,1000.0,0.0
363,2024-04-07 19:44:09,0.0,1.01,760.0,0.0,1000.0,0.0
364,2024-04-07 19:44:09,0.0,1.01,760.0,0.0,1000.0,0.0
365,2024-04-07 19:44:09,0.0,1.01,760.0,0.0,1000.0,0.0
366,2024-04-07 19:44:09,0.0,1.01,760.0,0.0,1000.0,0.0
367,2024-04-07 19:44:10,0.0,1.01,760.0,0.0,1000.0,0.0
368,2024-04-07 19:44:10,0.0,1.01,760.0,0.0,1000.0,0.0
369,2024-04-07 19:44:10,0.0,1.01,760.0,0.0,1000.0,0.0
370,2024-04-07 19:44:11,0.0,1.01,760.0,0.0,1000.0,0.0
371,2024-04-07 19:44:11,0.0,1.01,760.0,0.0,1000.0,0.0
372,2024-04-07 19:44:11,0.0,1.01,760.0,0.0,1000.0,0.0
373,2024-04-07 19:44:12,0.0,1.01,760.0,0.0,1000.0,0.0
374,2024-04-07 19:44:12,0.0,1.01,760.0,0.0,1000.0,0.0
375,2024-04-07 19:44:12,0.0,1.01,760.0,0.0,1000.0,0.0
376,2024-04-07 19:44:12,0.0,1.01,760.0,0.0,1000.0,0.0
377,2024-04-07 19:44:13,0.0,1.01,760.0,0.0,1000.0,0.0
378,2024-04-07 19:44:13,0.0,1.01,760.0,0.0,1000.0,0.0
379,2024-04-07 19:44:13,0.0,1.01,760.0,0.0,1000.0,0.0
380,2024-04-07 19:44:14,0.0,1.01,760.0,0.0,1000.0,0.0
381,2024-04-07 19:44:14,0.0,1.01,760.0,0.0,1000.0,0.0
382,2024-04-07 19:44:14,0.0,1.01,760.0,0.0,1000.0,0.0
383,2024-04-07 19:44:14,0.0,1.01,760.0,0.0,1000.0,0.0
384,2024-04-07 19:44:15,0.0,1.01,760.0,0.0,1000.0,0.0
385,2024-04-07 19:44:15,0.0,1.01,760.0,0.0,1000.0,0.0
386,2024-04-07 19:44:15,0.0,1.01,760.0,0.0,1000.0,0.0
387,2024-04-07 19:44:16,0.0,1.01,760.0,0.0,1000.0,0.0
388,2024-04-07 19:44:16,0.0,1.01,760.0,0.0,1000.0,0.0
389,2024-04-07 19:44:16,0.0,1.01,760.0,0.0,1000.0,0.0
390,2024-04-07 19:44:17,0.0,1.01,760.0,0.0,1000.0,0.0
391,2024-04-07 19:44:17,0.0,1.01,760.0,0.0,1000.0,0.0
392,2024-04-07 19:44:17,0.0,1.01,760.0,0.0,1000.0,0.0
393,2024-04-07 19:44:17,0.0,1.01,760.0,0.0,1000.0,0.0
394,2024-04-07 19:44:18,0.0,1.01,760.0,0.0,1000.0,0.0
395,2024-04-07 19:44:18,0.0,1.01,760.0,0.0,1000.0,0.0
396,2024-04-07 19:44:18,0.0,1.01,760.0,0.0,1000.0,0.0
397,2024-04-07 19:44:19,0.0,1.01,760.0,0.0,1000.0,0.0
398,2024-04-07 19:44:19,0.0,1.01,760.0,0.0,1000.0,0.0
399,2024-04-07 19:44:19,0.0,1.01,760.0,0.0,1000.0,0.0
400,2024-04-07 19:44:20,0.0,1.01,760.0,0.0,1000.0,0.0
401,2024-04-07 19:44:20,0.0,1.01,760.0,0.0,1000.0,0.0
402,2024-04-07 19:44:20,0.0,1.01,760.0,0.0,1000.0,0.0
403,2024-04-07 19:44:20,0.0,1.01,760.0,0.0,1000.0,0.0
404,2024-04-07 19:44:21,0.0,1.01,760.0,0.0,1000.0,0.0
405,2024-04-07 19:44:21,0.0,1.01,760.0,0.0,1000.0,0.0
406,2024-04-07 19:44:21,0.0,1.01,760.0,0.0,1000.0,0.0
407,2024-04-07 19:44:22,0.0,1.01,760.0,0.0,1000.0,0.0
408,2024-04-07 19:44:22,0.0,1.01,760.0,0.0,1000.0,0.0
409,2024-04-07 19:44:22,0.0,1.01,760.0,0.0,1000.0,0.0
410,2024-04-07 19:44:22,0.0,1.01,760.0,0.0,1000.0,0.0
411,2024-04-07 19:44:23,0.0,1.01,760.0,0.0,1000.0,0.0
412,2024-04-07 19:44:23,0.0,1.01,760.0,0.0,1000.0,0.0
413,2024-04-07 19:44:23,0.0,1.01,760.0,0.0,1000.0,0.0
414,2024-04-07 19:44:24,0.0,1.01,760.0,0.0,1000.0,0.0
415,2024-04-07 19:44:24,0.0,1.01,760.0,0.0,1000.0,0.0
416,2024-04-07 19:44:24,0.0,1.01,760.0,0.0,1000.0,0.0
417,2024-04-07 19:44:25,0.0,1.01,760.0,0.0,1000.0,0.0
418,2024-04-07 19:44:25,0.0,1.01,760.0,0.0,1000.0,0.0
419,2024-04-07 19:44:25,0.0,1.01,760.0,0.0,1000.0,0.0
420,2024-04-07 19:44:25,0.0,1.01,760.0,0.0,1000.0,0.0
421,2024-04-07 19:44:26,0.0,1.01,760.0,0.0,1000.0,0.0
422,2024-04-07 19:44:26,0.0,1.01,760.0,0.0,1000.0,0.0
423,2024-04-07 19:44:26,0.0,1.01,760.0,0.0,1000.0,0.0
424,2024-04-07 19:44:27,0.0,1.01,760.0,0.0,1000.0,0.0
425,2024-04-07 19:44:27,0.0,1.01,760.0,0.0,1000.0,0.0
426,2024-04-07 19:44:27,0.0,1.01,760.0,0.0,1000.0,0.0
427,2024-04-07 19:44:27,0.0,1.01,760.0,0.0,1000.0,0.0
428,2024-04-07 19:44:28,0.0,1.01,760.0,0.0,1000.0,0.0
429,2024-04-07 19:44:28,0.0,1.01,760.0,0.0,1000.0,0.0
430,2024-04-07 19:44:28,0.0,1.01,760.0,0.0,1000.0,0.0
431,2024-04-07 19:44:29,0.0,1.01,760.0,0.0,1000.0,0.0
432,2024-04-07 19:44:29,0.0,1.01,760.0,0.0,1000.0,0.0
433,2024-04-07 19:44:29,0.0,1.01,760.0,0.0,1000.0,0.0
434,2024-04-07 19:44:30,0.0,1.01,760.0,0.0,1000.0,0.0
435,2024-04-07 19:44:30,0.0,1.01,760.0,0.0,1000.0,0.0
436,2024-04-07 19:44:30,0.0,1.01,760.0,0.0,1000.0,0.0
437,2024-04-07 19:44:30,0.0,1.01,760.0,0.0,1000.0,0.0
438,2024-04-07 19:44:31,0.0,1.01,760.0,0.0,1000.0,0.0
439,2024-04-07 19:44:31,0.0,1.01,760.0,0.0,1000.0,0.0
440,2024-04-07 19:44:31,0.0,1.01,760.0,0.0,1000.0,0.0
441,2024-04-07 19:44:32,0.0,1.01,760.0,0.0,1000.0,0.0
442,2024-04-07 19:44:32,0.0,1.01,760.0,0.0,1000.0,0.0
443,2024-04-07 19:44:32,0.0,1.01,760.0,0.0,1000.0,0.0
444,2024-04-07 19:44:32,0.0,1.01,760.0,0.0,1000.0,0.0
445,2024-04-07 19:44:33,0.0,1.01,760.0,0.0,1000.0,0.0
446,2024-04-07 19:44:33,0.0,1.01,760.0,0.0,1000.0,0.0
447,2024-04-07 19:44:33,0.0,1.01,760.0,0.0,1000.0,0.0
448,2024-04-07 19:44:34,0.0,1.01,760.0,0.0,1000.0,0.0
449,2024-04-07 19:44:34,0.0,1.01,760.0,0.0,1000.0,0.0
450,2024-04-07 19:44:34,0.0,1.01,760.0,0.0,1000.0,0.0
451,2024-04-07 19:44:35,0.0,1.01,760.0,0.0,1000.0,0.0
452,2024-04-07 19:44:35,0.0,1.01,760.0,0.0,1000.0,0.0
453,2024-04-07 19:44:35,0.0,1.01,760.0,0.0,1000.0,0.0
454,2024-04-07 19:44:35,0.0,1.01,760.0,0.0,1000.0,0.0
455,2024-04-07 19:44:36,0.0,1.01,760.0,0.0,1000.0,0.0
456,2024-04-07 19:44:36,0.0,1.01,760.0,0.0,1000.0,0.0
457,2024-04-07 19:44:36,0.0,1.01,760.0,0.0,1000.0,0.0
458,2024-04-07 19:44:37,0.0,1.01,760.0,0.0,1000.0,0.0
459,2024-04-07 19:44:37,0.0,1.01,760.0,0.0,1000.0,0.0
460,2024-04-07 19:44:37,0.0,1.01,760.0,0.0,1000.0,0.0
461,2024-04-07 19:44:37,0.0,1.01,760.0,0.0,1000.0,0.0
462,2024-04-07 19:44:38,0.0,1.01,760.0,0.0,1000.0,0.0
463,2024-04-07 19:44:38,0.0,1.01,760.0,0.0,1000.0,0.0
464,2024-04-07 19:44:38,0.0,1.01,760.0,0.0,1000.0,0.0
465,2024-04-07 19:44:39,0.0,1.01,760.0,0.0,1000.0,0.0
466,2024-04-07 19:44:39,0.0,1.01,760.0,0.0,1000.0,0.0
467,2024-04-07 19:44:39,0.0,1.01,760.0,0.0,1000.0,0.0
468,2024-04-07 19:44:40,0.0,1.01,760.0,0.0,1000.0,0.0
469,2024-04-07 19:44:40,0.0,1.01,760.0,0.0,1000.0,0.0
470,2024-04-07 19:44:40,0.0,1.01,760.0,0.0,1000.0,0.0
471,2024-04-07 19:44:40,0.0,1.01,760.0,0.0,1000.0,0.0
472,2024-04-07 19:44:41,0.0,1.01,760.0,0.0,1000.0,0.0
473,2024-04-07 19:44:41,0.0,1.01,760.0,0.0,1000.0,0.0
474,2024-04-07 19:44:41,0.0,1.01,760.0,0.0,1000.0,0.0
475,2024-04-07 19:44:42,0.0,1.01,760.0,0.0,1000.0,0.0
476,2024-04-07 19:44:42,0.0,1.01,760.0,0.0,1000.0,0.0
477,2024-04-07 19:44:42,0.0,1.01,760.0,0.0,1000.0,0.0
478,2024-04-07 19:44:42,0.0,1.01,760.0,0.0,1000.0,0.0
479,2024-04-07 19:44:43,0.0,1.01,760.0,0.0,1000.0,0.0
480,2024-04-07 19:44:43,0.0,1.01,760.0,0.0,1000.0,0.0
481,2024-04-07 19:44:43,0.0,1.01,760.0,0.0,1000.0,0.0
482,2024-04-07 19:44:44,0.0,1.01,760.0,0.0,1000.0,0.0
483,2024-04-07 19:44:44,0.0,1.01,760.0,0.0,1000.0,0.0
484,2024-04-07 19:44:44,0.0,1.01,760.0,0.0,1000.0,0.0
485,2024-04-07 19:44:45,0.0,1.01,760.0,0.0,1000.0,0.0
486,2024-04-07 19:44:45,0.0,1.01,760.0,0.0,1000.0,0.0
487,2024-04-07 19:44:45,0.0,1.01,760.0,0.0,1000.0,0.0
488,2024-04-07 19:44:45,0.0,1.01,760.0,0.0,1000.0,0.0
489,2024-04-07 19:44:46,0.0,1.01,760.0,0.0,1000.0,0.0
490,2024-04-07 19:44:46,0.0,1.01,760.0,0.0,1000.0,0.0
491,2024-04-07 19:44:46,0.0,1.01,760.0,0.0,1000.0,0.0
492,2024-04-07 19:44:47,0.0,1.01,760.0,0.0,1000.0,0.0
493,2024-04-07 19:44:47,0.0,1.01,760.0,0.0,1000.0,0.0
494,2024-04-07 19:44:47,0.0,1.01,760.0,0.0,1000.0,0.0
495,2024-04-07 19:44:47,0.0,1.01,760.0,0.0,1000.0,0.0
496,2024-04-07 19:44:48,0.0,1.01,760.0,0.0,1000.0,0.0
497,2024-04-07 19:44:48,0.0,1.01,760.0,0.0,1000.0,0.0
498,2024-04-07 19:44:48,0.0,1.01,760.0,0.0,1000.0,0.0
499,2024-04-07 19:44:49,0.0,1.01,760.0,0.0,1000.0,0.0
500,2024-04-07 19:44:49,0.0,1.01,760.0,0.0,1000.0,0.0
501,2024-04-07 19:44:49,0.0,1.01,760.0,0.0,1000.0,0.0
502,2024-04-07 19:44:50,0.0,1.01,760.0,0.0,1000.0,0.0
503,2024-04-07 19:44:50,0.0,1.01,760.0,0.0,1000.0,0.0
504,2024-04-07 19:44:50,0.0,1.01,760.0,0.0,1000.0,0.0
505,2024-04-07 19:44:50,0.0,1.01,760.0,0.0,1000.0,0.0
506,2024-04-07 19:44:51,0.0,1.01,760.0,0.0,1000.0,0.0
507,2024-04-07 19:44:51,0.0,1.01,760.0,0.0,1000.0,0.0
508,2024-04-07 19:44:51,0.0,1.01,760.0,0.0,1000.0,0.0
509,2024-04-07 19:44:52,0.0,1.01,760.0,0.0,1000.0,0.0
510,2024-04-07 19:44:52,0.0,1.01,760.0,0.0,1000.0,0.0
511,2024-04-07 19:44:52,0.0,1.01,760.0,0.0,1000.0,0.0
512,2024-04-07 19:44:52,0.0,1.01,760.0,0.0,1000.0,0.0
513,2024-04-07 19:44:53,0.0,1.01,760.0,0.0,1000.0,0.0
514,2024-04-07 19:44:53,0.0,1.01,760.0,0.0,1000.0,0.0
515,2024-04-07 19:44:53,0.0,1.01,760.0,0.0,1000.0,0.0
516,2024-04-07 19:44:54,0.0,1.01,760.0,0.0,1000.0,0.0
517,2024-04-07 19:44:54,0.0,1.01,760.0,0.0,1000.0,0.0
518,2024-04-07 19:44:54,0.0,1.01,760.0,0.0,1000.0,0.0
519,2024-04-07 19:44:55,0.0,1.01,760.0,0.0,1000.0,0.0
520,2024-04-07 19:44:55,0.0,1.01,760.0,0.0,1000.0,0.0
521,2024-04-07 19:44:55,0.0,1.01,760.0,0.0,1000.0,0.0
522,2024-04-07 19:44:55,0.0,1.01,760.0,0.0,1000.0,0.0
523,2024-04-07 19:44:56,0.0,1.01,760.0,0.0,1000.0,0.0
524,2024-04-07 19:44:56,0.0,1.01,760.0,0.0,1000.0,0.0
525,2024-04-07 19:44:56,0.0,1.01,760.0,0.0,1000.0,0.0
526,2024-04-07 19:44:57,0.0,1.01,760.0,0.0,1000.0,0.0
527,2024-04-07 19:44:57,0.0,1.01,760.0,0.0,1000.0,0.0
528,2024-04-07 19:44:57,0.0,1.01,760.0,0.0,1000.0,0.0
529,2024-04-07 19:44:57,0.0,1.01,760.0,0.0,1000.0,0.0
530,2024-04-07 19:44:58,0.0,1.01,760.0,0.0,1000.0,0.0
531,2024-04-07 19:44:58,0.0,1.01,760.0,0.0,1000.0,0.0
532,2024-04-07 19:44:58,0.0,1.01,760.0,0.0,1000.0,0.0
533,2024-04-07 19:44:59,0.0,1.01,760.0,0.0,1000.0,0.0
534,2024-04-07 19:44:59,0.0,1.01,760.0,0.0,1000.0,0.0
535,2024-04-07 19:44:59,0.0,1.01,760.0,0.0,1000.0,0.0
536,2024-04-07 19:45:00,0.0,1.01,760.0,0.0,1000.0,0.0
537,2024-04-07 19:45:00,0.0,1.01,760.0,0.0,1000.0,0.0
538,2024-04-07 19:45:00,0.0,1.01,760.0,0.0,1000.0,0.0
539,2024-04-07 19:45:00,0.0,1.01,760.0,0.0,1000.0,0.0
540,2024-04-07 19:45:01,0.0,1.01,760.0,0.0,1000.0,0.0
541,2024-04-07 19:45:01,0.0,1.01,760.0,0.0,1000.0,0.0
542,2024-04-07 19:45:01,0.0,1.01,760.0,0.0,1000.0,0.0
543,2024-04-07 19:45:02,0.0,1.01,760.0,0.0,1000.0,0.0
544,2024-04-07 19:45:02,0.0,1.01,760.0,0.0,1000.0,0.0
545,2024-04-07 19:45:02,0.0,1.01,760.0,0.0,1000.0,0.0
546,2024-04-07 19:45:02,0.0,1.01,760.0,0.0,1000.0,0.0
547,2024-04-07 19:45:03,0.0,1.01,760.0,0.0,1000.0,0.0
548,2024-04-07 19:45:03,0.0,1.01,760.0,0.0,1000.0,0.0
549,2024-04-07 19:45:03,0.0,1.01,760.0,0.0,1000.0,0.0
550,2024-04-07 19:45:04,0.0,1.01,760.0,0.0,1000.0,0.0
551,2024-04-07 19:45:04,0.0,1.01,760.0,0.0,1000.0,0.0
552,2024-04-07 19:45:04,0.0,1.01,760.0,0.0,1000.0,0.0
553,2024-04-07 19:45:05,0.0,1.01,760.0,0.0,1000.0,0.0
554,2024-04-07 19:45:05,0.0,1.01,760.0,0.0,1000.0,0.0
555,2024-04-07 19:45:05,0.0,1.01,760.0,0.0,1000.0,0.0
556,2024-04-07 19:45:05,0.0,1.01,760.0,0.0,1000.0,0.0
557,2024-04-07 19:45:06,0.0,1.01,760.0,0.0,1000.0,0.0
558,2024-04-07 19:45:06,0.0,1.01,760.0,0.0,1000.0,0.0
559,2024-04-07 19:45:06,0.0,1.01,760.0,0.0,1000.0,0.0
560,2024-04-07 19:45:07,0.0,1.01,760.0,0.0,1000.0,0.0
561,2024-04-07 19:45:07,0.0,1.01,760.0,0.0,1000.0,0.0
562,2024-04-07 19:45:07,0.0,1.01,760.0,0.0,1000.0,0.0
563,2024-04-07 19:45:07,0.0,1.01,760.0,0.0,1000.0,0.0
564,2024-04-07 19:45:08,0.0,1.01,760.0,0.0,1000.0,0.0
565,2024-04-07 19:45:08,0.0,1.01,760.0,0.0,1000.0,0.0
566,2024-04-07 19:45:08,0.0,1.01,760.0,0.0,1000.0,0.0
567,2024-04-07 19:45:09,0.0,1.01,760.0,0.0,1000.0,0.0
568,2024-04-07 19:45:09,0.0,1.01,760.0,0.0,1000.0,0.0
569,2024-04-07 19:45:09,0.0,1.01,760.0,0.0,1000.0,0.0
570,2024-04-07 19:45:10,0.0,1.01,760.0,0.0,1000.0,0.0
571,2024-04-07 19:45:10,0.0,1.01,760.0,0.0,1000.0,0.0
572,2024-04-07 19:45:10,0.0,1.01,760.0,0.0,1000.0,0.0
573,2024-04-07 19:45:10,0.0,1.01,760.0,0.0,1000.0,0.0
574,2024-04-07 19:45:11,0.0,1.01,760.0,0.0,1000.0,0.0
575,2024-04-07 19:45:11,0.0,1.01,760.0,0.0,1000.0,0.0
576,2024-04-07 19:45:11,0.0,1.01,760.0,0.0,1000.0,0.0
577,2024-04-07 19:45:12,0.0,1.01,760.0,0.0,1000.0,0.0
578,2024-04-07 19:45:12,0.0,1.01,760.0,0.0,1000.0,0.0
579,2024-04-07 19:45:12,0.0,1.01,760.0,0.0,1000.0,0.0
580,2024-04-07 19:45:12,0.0,1.01,760.0,0.0,1000.0,0.0
581,2024-04-07 19:45:13,0.0,1.01,760.0,0.0,1000.0,0.0
582,2024-04-07 19:45:13,0.0,1.01,760.0,0.0,1000.0,0.0
583,2024-04-07 19:45:13,0.0,1.01,760.0,0.0,1000.0,0.0
584,2024-04-07 19:45:14,0.0,1.01,760.0,0.0,1000.0,0.0
585,2024-04-07 19:45:14,0.0,1.01,760.0,0.0,1000.0,0.0
586,2024-04-07 19:45:14,0.0,1.01,760.0,0.0,1000.0,0.0
587,2024-04-07 19:45:15,0.0,1.01,760.0,0.0,1000.0,0.0
588,2024-04-07 19:45:15,0.0,1.01,760.0,0.0,1000.0,0.0
589,2024-04-07 19:45:15,0.0,1.01,760.0,0.0,1000.0,0.0
590,2024-04-07 19:45:15,0.0,1.01,760.0,0.0,1000.0,0.0
591,2024-04-07 19:45:16,0.0,1.01,760.0,0.0,1000.0,0.0
592,2024-04-07 19:45:16,0.0,1.01,760.0,0.0,1000.0,0.0
593,2024-04-07 19:45:16,0.0,1.01,760.0,0.0,1000.0,0.0
594,2024-04-07 19:45:17,0.0,1.01,760.0,0.0,1000.0,0.0
595,2024-04-07 19:45:17,0.0,1.01,760.0,0.0,1000.0,0.0
596,2024-04-07 19:45:17,0.0,1.01,760.0,0.0,1000.0,0.0
597,2024-04-07 19:45:17,0.0,1.01,760.0,0.0,1000.0,0.0
598,2024-04-07 19:45:18,0.0,1.01,760.0,0.0,1000.0,0.0
599,2024-04-07 19:45:18,0.0,1.01,760.0,0.0,1000.0,0.0
600,2024-04-07 19:45:18,0.0,1.01,760.0,0.0,1000.0,0.0
601,2024-04-07 19:45:19,0.0,1.01,760.0,0.0,1000.0,0.0
602,2024-04-07 19:45:19,0.0,1.01,760.0,0.0,1000.0,0.0
603,2024-04-07 19:45:19,0.0,1.01,760.0,0.0,1000.0,0.0
604,2024-04-07 19:45:20,0.0,1.01,760.0,0.0,1000.0,0.0
605,2024-04-07 19:45:20,0.0,1.01,760.0,0.0,1000.0,0.0
606,2024-04-07 19:45:20,0.0,1.01,760.0,0.0,1000.0,0.0
607,2024-04-07 19:45:20,0.0,1.01,760.0,0.0,1000.0,0.0
608,2024-04-07 19:45:21,0.0,1.01,760.0,0.0,1000.0,0.0
609,2024-04-07 19:45:21,0.0,1.01,760.0,0.0,1000.0,0.0
610,2024-04-07 19:45:21,0.0,1.01,760.0,0.0,1000.0,0.0
611,2024-04-07 19:45:22,0.0,1.01,760.0,0.0,1000.0,0.0
612,2024-04-07 19:45:22,0.0,1.01,760.0,0.0,1000.0,0.0
613,2024-04-07 19:45:22,0.0,1.01,760.0,0.0,1000.0,0.0
614,2024-04-07 19:45:22,0.0,1.01,760.0,0.0,1000.0,0.0
615,2024-04-07 19:45:23,0.0,1.01,760.0,0.0,1000.0,0.0
616,2024-04-07 19:45:23,0.0,1.01,760.0,0.0,1000.0,0.0
617,2024-04-07 19:45:23,0.0,1.01,760.0,0.0,1000.0,0.0
618,2024-04-07 19:45:24,0.0,1.01,760.0,0.0,1000.0,0.0
619,2024-04-07 19:45:24,0.0,1.01,760.0,0.0,1000.0,0.0
620,2024-04-07 19:45:24,0.0,1.01,760.0,0.0,1000.0,0.0
621,2024-04-07 19:45:25,0.0,1.01,760.0,0.0,1000.0,0.0
622,2024-04-07 19:45:25,0.0,1.01,760.0,0.0,1000.0,0.0
623,2024-04-07 19:45:25,0.0,1.01,760.0,0.0,1000.0,0.0
624,2024-04-07 19:45:25,0.0,1.01,760.0,0.0,1000.0,0.0
625,2024-04-07 19:45:26,0.0,1.01,760.0,0.0,1000.0,0.0
626,2024-04-07 19:45:26,0.0,1.01,760.0,0.0,1000.0,0.0
627,2024-04-07 19:45:26,0.0,1.01,760.0,0.0,1000.0,0.0
628,2024-04-07 19:45:27,0.0,1.01,760.0,0.0,1000.0,0.0
629,2024-04-07 19:45:27,0.0,1.01,760.0,0.0,1000.0,0.0
630,2024-04-07 19:45:27,0.0,1.01,760.0,0.0,1000.0,0.0
631,2024-04-07 19:45:28,0.0,1.01,760.0,0.0,1000.0,0.0
632,2024-04-07 19:45:28,0.0,1.01,760.0,0.0,1000.0,0.0
633,2024-04-07 19:45:28,0.0,1.01,760.0,0.0,1000.0,0.0
634,2024-04-07 19:45:28,0.0,1.01,760.0,0.0,1000.0,0.0
635,2024-04-07 19:45:29,0.0,1.01,760.0,0.0,1000.0,0.0
636,2024-04-07 19:45:29,0.0,1.01,760.0,0.0,1000.0,0.0
637,2024-04-07 19:45:29,0.0,1.01,760.0,0.0,1000.0,0.0
638,2024-04-07 19:45:30,0.0,1.01,760.0,0.0,1000.0,0.0
639,2024-04-07 19:45:30,0.0,1.01,760.0,0.0,1000.0,0.0
640,2024-04-07 19:45:30,0.0,1.01,760.0,0.0,1000.0,0.0
641,2024-04-07 19:45:30,0.0,1.01,760.0,0.0,1000.0,0.0
642,2024-04-07 19:45:31,0.0,1.01,760.0,0.0,1000.0,0.0
643,2024-04-07 19:45:31,0.0,1.01,760.0,0.0,1000.0,0.0
644,2024-04-07 19:45:31,0.0,1.01,760.0,0.0,1000.0,0.0
645,2024-04-07 19:45:32,0.0,1.01,760.0,0.0,1000.0,0.0
646,2024-04-07 19:45:32,0.0,1.01,760.0,0.0,1000.0,0.0
647,2024-04-07 19:45:32,0.0,1.01,760.0,0.0,1000.0,0.0
648,2024-04-07 19:45:33,0.0,1.01,760.0,0.0,1000.0,0.0
649,2024-04-07 19:45:33,0.0,1.01,760.0,0.0,1000.0,0.0
650,2024-04-07 19:45:33,0.0,1.01,760.0,0.0,1000.0,0.0
651,2024-04-07 19:45:33,0.0,1.01,760.0,0.0,1000.0,0.0
652,2024-04-07 19:45:34,0.0,1.01,760.0,0.0,1000.0,0.0
653,2024-04-07 19:45:34,0.0,1.01,760.0,0.0,1000.0,0.0
654,2024-04-07 19:45:34,0.0,1.01,760.0,0.0,1000.0,0.0
655,2024-04-07 19:45:35,0.0,1.01,760.0,0.0,1000.0,0.0
656,2024-04-07 19:45:35,0.0,1.01,760.0,0.0,1000.0,0.0
657,2024-04-07 19:45:35,0.0,1.01,760.0,0.0,1000.0,0.0
658,2024-04-07 19:45:35,0.0,1.01,760.0,0.0,1000.0,0.0
659,2024-04-07 19:45:36,0.0,1.01,760.0,0.0,1000.0,0.0
660,2024-04-07 19:45:36,0.0,1.01,760.0,0.0,1000.0,0.0
661,2024-04-07 19:45:36,0.0,1.01,760.0,0.0,1000.0,0.0
662,2024-04-07 19:45:37,0.0,1.01,760.0,0.0,1000.0,0.0
663,2024-04-07 19:45:37,0.0,1.01,760.0,0.0,1000.0,0.0
664,2024-04-07 19:45:37,0.0,1.01,760.0,0.0,1000.0,0.0
665,2024-04-07 19:45:38,0.0,1.01,760.0,0.0,1000.0,0.0
666,2024-04-07 19:45:38,0.0,1.01,760.0,0.0,1000.0,0.0
667,2024-04-07 19:45:38,0.0,1.01,760.0,0.0,1000.0,0.0
668,2024-04-07 19:45:38,0.0,1.01,760.0,0.0,1000.0,0.0
669,2024-04-07 19:45:39,0.0,1.01,760.0,0.0,1000.0,0.0
670,2024-04-07 19:45:39,0.0,1.01,760.0,0.0,1000.0,0.0
671,2024-04-07 19:45:39,0.0,1.01,760.0,0.0,1000.0,0.0
672,2024-04-07 19:45:40,0.0,1.01,760.0,0.0,1000.0,0.0
673,2024-04-07 19:45:40,0.0,1.01,760.0,0.0,1000.0,0.0
674,2024-04-07 19:45:40,0.0,1.01,760.0,0.0,1000.0,0.0
675,2024-04-07 19:45:40,0.0,1.01,760.0,0.0,1000.0,0.0
676,2024-04-07 19:45:41,0.0,1.01,760.0,0.0,1000.0,0.0
677,2024-04-07 19:45:41,0.0,1.01,760.0,0.0,1000.0,0.0
678,2024-04-07 19:45:41,0.0,1.01,760.0,0.0,1000.0,0.0
679,2024-04-07 19:45:42,0.0,1.01,760.0,0.0,1000.0,0.0
680,2024-04-07 19:45:42,0.0,1.01,760.0,0.0,1000.0,0.0
681,2024-04-07 19:45:42,0.0,1.01,760.0,0.0,1000.0,0.0
682,2024-04-07 19:45:43,0.0,1.01,760.0,0.0,1000.0,0.0
683,2024-04-07 19:45:43,0.0,1.01,760.0,0.0,1000.0,0.0
684,2024-04-07 19:45:43,0.0,1.01,760.0,0.0,1000.0,0.0
685,2024-04-07 19:45:43,0.0,1.01,760.0,0.0,1000.0,0.0
686,2024-04-07 19:45:44,0.0,1.01,760.0,0.0,1000.0,0.0
687,2024-04-07 19:45:44,0.0,1.01,760.0,0.0,1000.0,0.0
688,2024-04-07 19:45:44,0.0,1.01,760.0,0.0,1000.0,0.0
689,2024-04-07 19:45:45,0.0,1.01,760.0,0.0,1000.0,0.0
690,2024-04-07 19:45:45,0.0,1.01,760.0,0.0,1000.0,0.0
691,2024-04-07 19:45:45,0.0,1.01,760.0,0.0,1000.0,0.0
692,2024-04-07 19:45:46,0.0,1.01,760.0,0.0,1000.0,0.0
693,2024-04-07 19:45:46,0.0,1.01,760.0,0.0,1000.0,0.0
694,2024-04-07 19:45:46,0.0,1.01,760.0,0.0,1000.0,0.0
695,2024-04-07 19:45:46,0.0,1.01,760.0,0.0,1000.0,0.0
696,2024-04-07 19:45:47,0.0,1.01,760.0,0.0,1000.0,0.0
697,2024-04-07 19:45:47,0.0,1.01,760.0,0.0,1000.0,0.0
698,2024-04-07 19:45:47,0.0,1.01,760.0,0.0,1000.0,0.0
699,2024-04-07 19:45:48,0.0,1.01,760.0,0.0,1000.0,0.0
700,2024-04-07 19:45:48,0.0,1.01,760.0,0.0,1000.0,0.0
701,2024-04-07 19:45:48,0.0,1.01,760.0,0.0,1000.0,0.0
702,2024-04-07 19:45:49,0.0,1.01,760.0,0.0,1000.0,0.0
703,2024-04-07 19:45:49,0.0,1.01,760.0,0.0,1000.0,0.0
704,2024-04-07 19:45:49,0.0,1.01,760.0,0.0,1000.0,0.0
705,2024-04-07 19:45:49,0.0,1.01,760.0,0.0,1000.0,0.0
706,2024-04-07 19:45:50,0.0,1.01,760.0,0.0,1000.0,0.0
707,2024-04-07 19:45:50,0.0,1.01,760.0,0.0,1000.0,0.0
708,2024-04-07 19:45:50,0.0,1.01,760.0,0.0,1000.0,0.0
709,2024-04-07 19:45:51,0.0,1.01,760.0,0.0,1000.0,0.0
710,2024-04-07 19:45:51,0.0,1.01,760.0,0.0,1000.0,0.0
711,2024-04-07 19:45:51,0.0,1.01,760.0,0.0,1000.0,0.0
712,2024-04-07 19:45:52,0.0,1.01,760.0,0.0,1000.0,0.0
713,2024-04-07 19:45:52,0.0,1.01,760.0,0.0,1.33,1.01
714,2024-04-07 19:45:52,0.0,1.01,760.0,0.0,1.33,1.01
715,2024-04-07 19:45:52,0.0,1.01,760.0,0.0,1.33,1.01
716,2024-04-07 19:45:53,0.0,1.01,760.0,0.0,1.33,1.01
717,2024-04-07 19:45:53,0.0,1.01,760.0,0.0,1.33,1.01
718,2024-04-07 19:45:53,0.0,1.01,760.0,0.0,1.33,1.01
719,2024-04-07 19:45:54,0.0,1.01,760.0,0.0,1.33,1.01
720,2024-04-07 19:45:54,0.0,1.01,760.0,0.0,1.33,1.01
721,2024-04-07 19:45:54,0.0,1.01,760.0,0.0,1.33,1.01
722,2024-04-07 19:45:54,0.0,1.01,760.0,0.0,1.33,1.01
723,2024-04-07 19:45:55,0.0,1.01,760.0,0.0,1.33,1.01
724,2024-04-07 19:45:55,0.0,1.01,760.0,0.0,1.33,1.01
725,2024-04-07 19:45:55,0.0,1.01,760.0,0.0,1.33,1.01
726,2024-04-07 19:45:56,0.0,1.01,760.0,0.0,1.33,1.01
727,2024-04-07 19:45:56,0.0,1.01,760.0,0.0,1.33,1.01
728,2024-04-07 19:45:56,0.0,1.01,760.0,0.0,1.33,1.01
729,2024-04-07 19:45:57,0.0,1.01,760.0,0.0,1.33,1.01
730,2024-04-07 19:45:57,0.0,1.01,760.0,0.0,1.33,1.01
731,2024-04-07 19:45:57,0.0,1.01,760.0,0.0,1.33,1.01
732,2024-04-07 19:45:57,0.0,1.01,760.0,0.0,1.33,1.01
733,2024-04-07 19:45:58,0.0,1.01,760.0,0.0,1.33,1.01
734,2024-04-07 19:45:58,0.0,1.01,760.0,0.0,1.33,1.01
735,2024-04-07 19:45:58,0.0,1.01,760.0,0.0,1.33,1.01
736,2024-04-07 19:45:59,0.0,1.01,760.0,0.0,1.33,1.01
737,2024-04-07 19:45:59,0.0,1.01,760.0,0.0,1.33,1.01
738,2024-04-07 19:45:59,0.0,1.01,760.0,0.0,1.33,1.01
739,2024-04-07 19:45:59,0.0,1.01,760.0,0.0,1.33,1.01
740,2024-04-07 19:46:00,0.0,1.01,760.0,0.0,1.33,1.01
741,2024-04-07 19:46:00,0.0,1.01,760.0,0.0,1.33,1.01
742,2024-04-07 19:46:00,0.0,1.01,760.0,0.0,1.33,1.01
743,2024-04-07 19:46:01,0.0,1.01,760.0,0.0,1.33,1.01
744,2024-04-07 19:46:01,0.0,1.01,760.0,0.0,1.33,1.01
745,2024-04-07 19:46:01,0.0,1.01,760.0,0.0,1.33,1.01
746,2024-04-07 19:46:02,0.0,1.01,760.0,0.0,1.33,1.01
747,2024-04-07 19:46:02,0.0,1.01,760.0,0.0,1.33,1.01
748,2024-04-07 19:46:02,0.0,1.01,760.0,0.0,1.33,1.01
749,2024-04-07 19:46:02,0.0,1.01,760.0,0.0,1.33,1.01
750,2024-04-07 19:46:03,0.0,1.01,760.0,0.0,1.33,1.01
751,2024-04-07 19:46:03,0.0,1.01,760.0,0.0,1.33,1.01
752,2024-04-07 19:46:03,0.0,1.01,760.0,0.0,1.33,1.01
753,2024-04-07 19:46:04,0.0,1.01,760.0,0.0,1.33,1.01
754,2024-04-07 19:46:04,0.0,1.01,760.0,0.0,1.33,1.01
755,2024-04-07 19:46:04,0.0,1.01,760.0,0.0,1.33,1.01
756,2024-04-07 19:46:05,0.0,1.01,760.0,0.0,1.33,1.01
757,2024-04-07 19:46:05,0.0,1.01,760.0,0.0,1.33,1.01
758,2024-04-07 19:46:05,0.0,1.01,760.0,0.0,1.33,1.01
759,2024-04-07 19:46:05,0.0,1.01,760.0,0.0,1.33,1.01
760,2024-04-07 19:46:06,0.0,1.01,760.0,0.0,1.33,1.01
761,2024-04-07 19:46:06,0.0,1.01,760.0,0.0,1.33,1.01
762,2024-04-07 19:46:06,0.0,1.01,760.0,0.0,1.33,1.01
763,2024-04-07 19:46:07,0.0,1.01,760.0,0.0,1.33,1.01
764,2024-04-07 19:46:07,0.0,1.01,760.0,0.0,1.33,1.01
765,2024-04-07 19:46:07,0.0,1.01,760.0,0.0,1.33,1.01
766,2024-04-07 19:46:07,0.0,1.01,760.0,0.0,1.33,1.01
767,2024-04-07 19:46:08,0.0,1.01,760.0,0.0,1.33,1.01
768,2024-04-07 19:46:08,0.0,1.01,760.0,0.0,1.33,1.01
769,2024-04-07 19:46:08,0.0,1.01,760.0,0.0,1.33,1.01
770,2024-04-07 19:46:09,0.0,1.01,760.0,0.0,1.33,1.01
771,2024-04-07 19:46:09,0.0,1.01,760.0,0.0,1.33,1.01
772,2024-04-07 19:46:09,0.0,1.01,760.0,0.0,1.33,1.01
773,2024-04-07 19:46:10,0.0,1.01,760.0,0.0,1.33,1.01
774,2024-04-07 19:46:10,0.0,1.01,760.0,0.0,1.33,1.01
775,2024-04-07 19:46:10,0.0,1.01,760.0,0.0,1.33,1.01
776,2024-04-07 19:46:10,0.0,1.01,760.0,0.0,1.33,1.01
777,2024-04-07 19:46:11,0.0,1.01,760.0,0.0,1.33,1.01
778,2024-04-07 19:46:11,0.0,1.01,760.0,0.0,1.33,1.01
779,2024-04-07 19:46:11,0.0,1.01,760.0,0.0,1.33,1.01
780,2024-04-07 19:46:12,0.0,1.01,760.0,0.0,1.33,1.01
781,2024-04-07 19:46:12,0.0,1.01,760.0,0.0,1.33,1.01
782,2024-04-07 19:46:12,0.0,1.01,760.0,0.0,1.33,1.01
783,2024-04-07 19:46:13,0.0,1.01,760.0,0.0,1.33,1.01
784,2024-04-07 19:46:13,0.0,1.01,760.0,0.0,1.33,1.01
785,2024-04-07 19:46:13,0.0,1.01,760.0,0.0,1.33,1.01
786,2024-04-07 19:46:13,0.0,1.01,760.0,0.0,1.33,1.01
787,2024-04-07 19:46:14,0.0,1.01,760.0,0.0,1.33,1.01
788,2024-04-07 19:46:14,0.0,1.01,760.0,0.0,1.33,1.01
789,2024-04-07 19:46:14,0.0,1.01,760.0,0.0,1.33,1.01
790,2024-04-07 19:46:15,0.0,1.01,760.0,0.0,1.33,1.01
791,2024-04-07 19:46:15,0.0,1.01,760.0,0.0,1.33,1.01
792,2024-04-07 19:46:15,0.0,1.01,760.0,0.0,1.33,1.01
793,2024-04-07 19:46:15,0.0,1.01,760.0,0.0,1.33,1.01
794,2024-04-07 19:46:16,0.0,1.01,760.0,0.0,1.33,1.01
795,2024-04-07 19:46:16,0.0,1.01,760.0,0.0,1.33,1.01
796,2024-04-07 19:46:16,0.0,1.01,760.0,0.0,1.33,1.01
797,2024-04-07 19:46:17,0.0,1.01,760.0,0.0,1.33,1.01
798,2024-04-07 19:46:17,0.0,1.01,760.0,0.0,1.33,1.01
799,2024-04-07 19:46:17,0.0,1.01,760.0,0.0,1.33,1.01
800,2024-04-07 19:46:18,0.0,1.01,760.0,0.0,1.33,1.01
801,2024-04-07 19:46:18,0.0,1.01,760.0,0.0,1.33,1.01
802,2024-04-07 19:46:18,0.0,1.01,760.0,0.0,1000.0,0.0
803,2024-04-07 19:46:18,0.0,1.01,760.0,0.0,1000.0,0.0
804,2024-04-07 19:46:19,0.0,1.01,760.0,0.0,1000.0,0.0
805,2024-04-07 19:46:19,0.0,1.01,760.0,0.0,1000.0,0.0
806,2024-04-07 19:46:19,0.0,1.01,760.0,0.0,1000.0,0.0
807,2024-04-07 19:46:20,0.0,1.01,760.0,0.0,1000.0,0.0
808,2024-04-07 19:46:20,0.0,1.01,760.0,0.0,1000.0,0.0
809,2024-04-07 19:46:20,0.0,1.01,760.0,0.0,1000.0,0.0
810,2024-04-07 19:46:21,0.0,1.01,760.0,0.0,1000.0,0.0
811,2024-04-07 19:46:21,0.0,1.01,760.0,0.0,1000.0,0.0
812,2024-04-07 19:46:21,0.0,1.01,760.0,0.0,1000.0,0.0
813,2024-04-07 19:46:21,0.0,1.01,760.0,0.0,1000.0,0.0
814,2024-04-07 19:46:22,0.0,1.01,760.0,0.0,1000.0,0.0
815,2024-04-07 19:46:22,0.0,1.01,760.0,0.0,1000.0,0.0
816,2024-04-07 19:46:22,0.0,1.01,760.0,0.0,1000.0,0.0
817,2024-04-07 19:46:23,0.0,1.01,760.0,0.0,1000.0,0.0
818,2024-04-07 19:46:23,0.0,1.01,760.0,0.0,1000.0,0.0
819,2024-04-07 19:46:23,0.0,1.01,760.0,0.0,1000.0,0.0
820,2024-04-07 19:46:23,0.0,1.01,760.0,0.0,1000.0,0.0
821,2024-04-07 19:46:24,0.0,1.01,760.0,0.0,1000.0,0.0
822,2024-04-07 19:46:24,0.0,1.01,760.0,0.0,1000.0,0.0
823,2024-04-07 19:46:24,0.0,1.01,760.0,0.0,1000.0,0.0
824,2024-04-07 19:46:25,0.0,1.01,760.0,0.0,1000.0,0.0
825,2024-04-07 19:46:25,0.0,1.01,760.0,0.0,1000.0,0.0
826,2024-04-07 19:46:25,0.0,1.01,760.0,0.0,1000.0,0.0
827,2024-04-07 19:46:26,0.0,1.01,760.0,0.0,1000.0,0.0
828,2024-04-07 19:46:26,0.0,1.01,760.0,0.0,1000.0,0.0
829,2024-04-07 19:46:26,0.0,1.01,760.0,0.0,1000.0,0.0
830,2024-04-07 19:46:26,0.0,1.01,760.0,0.0,1000.0,0.0
831,2024-04-07 19:46:27,0.0,1.01,760.0,0.0,1000.0,0.0
832,2024-04-07 19:46:27,0.0,1.01,760.0,0.0,1000.0,0.0
833,2024-04-07 19:46:27,0.0,1.01,760.0,0.0,1000.0,0.0
834,2024-04-07 19:46:28,0.0,1.01,760.0,0.0,1000.0,0.0
835,2024-04-07 19:46:28,0.0,1.01,760.0,0.0,1000.0,0.0
836,2024-04-07 19:46:28,0.0,1.01,760.0,0.0,1000.0,0.0
837,2024-04-07 19:46:29,0.0,1.01,760.0,0.0,1000.0,0.0
838,2024-04-07 19:46:29,0.0,1.01,760.0,0.0,1000.0,0.0
839,2024-04-07 19:46:29,0.0,1.01,760.0,0.0,1000.0,0.0
840,2024-04-07 19:46:29,0.0,1.01,760.0,0.0,1000.0,0.0
841,2024-04-07 19:46:30,0.0,1.01,760.0,0.0,1000.0,0.0
842,2024-04-07 19:46:30,0.0,1.01,760.0,0.0,1000.0,0.0
843,2024-04-07 19:46:30,0.0,1.01,760.0,0.0,1000.0,0.0
844,2024-04-07 19:46:31,0.0,1.01,760.0,0.0,1000.0,0.0
845,2024-04-07 19:46:31,0.0,1.01,760.0,0.0,1000.0,0.0
846,2024-04-07 19:46:31,0.0,1.01,760.0,0.0,1000.0,0.0
847,2024-04-07 19:46:32,0.0,1.01,760.0,0.0,1000.0,0.0
848,2024-04-07 19:46:32,0.0,1.01,760.0,0.0,1000.0,0.0
849,2024-04-07 19:46:32,0.0,1.01,760.0,0.0,1000.0,0.0
850,2024-04-07 19:46:32,0.0,1.01,760.0,0.0,1000.0,0.0
851,2024-04-07 19:46:33,0.0,1.01,760.0,0.0,1000.0,0.0
852,2024-04-07 19:46:33,0.0,1.01,760.0,0.0,1000.0,0.0
853,2024-04-07 19:46:33,0.0,1.01,760.0,0.0,1000.0,0.0
854,2024-04-07 19:46:34,0.0,1.01,760.0,0.0,1000.0,0.0
855,2024-04-07 19:46:34,0.0,1.01,760.0,0.0,1000.0,0.0
856,2024-04-07 19:46:34,0.0,1.01,760.0,0.0,1000.0,0.0
857,2024-04-07 19:46:35,0.0,1.01,760.0,0.0,1000.0,0.0
858,2024-04-07 19:46:35,0.0,1.01,760.0,0.0,1000.0,0.0
859,2024-04-07 19:46:35,0.0,1.01,760.0,0.0,1000.0,0.0
860,2024-04-07 19:46:35,0.0,1.01,760.0,0.0,1000.0,0.0
861,2024-04-07 19:46:36,0.0,1.01,760.0,0.0,1000.0,0.0
862,2024-04-07 19:46:36,0.0,1.01,760.0,0.0,1000.0,0.0
863,2024-04-07 19:46:36,0.0,1.01,760.0,0.0,1000.0,0.0
864,2024-04-07 19:46:37,0.0,1.01,760.0,0.0,1000.0,0.0
865,2024-04-07 19:46:37,0.0,1.01,760.0,0.0,1000.0,0.0
866,2024-04-07 19:46:37,0.0,1.01,760.0,0.0,1000.0,0.0
867,2024-04-07 19:46:37,0.0,1.01,760.0,0.0,1000.0,0.0
868,2024-04-07 19:46:38,0.0,1.01,760.0,0.0,1000.0,0.0
869,2024-04-07 19:46:38,0.0,1.01,760.0,0.0,1000.0,0.0
870,2024-04-07 19:46:38,0.0,1.01,760.0,0.0,1000.0,0.0
871,2024-04-07 19:46:39,0.0,1.01,760.0,0.0,1000.0,0.0
872,2024-04-07 19:46:39,0.0,1.01,760.0,0.0,1000.0,0.0
873,2024-04-07 19:46:39,0.0,1.01,760.0,0.0,1000.0,0.0
874,2024-04-07 19:46:40,0.0,1.01,760.0,0.0,1000.0,0.0
875,2024-04-07 19:46:40,0.0,1.01,760.0,0.0,1000.0,0.0
876,2024-04-07 19:46:40,0.0,1.01,760.0,0.0,1000.0,0.0
877,2024-04-07 19:46:40,0.0,1.01,760.0,0.0,1000.0,0.0
878,2024-04-07 19:46:41,0.0,1.01,760.0,0.0,1000.0,0.0
879,2024-04-07 19:46:41,0.0,1.01,760.0,0.0,1000.0,0.0
880,2024-04-07 19:46:41,0.0,1.01,760.0,0.0,1000.0,0.0
881,2024-04-07 19:46:42,0.0,1.01,760.0,0.0,1000.0,0.0
882,2024-04-07 19:46:42,0.0,1.01,760.0,0.0,1000.0,0.0
883,2024-04-07 19:46:42,0.0,1.01,760.0,0.0,1000.0,0.0
884,2024-04-07 19:46:42,0.0,1.01,760.0,0.0,1000.0,0.0
885,2024-04-07 19:46:43,0.0,1.01,760.0,0.0,1000.0,0.0
886,2024-04-07 19:46:43,0.0,1.01,760.0,0.0,1000.0,0.0
887,2024-04-07 19:46:43,0.0,1.01,760.0,0.0,1000.0,0.0
888,2024-04-07 19:46:44,0.0,1.01,760.0,0.0,1000.0,0.0
889,2024-04-07 19:46:44,0.0,1.01,760.0,0.0,1000.0,0.0
890,2024-04-07 19:46:44,0.0,1.01,760.0,0.0,1000.0,0.0
891,2024-04-07 19:46:45,0.0,1.01,760.0,0.0,1000.0,0.0
892,2024-04-07 19:46:45,0.0,1.01,760.0,0.0,1000.0,0.0
893,2024-04-07 19:46:45,0.0,1.01,760.0,0.0,1000.0,0.0
894,2024-04-07 19:46:45,0.0,1.01,760.0,0.0,1000.0,0.0
895,2024-04-07 19:46:46,0.0,1.01,760.0,0.0,1000.0,0.0
896,2024-04-07 19:46:46,0.0,1.01,760.0,0.0,1000.0,0.0
897,2024-04-07 19:46:46,0.0,1.01,760.0,0.0,1000.0,0.0
898,2024-04-07 19:46:47,0.0,1.01,760.0,0.0,1000.0,0.0
899,2024-04-07 19:46:47,0.0,1.01,760.0,0.0,1000.0,0.0
900,2024-04-07 19:46:47,0.0,1.01,760.0,0.0,1000.0,0.0
901,2024-04-07 19:46:48,0.0,1.01,760.0,0.0,1000.0,0.0
902,2024-04-07 19:46:48,0.0,1.01,760.0,0.0,1000.0,0.0
903,2024-04-07 19:46:48,0.0,1.01,760.0,0.0,1000.0,0.0
904,2024-04-07 19:46:48,0.0,1.01,760.0,0.0,1000.0,0.0
905,2024-04-07 19:46:49,0.0,1.01,760.0,0.0,1000.0,0.0
906,2024-04-07 19:46:49,0.0,1.01,760.0,0.0,1000.0,0.0
907,2024-04-07 19:46:49,0.0,1.01,760.0,0.0,1000.0,0.0
908,2024-04-07 19:46:50,0.0,1.01,760.0,0.0,1000.0,0.0
909,2024-04-07 19:46:50,0.0,1.01,760.0,0.0,1000.0,0.0
910,2024-04-07 19:46:50,0.0,1.01,760.0,0.0,1000.0,0.0
911,2024-04-07 19:46:51,0.0,1.01,760.0,0.0,1000.0,0.0
912,2024-04-07 19:46:51,0.0,1.01,760.0,0.0,1000.0,0.0
913,2024-04-07 19:46:51,0.0,1.01,760.0,0.0,1000.0,0.0
914,2024-04-07 19:46:51,0.0,1.01,760.0,0.0,1000.0,0.0
915,2024-04-07 19:46:52,0.0,1.01,760.0,0.0,1000.0,0.0
916,2024-04-07 19:46:52,0.0,1.01,760.0,0.0,1000.0,0.0
917,2024-04-07 19:46:52,0.0,1.01,760.0,0.0,1000.0,0.0
918,2024-04-07 19:46:53,0.0,1.01,760.0,0.0,1000.0,0.0
919,2024-04-07 19:46:53,0.0,1.01,760.0,0.0,1000.0,0.0
920,2024-04-07 19:46:53,0.0,1.01,760.0,0.0,1000.0,0.0
921,2024-04-07 19:46:53,0.0,1.01,760.0,0.0,1000.0,0.0
922,2024-04-07 19:46:54,0.0,1.01,760.0,0.0,1000.0,0.0
923,2024-04-07 19:46:54,0.0,1.01,760.0,0.0,1000.0,0.0
924,2024-04-07 19:46:54,0.0,1.01,760.0,0.0,1000.0,0.0
925,2024-04-07 19:46:55,0.0,1.01,760.0,0.0,1000.0,0.0
926,2024-04-07 19:46:55,0.0,1.01,760.0,0.0,1000.0,0.0
927,2024-04-07 19:46:55,0.0,1.01,760.0,0.0,1000.0,0.0
928,2024-04-07 19:46:56,0.0,1.01,760.0,0.0,1000.0,0.0
929,2024-04-07 19:46:56,0.0,1.01,760.0,0.0,1000.0,0.0
930,2024-04-07 19:46:56,0.0,1.01,760.0,0.0,1000.0,0.0
931,2024-04-07 19:46:56,0.0,1.01,760.0,0.0,1000.0,0.0
932,2024-04-07 19:46:57,0.0,1.01,760.0,0.0,1000.0,0.0
933,2024-04-07 19:46:57,0.0,1.01,760.0,0.0,1000.0,0.0
934,2024-04-07 19:46:57,0.0,1.01,760.0,0.0,1000.0,0.0
935,2024-04-07 19:46:58,0.0,1.01,760.0,0.0,1000.0,0.0
936,2024-04-07 19:46:58,0.0,1.01,760.0,0.0,1000.0,0.0
937,2024-04-07 19:46:58,0.0,1.01,760.0,0.0,1000.0,0.0
938,2024-04-07 19:46:59,0.0,1.01,760.0,0.0,1000.0,0.0
939,2024-04-07 19:46:59,0.0,1.01,760.0,0.0,1000.0,0.0
940,2024-04-07 19:46:59,0.0,1.01,760.0,0.0,1000.0,0.0
941,2024-04-07 19:46:59,0.0,1.01,760.0,0.0,1000.0,0.0
942,2024-04-07 19:47:00,0.0,1.01,760.0,0.0,1000.0,0.0
943,2024-04-07 19:47:00,0.0,1.01,760.0,0.0,1000.0,0.0
944,2024-04-07 19:47:00,0.0,1.01,760.0,0.0,1000.0,0.0
945,2024-04-07 19:47:01,0.0,1.01,760.0,0.0,1000.0,0.0
946,2024-04-07 19:47:01,0.0,1.01,760.0,0.0,1000.0,0.0
947,2024-04-07 19:47:01,0.0,1.01,760.0,0.0,1000.0,0.0
948,2024-04-07 19:47:02,0.0,1.01,760.0,0.0,1000.0,0.0
949,2024-04-07 19:47:02,0.0,1.01,760.0,0.0,1000.0,0.0
950,2024-04-07 19:47:02,0.0,1.01,760.0,0.0,1000.0,0.0
951,2024-04-07 19:47:02,0.0,1.01,760.0,0.0,1000.0,0.0
952,2024-04-07 19:47:03,0.0,1.01,760.0,0.0,1000.0,0.0
953,2024-04-07 19:47:03,0.0,1.01,760.0,0.0,1000.0,0.0
954,2024-04-07 19:47:03,0.0,1.01,760.0,0.0,1000.0,0.0
955,2024-04-07 19:47:04,0.0,1.01,760.0,0.0,1000.0,0.0
956,2024-04-07 19:47:04,0.0,1.01,760.0,0.0,1000.0,0.0
957,2024-04-07 19:47:04,0.0,1.01,760.0,0.0,1000.0,0.0
958,2024-04-07 19:47:04,0.0,1.01,760.0,0.0,1000.0,0.0
959,2024-04-07 19:47:05,0.0,1.01,760.0,0.0,1000.0,0.0
960,2024-04-07 19:47:05,0.0,1.01,760.0,0.0,1000.0,0.0
961,2024-04-07 19:47:05,0.0,1.01,760.0,0.0,1000.0,0.0
962,2024-04-07 19:47:06,0.0,1.01,760.0,0.0,1000.0,0.0
963,2024-04-07 19:47:06,0.0,1.01,760.0,0.0,1000.0,0.0
964,2024-04-07 19:47:06,0.0,1.01,760.0,0.0,1000.0,0.0
965,2024-04-07 19:47:07,0.0,1.01,760.0,0.0,1000.0,0.0
966,2024-04-07 19:47:07,0.0,1.01,760.0,0.0,1000.0,0.0
967,2024-04-07 19:47:07,0.0,1.01,760.0,0.0,1000.0,0.0
968,2024-04-07 19:47:07,0.0,1.01,760.0,0.0,1000.0,0.0
969,2024-04-07 19:47:08,0.0,1.01,760.0,0.0,1000.0,0.0
970,2024-04-07 19:47:08,0.0,1.01,760.0,0.0,1000.0,0.0
971,2024-04-07 19:47:08,0.0,1.01,760.0,0.0,1000.0,0.0
972,2024-04-07 19:47:09,0.0,1.01,760.0,0.0,1000.0,0.0
973,2024-04-07 19:47:09,0.0,1.01,760.0,0.0,1000.0,0.0
974,2024-04-07 19:47:09,0.0,1.01,760.0,0.0,1000.0,0.0
975,2024-04-07 19:47:10,0.0,1.01,760.0,0.0,1000.0,0.0
976,2024-04-07 19:47:10,0.0,1.01,760.0,0.0,1000.0,0.0
977,2024-04-07 19:47:10,0.0,1.01,760.0,0.0,1000.0,0.0
978,2024-04-07 19:47:10,0.0,1.01,760.0,0.0,1000.0,0.0
979,2024-04-07 19:47:11,0.0,1.01,760.0,0.0,1000.0,0.0
980,2024-04-07 19:47:11,0.0,1.01,760.0,0.0,1000.0,0.0
981,2024-04-07 19:47:11,0.0,1.01,760.0,0.0,1000.0,0.0
982,2024-04-07 19:47:12,0.0,1.01,760.0,0.0,1000.0,0.0
983,2024-04-07 19:47:12,0.0,1.01,760.0,0.0,1000.0,0.0
984,2024-04-07 19:47:12,0.0,1.01,760.0,0.0,1000.0,0.0
985,2024-04-07 19:47:12,0.0,1.01,760.0,0.0,1000.0,0.0
986,2024-04-07 19:47:13,0.0,1.01,760.0,0.0,1000.0,0.0
987,2024-04-07 19:47:13,0.0,1.01,760.0,0.0,1000.0,0.0
988,2024-04-07 19:47:13,0.0,1.01,760.0,0.0,1000.0,0.0
989,2024-04-07 19:47:14,0.0,1.01,760.0,0.0,1000.0,0.0
990,2024-04-07 19:47:14,0.0,1.01,760.0,0.0,1000.0,0.0
991,2024-04-07 19:47:14,0.0,1.01,760.0,0.0,1000.0,0.0
992,2024-04-07 19:47:15,0.0,1.01,760.0,0.0,1000.0,0.0
993,2024-04-07 19:47:15,0.0,1.01,760.0,0.0,1000.0,0.0
994,2024-04-07 19:47:15,0.0,1.01,760.0,0.0,1000.0,0.0
995,2024-04-07 19:47:15,0.0,1.01,760.0,0.0,1000.0,0.0
996,2024-04-07 19:47:16,0.0,1.01,760.0,0.0,1000.0,0.0
997,2024-04-07 19:47:16,0.0,1.01,760.0,0.0,1000.0,0.0
998,2024-04-07 19:47:16,0.0,1.01,760.0,0.0,1000.0,0.0
999,2024-04-07 19:47:17,0.0,1.01,760.0,0.0,1000.0,0.0
1000,2024-04-07 19:47:17,0.0,1.01,760.0,0.0,1000.0,0.0
1001,2024-04-07 19:47:17,0.0,1.01,760.0,0.0,1000.0,0.0
1002,2024-04-07 19:47:18,0.0,1.01,760.0,0.0,1000.0,0.0
1003,2024-04-07 19:47:18,0.0,1.01,760.0,0.0,1000.0,0.0
1004,2024-04-07 19:47:18,0.0,1.01,760.0,0.0,1000.0,0.0
1005,2024-04-07 19:47:18,0.0,1.01,760.0,0.0,1000.0,0.0
1006,2024-04-07 19:47:19,0.0,1.01,760.0,0.0,1000.0,0.0
1007,2024-04-07 19:47:19,0.0,1.01,760.0,0.0,1000.0,0.0
1008,2024-04-07 19:47:19,0.0,1.01,760.0,0.0,1000.0,0.0
1009,2024-04-07 19:47:20,0.0,1.01,760.0,0.0,1000.0,0.0
1010,2024-04-07 19:47:20,0.0,1.01,760.0,0.0,1000.0,0.0
1011,2024-04-07 19:47:20,0.0,1.01,760.0,0.0,1000.0,0.0
1012,2024-04-07 19:47:21,0.0,1.01,760.0,0.0,1000.0,0.0
1013,2024-04-07 19:47:21,0.0,1.01,760.0,0.0,1000.0,0.0
1014,2024-04-07 19:47:21,0.0,1.01,760.0,0.0,1000.0,0.0
1015,2024-04-07 19:47:21,0.0,1.01,760.0,0.0,1000.0,0.0
1016,2024-04-07 19:47:22,0.0,1.01,760.0,0.0,1000.0,0.0
1017,2024-04-07 19:47:22,0.0,1.01,760.0,0.0,1000.0,0.0
1018,2024-04-07 19:47:22,0.0,1.01,760.0,0.0,1000.0,0.0
1019,2024-04-07 19:47:23,0.0,1.01,760.0,0.0,1000.0,0.0
1020,2024-04-07 19:47:23,0.0,1.01,760.0,0.0,1000.0,0.0
1021,2024-04-07 19:47:23,0.0,1.01,760.0,0.0,1000.0,0.0
1022,2024-04-07 19:47:24,0.0,1.01,760.0,0.0,1000.0,0.0
1023,2024-04-07 19:47:24,0.0,1.01,760.0,0.0,1000.0,0.0
1024,2024-04-07 19:47:24,0.0,1.01,760.0,0.0,1000.0,0.0
1025,2024-04-07 19:47:25,0.0,1.01,760.0,0.0,1000.0,0.0
1026,2024-04-07 19:47:25,0.0,1.01,760.0,0.0,1000.0,0.0
1027,2024-04-07 19:47:26,0.0,1.01,760.0,0.0,1000.0,0.0
1028,2024-04-07 19:47:26,0.0,1.01,760.0,0.0,1000.0,0.0
1029,2024-04-07 19:47:27,0.0,1.01,760.0,0.0,1000.0,0.0
1030,2024-04-07 19:47:27,0.0,1.01,760.0,0.0,1000.0,0.0
1031,2024-04-07 19:47:27,0.0,1.01,760.0,0.0,1000.0,0.0
1032,2024-04-07 19:47:28,0.0,1.01,760.0,0.0,1000.0,0.0
1033,2024-04-07 19:47:28,0.0,1.01,760.0,0.0,1000.0,0.0
1034,2024-04-07 19:47:28,0.0,1.01,760.0,0.0,1000.0,0.0
1035,2024-04-07 19:47:29,0.0,1.01,760.0,0.0,1000.0,0.0
1036,2024-04-07 19:47:29,0.0,1.01,760.0,0.0,1000.0,0.0
1037,2024-04-07 19:47:29,0.0,1.01,760.0,0.0,1000.0,0.0
1038,2024-04-07 19:47:30,0.0,1.01,760.0,0.0,1000.0,0.0
1039,2024-04-07 19:47:30,0.0,1.01,760.0,0.0,1000.0,0.0
1040,2024-04-07 19:47:30,0.0,1.01,760.0,0.0,1000.0,0.0
1041,2024-04-07 19:47:31,0.0,1.01,760.0,0.0,1000.0,0.0
1042,2024-04-07 19:47:31,0.0,1.01,760.0,0.0,1000.0,0.0
1043,2024-04-07 19:47:35,0.0,1.01,760.0,0.0,1000.0,0.0
1044,2024-04-07 19:47:39,0.0,1.01,760.0,0.0,100.0,1.01
1045,2024-04-07 19:47:42,0.0,1.01,760.0,0.0,100.0,1.01
1046,2024-04-07 19:47:46,0.0,1.01,760.0,0.0,100.0,1.01
1047,2024-04-07 19:47:49,0.0,1.01,760.0,0.0,100.0,1.01
1048,2024-04-07 19:47:51,0.0,1.01,760.0,0.0,100.0,1.01
1049,2024-04-07 19:47:55,0.0,1.01,760.0,0.0,540.0,0.0
1050,2024-04-07 19:47:59,0.0,1.01,760.0,0.0,540.0,0.0
1051,2024-04-07 19:48:02,0.0,1.01,760.0,0.0,540.0,0.0
1052,2024-04-07 19:48:05,0.0,1.01,760.0,0.0,540.0,0.0
1053,2024-04-07 19:48:08,0.0,1.01,760.0,0.0,540.0,0.0
1054,2024-04-07 19:48:12,0.0,1.01,760.0,0.0,540.0,0.0
1055,2024-04-07 19:48:16,0.0,1.01,760.0,0.0,540.0,0.0
1056,2024-04-07 19:48:19,0.0,1.01,760.0,0.0,540.0,0.0
1057,2024-04-07 19:48:22,0.0,1.01,760.0,0.0,540.0,0.0
1058,2024-04-07 19:48:26,0.0,1.01,760.0,0.0,540.0,0.0
1059,2024-04-07 19:48:29,0.0,1.01,760.0,0.0,540.0,0.0
1060,2024-04-07 19:48:32,0.0,1.01,760.0,0.0,540.0,0.0
1061,2024-04-07 19:48:36,0.0,1.01,760.0,0.0,540.0,0.0
1062,2024-04-07 19:48:39,0.0,1.01,760.0,0.0,540.0,0.0
1063,2024-04-07 19:48:43,0.0,1.01,760.0,0.0,1000.0,0.0
1064,2024-04-07 19:48:46,0.0,1.01,760.0,0.0,1000.0,0.0
1065,2024-04-07 19:48:50,0.0,1.01,760.0,0.0,1000.0,0.0
1066,2024-04-07 19:48:53,0.0,1.01,760.0,0.0,1000.0,0.0
1067,2024-04-07 19:48:57,0.0,1.01,760.0,0.0,1000.0,0.0
1068,2024-04-07 19:49:00,0.0,1.01,760.0,0.0,1000.0,0.0
1069,2024-04-07 19:49:04,0.0,1.01,760.0,0.0,1000.0,0.0
1070,2024-04-07 19:49:07,0.0,1.01,760.0,0.0,1000.0,0.0
1071,2024-04-07 19:49:11,0.0,1.01,760.0,0.0,1000.0,0.0
1072,2024-04-07 19:49:14,0.0,1.01,760.0,0.0,1000.0,0.0
1073,2024-04-07 19:49:17,0.0,1.01,760.0,0.0,1000.0,0.0
1074,2024-04-07 19:49:20,0.0,1.01,760.0,0.0,1000.0,0.0
1075,2024-04-07 19:49:24,0.0,1.01,760.0,0.0,1000.0,0.0
1076,2024-04-07 19:49:28,0.0,1.01,760.0,0.0,1000.0,0.0
1077,2024-04-07 19:49:31,0.0,1.01,760.0,0.0,1000.0,0.0
1078,2024-04-07 19:49:34,0.0,1.01,760.0,0.0,1000.0,0.0
1079,2024-04-07 19:49:37,0.0,1.01,760.0,0.0,1000.0,0.0
1080,2024-04-07 19:49:40,0.0,1.01,760.0,0.0,1000.0,0.0
1081,2024-04-07 19:49:44,0.0,1.01,760.0,0.0,1000.0,0.0
1082,2024-04-07 19:49:47,0.0,1.01,760.0,0.0,1000.0,0.0
1083,2024-04-07 19:49:50,0.0,1.01,760.0,0.0,1000.0,0.0
1084,2024-04-07 19:49:54,0.0,1.01,760.0,0.0,1000.0,0.0
1085,2024-04-07 19:49:57,0.0,1.01,760.0,0.0,1000.0,0.0
1086,2024-04-07 19:50:00,0.0,1.01,760.0,0.0,1000.0,0.0
1087,2024-04-07 19:50:04,0.0,1.01,760.0,0.0,1000.0,0.0
1088,2024-04-07 19:50:08,0.0,1.01,760.0,0.0,1000.0,0.0
1089,2024-04-07 19:50:11,0.0,1.01,760.0,0.0,1000.0,0.0
1090,2024-04-07 19:50:14,0.0,1.01,760.0,0.0,1000.0,0.0
1091,2024-04-07 19:50:18,0.0,1.01,760.0,0.0,1000.0,0.0
1092,2024-04-07 19:50:21,0.0,1.01,760.0,0.0,1000.0,0.0
1093,2024-04-07 19:50:25,0.0,1.01,760.0,0.0,1000.0,0.0
1094,2024-04-07 19:50:29,0.0,1.01,760.0,0.0,1000.0,0.0
1095,2024-04-07 19:50:32,0.0,1.01,760.0,0.0,1000.0,0.0
1096,2024-04-07 19:50:36,0.0,1.01,760.0,0.0,1.33,1.01
1097,2024-04-07 19:50:39,0.0,1.01,760.0,0.0,1.33,1.01
1098,2024-04-07 19:50:43,0.0,1.01,760.0,0.0,1.33,1.01
1099,2024-04-07 19:50:46,0.0,1.01,760.0,0.0,1000.0,0.0
1100,2024-04-07 19:50:49,0.0,1.01,760.0,0.0,1000.0,0.0
1101,2024-04-07 19:50:53,0.0,1.01,760.0,0.0,1000.0,0.0
1102,2024-04-07 19:50:56,0.0,1.01,760.0,0.0,1000.0,0.0
1103,2024-04-07 19:50:59,0.0,1.01,760.0,0.0,1000.0,0.0
1104,2024-04-07 19:51:03,0.0,1.01,760.0,0.0,1000.0,0.0
1105,2024-04-07 19:51:05,0.0,1.01,760.0,0.0,1000.0,0.0
1106,2024-04-07 19:51:09,0.0,1.01,760.0,0.0,1000.0,0.0
1107,2024-04-07 19:51:12,0.0,1.01,760.0,0.0,1000.0,0.0
1108,2024-04-07 19:51:15,0.0,1.01,760.0,0.0,1.33,1.01
1109,2024-04-07 19:51:19,0.0,1.01,760.0,0.0,1.33,1.01
1110,2024-04-07 19:51:22,0.0,1.01,760.0,0.0,1.33,1.01
1111,2024-04-07 19:51:26,0.0,1.01,760.0,0.0,1.33,1.01
1112,2024-04-07 19:51:30,0.0,1.01,760.0,0.0,1.33,1.01
1113,2024-04-07 19:51:33,0.0,1.01,760.0,0.0,1.33,1.01
1114,2024-04-07 19:51:36,0.0,1.01,760.0,0.0,1.33,1.01
1115,2024-04-07 19:51:39,0.0,1.01,760.0,0.0,1.33,1.01
1116,2024-04-07 19:51:43,0.0,1.01,760.0,0.0,1.33,1.01
1117,2024-04-07 19:51:46,0.0,1.01,760.0,0.0,1.33,1.01
1118,2024-04-07 19:51:49,0.0,1.01,760.0,0.0,1.33,1.01
1119,2024-04-07 19:51:53,0.0,1.01,760.0,0.0,1.33,1.01
1120,2024-04-07 19:51:56,0.0,1.01,760.0,0.0,1.33,1.01
1121,2024-04-07 19:52:00,0.0,1.01,760.0,0.0,1.33,1.01
1122,2024-04-07 19:52:03,0.0,1.01,760.0,0.0,1.33,1.01
1123,2024-04-07 19:52:07,0.0,1.01,760.0,0.0,1.33,1.01
1124,2024-04-07 19:52:11,0.0,1.01,760.0,0.0,1.33,1.01
1125,2024-04-07 19:52:14,0.0,1.01,760.0,0.0,1.33,1.01
1126,2024-04-07 19:52:18,0.0,1.01,760.0,0.0,1.33,1.01
1127,2024-04-07 19:52:21,0.0,1.01,760.0,0.0,1.33,1.01
1128,2024-04-07 19:52:25,0.0,1.01,760.0,0.0,1.33,1.01
1129,2024-04-07 19:52:29,0.0,1.01,760.0,0.0,1.33,1.01
1130,2024-04-07 19:52:32,0.0,1.01,760.0,0.0,1.33,1.01
1131,2024-04-07 19:52:36,0.0,1.01,760.0,0.0,1.33,1.01
1132,2024-04-07 19:52:39,0.0,1.01,760.0,0.0,1.33,1.01
1133,2024-04-07 19:52:43,0.0,1.01,760.0,0.0,1.33,1.01
1134,2024-04-07 19:52:46,0.0,1.01,760.0,0.0,1.33,1.01
1135,2024-04-07 19:52:50,0.0,1.01,760.0,0.0,1.33,1.01
1136,2024-04-07 19:52:54,0.0,1.01,1.33,0.0,1.33,0.0
1137,2024-04-07 19:52:57,0.0,1.01,1.33,0.0,1.33,0.0
1138,2024-04-07 19:53:00,0.0,1.01,1.33,0.0,1.33,0.0
1139,2024-04-07 19:53:03,0.0,1.01,1.33,0.0,1.33,0.0
1140,2024-04-07 19:53:06,0.0,1.01,1.33,0.0,1.33,0.0
1141,2024-04-07 19:53:10,0.0,1.01,1.33,0.0,1.33,0.0
1142,2024-04-07 19:53:13,0.0,1.01,1.33,0.0,1.33,0.0
1143,2024-04-07 19:53:17,0.0,1.01,1.33,0.0,1.33,0.0
1144,2024-04-07 19:53:20,0.0,1.01,1.33,0.0,1.33,0.0
1145,2024-04-07 19:53:23,0.0,1.01,1.33,0.0,1.33,0.0
1146,2024-04-07 19:53:27,0.0,1.01,1.33,0.0,1.33,0.0
1147,2024-04-07 19:53:31,0.0,1.01,1.33,0.0,1.33,0.0
1148,2024-04-07 19:53:35,0.0,1.01,1.33,0.0,1.33,0.0
1149,2024-04-07 19:53:38,0.0,1.01,1.33,0.0,1.33,0.0
1150,2024-04-07 19:53:42,0.0,1.01,1.33,0.0,1.33,0.0
1151,2024-04-07 19:53:45,0.0,1.01,1.33,0.0,1.33,0.0
1152,2024-04-07 19:53:49,0.0,1.01,1.33,0.0,1.33,0.0
1153,2024-04-07 19:53:52,0.0,1.01,1.33,0.0,1.33,0.0
1154,2024-04-07 19:53:55,0.0,1.01,1.33,0.0,1.33,0.0
1155,2024-04-07 19:53:59,0.0,1.01,1.33,0.0,1.33,0.0
1156,2024-04-07 19:54:03,0.0,1.01,1.33,0.0,1.33,0.0
1157,2024-04-07 19:54:06,0.0,1.01,1.33,0.0,1.33,0.0
1158,2024-04-07 19:54:10,0.0,1.01,1.33,0.0,1.33,0.0
1159,2024-04-07 19:54:13,0.0,1.01,1.33,0.0,1.33,0.0
1160,2024-04-07 19:54:17,0.0,1.01,1.33,0.0,1.33,0.0
1161,2024-04-07 19:54:20,0.0,1.01,1.33,0.0,1.33,0.0
1162,2024-04-07 19:54:23,0.0,1.01,1.33,0.0,1.33,0.0
1163,2024-04-07 19:54:27,0.0,1.01,1.33,0.0,1.33,0.0
1164,2024-04-07 19:54:30,0.0,1.01,1.33,0.0,1.33,0.0
1165,2024-04-07 19:54:34,0.0,1.01,1.33,0.0,1.33,0.0
1166,2024-04-07 19:54:38,0.0,1.01,1.33,0.0,1.33,0.0
1167,2024-04-07 19:54:41,0.0,1.01,1.33,0.0,1.33,0.0
1168,2024-04-07 19:54:45,0.0,1.01,1.33,0.0,1.33,0.0
1169,2024-04-07 19:54:48,0.0,1.01,1.33,0.0,1.33,0.0
1170,2024-04-07 19:54:52,0.0,1.01,1.33,0.0,1.33,0.0
1171,2024-04-07 19:54:55,0.0,1.01,1.33,0.0,1.33,0.0
1172,2024-04-07 19:54:59,0.0,1.01,1.33,0.0,1.33,0.0
1173,2024-04-07 19:55:02,0.0,1.01,1.33,0.0,1.33,0.0
1174,2024-04-07 19:55:06,0.0,1.01,1.33,0.0,1.33,0.0
1175,2024-04-07 19:55:10,0.0,1.01,1.33,0.0,1.33,0.0
1176,2024-04-07 19:55:13,0.0,1.01,1.33,0.0,1.33,0.0
1177,2024-04-07 19:55:17,0.0,1.01,1.33,0.0,1.33,0.0
1178,2024-04-07 19:55:20,0.0,1.01,1.33,0.0,1.33,0.0
1179,2024-04-07 19:55:23,0.0,1.01,1.33,0.0,1.33,0.0
1180,2024-04-07 19:55:27,0.0,1.01,1.33,0.0,1.33,0.0
1181,2024-04-07 19:55:31,0.0,1.01,1.33,0.0,1.33,0.0
1182,2024-04-07 19:55:33,0.0,1.01,1.33,0.0,1.33,0.0
1183,2024-04-07 19:55:37,0.0,1.01,1.33,0.0,1.33,0.0
1184,2024-04-07 19:55:40,0.0,1.01,1.33,0.0,1.33,0.0
1185,2024-04-07 19:55:43,0.0,1.01,1.33,0.0,1.33,0.0
1186,2024-04-07 19:55:46,0.0,1.01,1.33,0.0,1.33,0.0
1187,2024-04-07 19:55:49,0.0,1.01,1.33,0.0,1.33,0.0
1188,2024-04-07 19:55:52,0.0,1.01,1.33,0.0,1.33,0.0
1189,2024-04-07 19:55:55,0.0,1.01,1.33,0.0,1.33,0.0
1190,2024-04-07 19:55:59,0.0,1.01,1.33,0.0,1.33,0.0
1191,2024-04-07 19:56:02,0.0,1.01,1.33,0.0,1.33,0.0
1192,2024-04-07 19:56:06,0.0,1.01,1.33,0.0,1.33,0.0
1193,2024-04-07 19:56:10,0.0,1.01,1.33,0.0,1.33,0.0
1194,2024-04-07 19:56:13,0.0,1.01,1.33,0.0,1.33,0.0
1195,2024-04-07 19:56:17,0.0,1.01,1.33,0.0,1.33,0.0
1196,2024-04-07 19:56:20,0.0,1.01,1.33,0.0,1.33,0.0
1197,2024-04-07 19:56:24,0.0,1.01,1.33,0.0,1.33,0.0
1198,2024-04-07 19:56:27,0.0,1.01,1.33,0.0,1.33,0.0
1199,2024-04-07 19:56:31,0.0,1.01,1.33,0.0,1.33,0.0
1200,2024-04-07 19:56:34,0.0,1.01,1.33,0.0,1.33,0.0
1201,2024-04-07 19:56:38,0.0,1.01,1.33,0.0,1.33,0.0
1202,2024-04-07 19:56:41,0.0,1.01,1.33,0.0,1.33,0.0
1203,2024-04-07 19:56:45,0.0,1.01,1.33,0.0,1.33,0.0
1204,2024-04-07 19:56:48,0.0,990.0,0.0,0.0,0.0,0.0
1205,2024-04-07 19:56:51,0.0,990.0,0.0,0.0,0.0,0.0
1206,2024-04-07 19:56:54,0.0,990.0,0.0,0.0,0.0,0.0
1207,2024-04-07 19:56:57,0.0,990.0,0.0,0.0,0.0,0.0
1208,2024-04-07 19:57:00,0.0,990.0,0.0,0.0,0.0,0.0
1209,2024-04-07 19:57:03,0.0,990.0,0.0,0.0,0.0,0.0
1210,2024-04-07 19:57:06,0.0,990.0,0.0,0.0,0.0,0.0
1211,2024-04-07 19:57:09,0.0,990.0,0.0,0.0,0.0,0.0
1212,2024-04-07 19:57:13,0.0,990.0,0.0,0.0,0.0,0.0
1213,2024-04-07 19:57:16,0.0,990.0,0.0,0.0,0.0,0.0
1214,2024-04-07 19:57:20,0.0,990.0,0.0,0.0,0.0,0.0
1215,2024-04-07 19:57:23,0.0,990.0,0.0,0.0,0.0,0.0
1216,2024-04-07 19:57:26,0.0,990.0,0.0,0.0,0.0,0.0
1217,2024-04-07 19:57:30,0.0,990.0,0.0,0.0,0.0,0.0
1218,2024-04-07 19:57:33,0.0,990.0,0.0,0.0,0.0,0.0
1219,2024-04-07 19:57:37,0.0,990.0,0.0,0.0,0.0,0.0
1220,2024-04-07 19:57:40,0.0,990.0,0.0,0.0,0.0,0.0
1221,2024-04-07 19:57:42,0.0,990.0,0.0,0.0,0.0,0.0
1222,2024-04-07 19:57:46,0.0,990.0,0.0,0.0,0.0,0.0
1223,2024-04-07 19:57:49,0.0,990.0,0.0,0.0,0.0,0.0
1224,2024-04-07 19:57:53,0.0,990.0,0.0,0.0,0.0,0.0
1225,2024-04-07 19:57:57,0.0,990.0,0.0,0.0,0.0,0.0
1226,2024-04-07 19:58:01,0.0,990.0,0.0,0.0,0.0,0.0
1227,2024-04-07 19:58:04,0.0,990.0,0.0,0.0,0.0,0.0
1228,2024-04-07 19:58:08,0.0,990.0,0.0,0.0,0.0,0.0
1229,2024-04-07 19:58:11,0.0,990.0,0.0,0.0,0.0,0.0
1230,2024-04-07 19:58:15,0.0,990.0,0.0,0.0,0.0,0.0
1231,2024-04-07 19:58:18,0.0,990.0,0.0,0.0,0.0,0.0
1232,2024-04-07 19:58:22,0.0,990.0,0.0,0.0,0.0,0.0
1233,2024-04-07 19:58:26,0.0,990.0,0.0,0.0,0.0,0.0
1234,2024-04-07 19:58:30,0.0,0.0,0.0,0.0,0.0,0.0
1235,2024-04-07 19:58:33,0.0,0.0,0.0,0.0,0.0,0.0
1236,2024-04-07 19:58:37,0.0,0.0,0.0,0.0,0.0,0.0
1237,2024-04-07 19:58:40,0.0,0.0,0.0,0.0,0.0,0.0
1238,2024-04-07 19:58:43,0.0,0.0,0.0,0.0,0.0,0.0
1239,2024-04-07 19:58:47,0.0,0.0,0.0,0.0,0.0,0.0
1240,2024-04-07 19:58:50,0.0,0.0,0.0,0.0,0.0,0.0
1241,2024-04-07 19:58:54,0.0,0.0,0.0,0.0,0.0,0.0
1242,2024-04-07 19:58:57,0.0,0.0,0.0,0.0,0.0,0.0
1243,2024-04-07 19:59:01,0.0,0.0,0.0,0.0,0.0,0.0
1244,2024-04-07 19:59:05,0.0,0.0,0.0,0.0,0.0,0.0
1245,2024-04-07 19:59:08,0.0,0.0,0.0,0.0,0.0,0.0
1246,2024-04-07 19:59:11,0.0,0.0,0.0,0.0,0.0,0.0
1247,2024-04-07 19:59:15,0.0,0.0,0.0,0.0,0.0,0.0
